装备类别,equipment_id,名称,career,职业,quality_tier,品质,部位,底材/基础装备ID,元素,技能/被动/效果ID,核心技能ID,套装ID,来源
主武器,1000001,剑,1,战士,1,白（灰）/凡品,主武器槽,1100001,2,1,0,,src/conf/conf_weapon_primary.erl:37
主武器,1000002,权杖,2,牧师,1,白（灰）/凡品,主武器槽,1100002,0,5,0,,src/conf/conf_weapon_primary.erl:64
主武器,1000003,弓,3,游侠,1,白（灰）/凡品,主武器槽,1100003,3,3,0,,src/conf/conf_weapon_primary.erl:91
主武器,1001001,极·炎息,1,战士,6,红/不朽,主武器槽,1101001,2,2,0,,src/conf/conf_weapon_primary.erl:118
主武器,1002001,极·撒利的电泵,2,牧师,6,红/不朽,主武器槽,1102001,1,6,0,,src/conf/conf_weapon_primary.erl:145
主武器,1003001,极·苏醒者耶梦加得,3,游侠,6,红/不朽,主武器槽,1103001,3,4,0,,src/conf/conf_weapon_primary.erl:172
主武器,1040001,破损的剑,0,全职业,2,蓝/精良,主武器槽,40001,0,40001,0,,src/conf/conf_weapon_primary.erl:199
主武器,1040002,香蕉,0,全职业,2,蓝/精良,主武器槽,40002,3,40002,0,,src/conf/conf_weapon_primary.erl:226
主武器,1040003,小型星镖,0,全职业,2,蓝/精良,主武器槽,40003,0,40003,0,,src/conf/conf_weapon_primary.erl:253
主武器,1040004,铁权杖,0,全职业,2,蓝/精良,主武器槽,40004,0,40004,0,,src/conf/conf_weapon_primary.erl:280
主武器,1040005,木制权杖,0,全职业,2,蓝/精良,主武器槽,40005,0,40005,0,,src/conf/conf_weapon_primary.erl:307
主武器,1040006,精钢长剑,0,全职业,3,紫/稀世,主武器槽,40006,0,40006,0,,src/conf/conf_weapon_primary.erl:334
主武器,1040007,鱼骨,0,全职业,3,紫/稀世,主武器槽,40007,3,40007,0,,src/conf/conf_weapon_primary.erl:361
主武器,1040008,风行星镖,0,全职业,3,紫/稀世,主武器槽,40008,3,40008,0,,src/conf/conf_weapon_primary.erl:388
主武器,1040009,奥能权杖,0,全职业,3,紫/稀世,主武器槽,40009,0,40009,0,,src/conf/conf_weapon_primary.erl:415
主武器,1040010,水灵权杖,0,全职业,3,紫/稀世,主武器槽,40010,1,40010,0,,src/conf/conf_weapon_primary.erl:442
主武器,1040011,秘银大剑,0,全职业,4,橙/传说,主武器槽,40011,0,40011,0,,src/conf/conf_weapon_primary.erl:469
主武器,1040012,樱花,0,全职业,4,橙/传说,主武器槽,40012,0,40012,0,,src/conf/conf_weapon_primary.erl:496
主武器,1040013,曜光星镖,0,全职业,4,橙/传说,主武器槽,40013,0,40013,0,,src/conf/conf_weapon_primary.erl:523
主武器,1040014,翠晶权杖,0,全职业,4,橙/传说,主武器槽,40014,0,40014,0,,src/conf/conf_weapon_primary.erl:550
主武器,1040015,星辉权杖,0,全职业,4,橙/传说,主武器槽,40015,0,40015,0,,src/conf/conf_weapon_primary.erl:577
主武器,1040016,炎息,1,战士,5,黄/神铸,主武器槽,40016,2,2,0,,src/conf/conf_weapon_primary.erl:604
主武器,1040017,撒利的电泵,2,牧师,5,黄/神铸,主武器槽,40017,1,6,0,,src/conf/conf_weapon_primary.erl:631
主武器,1040018,苏醒者耶梦加得,3,游侠,5,黄/神铸,主武器槽,40018,3,4,0,,src/conf/conf_weapon_primary.erl:658
主武器,1040019,炽天之刃（TEST待删）,1,战士,6,红/不朽,主武器槽,40019,2,2,0,,src/conf/conf_weapon_primary.erl:685
主武器,1040020,轰雷圣槌（TEST待删）,2,牧师,6,红/不朽,主武器槽,40020,1,6,0,,src/conf/conf_weapon_primary.erl:712
主武器,1040021,蚀界魔弓（TEST待删）,3,游侠,6,红/不朽,主武器槽,40021,3,4,0,,src/conf/conf_weapon_primary.erl:739
副武器,1200001,（conf_item 未配置）,0,全职业,4,橙/传说,副武器槽,1200001,,12110,,0,src/conf/conf_weapon_secondary.erl:37
防具,3000001,启程头盔,0,全职业,1,白（灰）/凡品,槽位104,3000001,,0,,0,src/conf/conf_armor.erl:37
防具,3000002,启程头盔,0,全职业,1,白（灰）/凡品,槽位104,3000002,,0,,0,src/conf/conf_armor.erl:55
防具,3000003,启程头盔,0,全职业,1,白（灰）/凡品,槽位104,3000003,,0,,0,src/conf/conf_armor.erl:73
防具,3000004,启程头盔,0,全职业,1,白（灰）/凡品,槽位104,3000004,,0,,0,src/conf/conf_armor.erl:91
防具,3000005,启程头盔,0,全职业,1,白（灰）/凡品,槽位104,3000005,,0,,0,src/conf/conf_armor.erl:109
防具,3000006,启程头盔,0,全职业,1,白（灰）/凡品,槽位104,3000006,,0,,0,src/conf/conf_armor.erl:127
防具,3000007,启程头盔,0,全职业,1,白（灰）/凡品,槽位104,3000007,,0,,0,src/conf/conf_armor.erl:145
防具,3000008,启程头盔,0,全职业,1,白（灰）/凡品,槽位104,3000008,,0,,0,src/conf/conf_armor.erl:163
防具,3000009,启程头盔,0,全职业,1,白（灰）/凡品,槽位104,3000009,,0,,0,src/conf/conf_armor.erl:181
防具,3000010,启程头盔,0,全职业,1,白（灰）/凡品,槽位104,3000010,,0,,0,src/conf/conf_armor.erl:199
防具,3000011,寻路头盔,0,全职业,1,白（灰）/凡品,槽位104,3000011,,0,,0,src/conf/conf_armor.erl:217
防具,3000012,寻路头盔,0,全职业,1,白（灰）/凡品,槽位104,3000012,,0,,0,src/conf/conf_armor.erl:235
防具,3000013,寻路头盔,0,全职业,1,白（灰）/凡品,槽位104,3000013,,0,,0,src/conf/conf_armor.erl:253
防具,3000014,寻路头盔,0,全职业,1,白（灰）/凡品,槽位104,3000014,,0,,0,src/conf/conf_armor.erl:271
防具,3000015,寻路头盔,0,全职业,1,白（灰）/凡品,槽位104,3000015,,0,,0,src/conf/conf_armor.erl:289
防具,3000016,寻路头盔,0,全职业,1,白（灰）/凡品,槽位104,3000016,,0,,0,src/conf/conf_armor.erl:307
防具,3000017,寻路头盔,0,全职业,1,白（灰）/凡品,槽位104,3000017,,0,,0,src/conf/conf_armor.erl:325
防具,3000018,寻路头盔,0,全职业,1,白（灰）/凡品,槽位104,3000018,,0,,0,src/conf/conf_armor.erl:343
防具,3000019,寻路头盔,0,全职业,1,白（灰）/凡品,槽位104,3000019,,0,,0,src/conf/conf_armor.erl:361
防具,3000020,寻路头盔,0,全职业,1,白（灰）/凡品,槽位104,3000020,,0,,0,src/conf/conf_armor.erl:379
防具,3000021,远行头盔,0,全职业,1,白（灰）/凡品,槽位104,3000021,,0,,0,src/conf/conf_armor.erl:397
防具,3000022,远行头盔,0,全职业,1,白（灰）/凡品,槽位104,3000022,,0,,0,src/conf/conf_armor.erl:415
防具,3000023,远行头盔,0,全职业,1,白（灰）/凡品,槽位104,3000023,,0,,0,src/conf/conf_armor.erl:433
防具,3000024,远行头盔,0,全职业,1,白（灰）/凡品,槽位104,3000024,,0,,0,src/conf/conf_armor.erl:451
防具,3000025,远行头盔,0,全职业,1,白（灰）/凡品,槽位104,3000025,,0,,0,src/conf/conf_armor.erl:469
防具,3000026,远行头盔,0,全职业,1,白（灰）/凡品,槽位104,3000026,,0,,0,src/conf/conf_armor.erl:487
防具,3000027,远行头盔,0,全职业,1,白（灰）/凡品,槽位104,3000027,,0,,0,src/conf/conf_armor.erl:505
防具,3000028,远行头盔,0,全职业,1,白（灰）/凡品,槽位104,3000028,,0,,0,src/conf/conf_armor.erl:523
防具,3000029,远行头盔,0,全职业,1,白（灰）/凡品,槽位104,3000029,,0,,0,src/conf/conf_armor.erl:541
防具,3000030,远行头盔,0,全职业,1,白（灰）/凡品,槽位104,3000030,,0,,0,src/conf/conf_armor.erl:559
防具,3000031,拓荒头盔,0,全职业,1,白（灰）/凡品,槽位104,3000031,,0,,0,src/conf/conf_armor.erl:577
防具,3000032,拓荒头盔,0,全职业,1,白（灰）/凡品,槽位104,3000032,,0,,0,src/conf/conf_armor.erl:595
防具,3000033,拓荒头盔,0,全职业,1,白（灰）/凡品,槽位104,3000033,,0,,0,src/conf/conf_armor.erl:613
防具,3000034,拓荒头盔,0,全职业,1,白（灰）/凡品,槽位104,3000034,,0,,0,src/conf/conf_armor.erl:631
防具,3000035,拓荒头盔,0,全职业,1,白（灰）/凡品,槽位104,3000035,,0,,0,src/conf/conf_armor.erl:649
防具,3000036,拓荒头盔,0,全职业,1,白（灰）/凡品,槽位104,3000036,,0,,0,src/conf/conf_armor.erl:667
防具,3000037,拓荒头盔,0,全职业,1,白（灰）/凡品,槽位104,3000037,,0,,0,src/conf/conf_armor.erl:685
防具,3000038,拓荒头盔,0,全职业,1,白（灰）/凡品,槽位104,3000038,,0,,0,src/conf/conf_armor.erl:703
防具,3000039,拓荒头盔,0,全职业,1,白（灰）/凡品,槽位104,3000039,,0,,0,src/conf/conf_armor.erl:721
防具,3000040,拓荒头盔,0,全职业,1,白（灰）/凡品,槽位104,3000040,,0,,0,src/conf/conf_armor.erl:739
防具,3000041,拓荒头盔,0,全职业,1,白（灰）/凡品,槽位104,3000041,,0,,0,src/conf/conf_armor.erl:757
防具,3000042,拓荒头盔,0,全职业,1,白（灰）/凡品,槽位104,3000042,,0,,0,src/conf/conf_armor.erl:775
防具,3000043,拓荒头盔,0,全职业,1,白（灰）/凡品,槽位104,3000043,,0,,0,src/conf/conf_armor.erl:793
防具,3000044,拓荒头盔,0,全职业,1,白（灰）/凡品,槽位104,3000044,,0,,0,src/conf/conf_armor.erl:811
防具,3000045,拓荒头盔,0,全职业,1,白（灰）/凡品,槽位104,3000045,,0,,0,src/conf/conf_armor.erl:829
防具,3000046,拓荒头盔,0,全职业,1,白（灰）/凡品,槽位104,3000046,,0,,0,src/conf/conf_armor.erl:847
防具,3000047,拓荒头盔,0,全职业,1,白（灰）/凡品,槽位104,3000047,,0,,0,src/conf/conf_armor.erl:865
防具,3000048,拓荒头盔,0,全职业,1,白（灰）/凡品,槽位104,3000048,,0,,0,src/conf/conf_armor.erl:883
防具,3000049,拓荒头盔,0,全职业,1,白（灰）/凡品,槽位104,3000049,,0,,0,src/conf/conf_armor.erl:901
防具,3000050,拓荒头盔,0,全职业,1,白（灰）/凡品,槽位104,3000050,,0,,0,src/conf/conf_armor.erl:919
防具,3000051,远征头盔,0,全职业,1,白（灰）/凡品,槽位104,3000051,,0,,0,src/conf/conf_armor.erl:937
防具,3000052,远征头盔,0,全职业,1,白（灰）/凡品,槽位104,3000052,,0,,0,src/conf/conf_armor.erl:955
防具,3000053,远征头盔,0,全职业,1,白（灰）/凡品,槽位104,3000053,,0,,0,src/conf/conf_armor.erl:973
防具,3000054,远征头盔,0,全职业,1,白（灰）/凡品,槽位104,3000054,,0,,0,src/conf/conf_armor.erl:991
防具,3000055,远征头盔,0,全职业,1,白（灰）/凡品,槽位104,3000055,,0,,0,src/conf/conf_armor.erl:1009
防具,3000056,远征头盔,0,全职业,1,白（灰）/凡品,槽位104,3000056,,0,,0,src/conf/conf_armor.erl:1027
防具,3000057,远征头盔,0,全职业,1,白（灰）/凡品,槽位104,3000057,,0,,0,src/conf/conf_armor.erl:1045
防具,3000058,远征头盔,0,全职业,1,白（灰）/凡品,槽位104,3000058,,0,,0,src/conf/conf_armor.erl:1063
防具,3000059,远征头盔,0,全职业,1,白（灰）/凡品,槽位104,3000059,,0,,0,src/conf/conf_armor.erl:1081
防具,3000060,远征头盔,0,全职业,1,白（灰）/凡品,槽位104,3000060,,0,,0,src/conf/conf_armor.erl:1099
防具,3000061,远征头盔,0,全职业,1,白（灰）/凡品,槽位104,3000061,,0,,0,src/conf/conf_armor.erl:1117
防具,3000062,远征头盔,0,全职业,1,白（灰）/凡品,槽位104,3000062,,0,,0,src/conf/conf_armor.erl:1135
防具,3000063,远征头盔,0,全职业,1,白（灰）/凡品,槽位104,3000063,,0,,0,src/conf/conf_armor.erl:1153
防具,3000064,远征头盔,0,全职业,1,白（灰）/凡品,槽位104,3000064,,0,,0,src/conf/conf_armor.erl:1171
防具,3000065,远征头盔,0,全职业,1,白（灰）/凡品,槽位104,3000065,,0,,0,src/conf/conf_armor.erl:1189
防具,3000066,远征头盔,0,全职业,1,白（灰）/凡品,槽位104,3000066,,0,,0,src/conf/conf_armor.erl:1207
防具,3000067,远征头盔,0,全职业,1,白（灰）/凡品,槽位104,3000067,,0,,0,src/conf/conf_armor.erl:1225
防具,3000068,远征头盔,0,全职业,1,白（灰）/凡品,槽位104,3000068,,0,,0,src/conf/conf_armor.erl:1243
防具,3000069,远征头盔,0,全职业,1,白（灰）/凡品,槽位104,3000069,,0,,0,src/conf/conf_armor.erl:1261
防具,3000070,远征头盔,0,全职业,1,白（灰）/凡品,槽位104,3000070,,0,,0,src/conf/conf_armor.erl:1279
防具,3000071,破境头盔,0,全职业,1,白（灰）/凡品,槽位104,3000071,,0,,0,src/conf/conf_armor.erl:1297
防具,3000072,破境头盔,0,全职业,1,白（灰）/凡品,槽位104,3000072,,0,,0,src/conf/conf_armor.erl:1315
防具,3000073,破境头盔,0,全职业,1,白（灰）/凡品,槽位104,3000073,,0,,0,src/conf/conf_armor.erl:1333
防具,3000074,破境头盔,0,全职业,1,白（灰）/凡品,槽位104,3000074,,0,,0,src/conf/conf_armor.erl:1351
防具,3000075,破境头盔,0,全职业,1,白（灰）/凡品,槽位104,3000075,,0,,0,src/conf/conf_armor.erl:1369
防具,3000076,破境头盔,0,全职业,1,白（灰）/凡品,槽位104,3000076,,0,,0,src/conf/conf_armor.erl:1387
防具,3000077,破境头盔,0,全职业,1,白（灰）/凡品,槽位104,3000077,,0,,0,src/conf/conf_armor.erl:1405
防具,3000078,破境头盔,0,全职业,1,白（灰）/凡品,槽位104,3000078,,0,,0,src/conf/conf_armor.erl:1423
防具,3000079,破境头盔,0,全职业,1,白（灰）/凡品,槽位104,3000079,,0,,0,src/conf/conf_armor.erl:1441
防具,3000080,破境头盔,0,全职业,1,白（灰）/凡品,槽位104,3000080,,0,,0,src/conf/conf_armor.erl:1459
防具,3000081,破境头盔,0,全职业,1,白（灰）/凡品,槽位104,3000081,,0,,0,src/conf/conf_armor.erl:1477
防具,3000082,破境头盔,0,全职业,1,白（灰）/凡品,槽位104,3000082,,0,,0,src/conf/conf_armor.erl:1495
防具,3000083,破境头盔,0,全职业,1,白（灰）/凡品,槽位104,3000083,,0,,0,src/conf/conf_armor.erl:1513
防具,3000084,破境头盔,0,全职业,1,白（灰）/凡品,槽位104,3000084,,0,,0,src/conf/conf_armor.erl:1531
防具,3000085,破境头盔,0,全职业,1,白（灰）/凡品,槽位104,3000085,,0,,0,src/conf/conf_armor.erl:1549
防具,3000086,破境头盔,0,全职业,1,白（灰）/凡品,槽位104,3000086,,0,,0,src/conf/conf_armor.erl:1567
防具,3000087,破境头盔,0,全职业,1,白（灰）/凡品,槽位104,3000087,,0,,0,src/conf/conf_armor.erl:1585
防具,3000088,破境头盔,0,全职业,1,白（灰）/凡品,槽位104,3000088,,0,,0,src/conf/conf_armor.erl:1603
防具,3000089,破境头盔,0,全职业,1,白（灰）/凡品,槽位104,3000089,,0,,0,src/conf/conf_armor.erl:1621
防具,3000090,破境头盔,0,全职业,1,白（灰）/凡品,槽位104,3000090,,0,,0,src/conf/conf_armor.erl:1639
防具,3000091,启程披风,0,全职业,1,白（灰）/凡品,槽位105,3000091,,0,,0,src/conf/conf_armor.erl:1657
防具,3000092,启程披风,0,全职业,1,白（灰）/凡品,槽位105,3000092,,0,,0,src/conf/conf_armor.erl:1675
防具,3000093,启程披风,0,全职业,1,白（灰）/凡品,槽位105,3000093,,0,,0,src/conf/conf_armor.erl:1693
防具,3000094,启程披风,0,全职业,1,白（灰）/凡品,槽位105,3000094,,0,,0,src/conf/conf_armor.erl:1711
防具,3000095,启程披风,0,全职业,1,白（灰）/凡品,槽位105,3000095,,0,,0,src/conf/conf_armor.erl:1729
防具,3000096,启程披风,0,全职业,1,白（灰）/凡品,槽位105,3000096,,0,,0,src/conf/conf_armor.erl:1747
防具,3000097,启程披风,0,全职业,1,白（灰）/凡品,槽位105,3000097,,0,,0,src/conf/conf_armor.erl:1765
防具,3000098,启程披风,0,全职业,1,白（灰）/凡品,槽位105,3000098,,0,,0,src/conf/conf_armor.erl:1783
防具,3000099,启程披风,0,全职业,1,白（灰）/凡品,槽位105,3000099,,0,,0,src/conf/conf_armor.erl:1801
防具,3000100,启程披风,0,全职业,1,白（灰）/凡品,槽位105,3000100,,0,,0,src/conf/conf_armor.erl:1819
防具,3000101,寻路披风,0,全职业,1,白（灰）/凡品,槽位105,3000101,,0,,0,src/conf/conf_armor.erl:1837
防具,3000102,寻路披风,0,全职业,1,白（灰）/凡品,槽位105,3000102,,0,,0,src/conf/conf_armor.erl:1855
防具,3000103,寻路披风,0,全职业,1,白（灰）/凡品,槽位105,3000103,,0,,0,src/conf/conf_armor.erl:1873
防具,3000104,寻路披风,0,全职业,1,白（灰）/凡品,槽位105,3000104,,0,,0,src/conf/conf_armor.erl:1891
防具,3000105,寻路披风,0,全职业,1,白（灰）/凡品,槽位105,3000105,,0,,0,src/conf/conf_armor.erl:1909
防具,3000106,寻路披风,0,全职业,1,白（灰）/凡品,槽位105,3000106,,0,,0,src/conf/conf_armor.erl:1927
防具,3000107,寻路披风,0,全职业,1,白（灰）/凡品,槽位105,3000107,,0,,0,src/conf/conf_armor.erl:1945
防具,3000108,寻路披风,0,全职业,1,白（灰）/凡品,槽位105,3000108,,0,,0,src/conf/conf_armor.erl:1963
防具,3000109,寻路披风,0,全职业,1,白（灰）/凡品,槽位105,3000109,,0,,0,src/conf/conf_armor.erl:1981
防具,3000110,寻路披风,0,全职业,1,白（灰）/凡品,槽位105,3000110,,0,,0,src/conf/conf_armor.erl:1999
防具,3000111,远行披风,0,全职业,1,白（灰）/凡品,槽位105,3000111,,0,,0,src/conf/conf_armor.erl:2017
防具,3000112,远行披风,0,全职业,1,白（灰）/凡品,槽位105,3000112,,0,,0,src/conf/conf_armor.erl:2035
防具,3000113,远行披风,0,全职业,1,白（灰）/凡品,槽位105,3000113,,0,,0,src/conf/conf_armor.erl:2053
防具,3000114,远行披风,0,全职业,1,白（灰）/凡品,槽位105,3000114,,0,,0,src/conf/conf_armor.erl:2071
防具,3000115,远行披风,0,全职业,1,白（灰）/凡品,槽位105,3000115,,0,,0,src/conf/conf_armor.erl:2089
防具,3000116,远行披风,0,全职业,1,白（灰）/凡品,槽位105,3000116,,0,,0,src/conf/conf_armor.erl:2107
防具,3000117,远行披风,0,全职业,1,白（灰）/凡品,槽位105,3000117,,0,,0,src/conf/conf_armor.erl:2125
防具,3000118,远行披风,0,全职业,1,白（灰）/凡品,槽位105,3000118,,0,,0,src/conf/conf_armor.erl:2143
防具,3000119,远行披风,0,全职业,1,白（灰）/凡品,槽位105,3000119,,0,,0,src/conf/conf_armor.erl:2161
防具,3000120,远行披风,0,全职业,1,白（灰）/凡品,槽位105,3000120,,0,,0,src/conf/conf_armor.erl:2179
防具,3000121,拓荒披风,0,全职业,1,白（灰）/凡品,槽位105,3000121,,0,,0,src/conf/conf_armor.erl:2197
防具,3000122,拓荒披风,0,全职业,1,白（灰）/凡品,槽位105,3000122,,0,,0,src/conf/conf_armor.erl:2215
防具,3000123,拓荒披风,0,全职业,1,白（灰）/凡品,槽位105,3000123,,0,,0,src/conf/conf_armor.erl:2233
防具,3000124,拓荒披风,0,全职业,1,白（灰）/凡品,槽位105,3000124,,0,,0,src/conf/conf_armor.erl:2251
防具,3000125,拓荒披风,0,全职业,1,白（灰）/凡品,槽位105,3000125,,0,,0,src/conf/conf_armor.erl:2269
防具,3000126,拓荒披风,0,全职业,1,白（灰）/凡品,槽位105,3000126,,0,,0,src/conf/conf_armor.erl:2287
防具,3000127,拓荒披风,0,全职业,1,白（灰）/凡品,槽位105,3000127,,0,,0,src/conf/conf_armor.erl:2305
防具,3000128,拓荒披风,0,全职业,1,白（灰）/凡品,槽位105,3000128,,0,,0,src/conf/conf_armor.erl:2323
防具,3000129,拓荒披风,0,全职业,1,白（灰）/凡品,槽位105,3000129,,0,,0,src/conf/conf_armor.erl:2341
防具,3000130,拓荒披风,0,全职业,1,白（灰）/凡品,槽位105,3000130,,0,,0,src/conf/conf_armor.erl:2359
防具,3000131,拓荒披风,0,全职业,1,白（灰）/凡品,槽位105,3000131,,0,,0,src/conf/conf_armor.erl:2377
防具,3000132,拓荒披风,0,全职业,1,白（灰）/凡品,槽位105,3000132,,0,,0,src/conf/conf_armor.erl:2395
防具,3000133,拓荒披风,0,全职业,1,白（灰）/凡品,槽位105,3000133,,0,,0,src/conf/conf_armor.erl:2413
防具,3000134,拓荒披风,0,全职业,1,白（灰）/凡品,槽位105,3000134,,0,,0,src/conf/conf_armor.erl:2431
防具,3000135,拓荒披风,0,全职业,1,白（灰）/凡品,槽位105,3000135,,0,,0,src/conf/conf_armor.erl:2449
防具,3000136,拓荒披风,0,全职业,1,白（灰）/凡品,槽位105,3000136,,0,,0,src/conf/conf_armor.erl:2467
防具,3000137,拓荒披风,0,全职业,1,白（灰）/凡品,槽位105,3000137,,0,,0,src/conf/conf_armor.erl:2485
防具,3000138,拓荒披风,0,全职业,1,白（灰）/凡品,槽位105,3000138,,0,,0,src/conf/conf_armor.erl:2503
防具,3000139,拓荒披风,0,全职业,1,白（灰）/凡品,槽位105,3000139,,0,,0,src/conf/conf_armor.erl:2521
防具,3000140,拓荒披风,0,全职业,1,白（灰）/凡品,槽位105,3000140,,0,,0,src/conf/conf_armor.erl:2539
防具,3000141,远征披风,0,全职业,1,白（灰）/凡品,槽位105,3000141,,0,,0,src/conf/conf_armor.erl:2557
防具,3000142,远征披风,0,全职业,1,白（灰）/凡品,槽位105,3000142,,0,,0,src/conf/conf_armor.erl:2575
防具,3000143,远征披风,0,全职业,1,白（灰）/凡品,槽位105,3000143,,0,,0,src/conf/conf_armor.erl:2593
防具,3000144,远征披风,0,全职业,1,白（灰）/凡品,槽位105,3000144,,0,,0,src/conf/conf_armor.erl:2611
防具,3000145,远征披风,0,全职业,1,白（灰）/凡品,槽位105,3000145,,0,,0,src/conf/conf_armor.erl:2629
防具,3000146,远征披风,0,全职业,1,白（灰）/凡品,槽位105,3000146,,0,,0,src/conf/conf_armor.erl:2647
防具,3000147,远征披风,0,全职业,1,白（灰）/凡品,槽位105,3000147,,0,,0,src/conf/conf_armor.erl:2665
防具,3000148,远征披风,0,全职业,1,白（灰）/凡品,槽位105,3000148,,0,,0,src/conf/conf_armor.erl:2683
防具,3000149,远征披风,0,全职业,1,白（灰）/凡品,槽位105,3000149,,0,,0,src/conf/conf_armor.erl:2701
防具,3000150,远征披风,0,全职业,1,白（灰）/凡品,槽位105,3000150,,0,,0,src/conf/conf_armor.erl:2719
防具,3000151,远征披风,0,全职业,1,白（灰）/凡品,槽位105,3000151,,0,,0,src/conf/conf_armor.erl:2737
防具,3000152,远征披风,0,全职业,1,白（灰）/凡品,槽位105,3000152,,0,,0,src/conf/conf_armor.erl:2755
防具,3000153,远征披风,0,全职业,1,白（灰）/凡品,槽位105,3000153,,0,,0,src/conf/conf_armor.erl:2773
防具,3000154,远征披风,0,全职业,1,白（灰）/凡品,槽位105,3000154,,0,,0,src/conf/conf_armor.erl:2791
防具,3000155,远征披风,0,全职业,1,白（灰）/凡品,槽位105,3000155,,0,,0,src/conf/conf_armor.erl:2809
防具,3000156,远征披风,0,全职业,1,白（灰）/凡品,槽位105,3000156,,0,,0,src/conf/conf_armor.erl:2827
防具,3000157,远征披风,0,全职业,1,白（灰）/凡品,槽位105,3000157,,0,,0,src/conf/conf_armor.erl:2845
防具,3000158,远征披风,0,全职业,1,白（灰）/凡品,槽位105,3000158,,0,,0,src/conf/conf_armor.erl:2863
防具,3000159,远征披风,0,全职业,1,白（灰）/凡品,槽位105,3000159,,0,,0,src/conf/conf_armor.erl:2881
防具,3000160,远征披风,0,全职业,1,白（灰）/凡品,槽位105,3000160,,0,,0,src/conf/conf_armor.erl:2899
防具,3000161,破境披风,0,全职业,1,白（灰）/凡品,槽位105,3000161,,0,,0,src/conf/conf_armor.erl:2917
防具,3000162,破境披风,0,全职业,1,白（灰）/凡品,槽位105,3000162,,0,,0,src/conf/conf_armor.erl:2935
防具,3000163,破境披风,0,全职业,1,白（灰）/凡品,槽位105,3000163,,0,,0,src/conf/conf_armor.erl:2953
防具,3000164,破境披风,0,全职业,1,白（灰）/凡品,槽位105,3000164,,0,,0,src/conf/conf_armor.erl:2971
防具,3000165,破境披风,0,全职业,1,白（灰）/凡品,槽位105,3000165,,0,,0,src/conf/conf_armor.erl:2989
防具,3000166,破境披风,0,全职业,1,白（灰）/凡品,槽位105,3000166,,0,,0,src/conf/conf_armor.erl:3007
防具,3000167,破境披风,0,全职业,1,白（灰）/凡品,槽位105,3000167,,0,,0,src/conf/conf_armor.erl:3025
防具,3000168,破境披风,0,全职业,1,白（灰）/凡品,槽位105,3000168,,0,,0,src/conf/conf_armor.erl:3043
防具,3000169,破境披风,0,全职业,1,白（灰）/凡品,槽位105,3000169,,0,,0,src/conf/conf_armor.erl:3061
防具,3000170,破境披风,0,全职业,1,白（灰）/凡品,槽位105,3000170,,0,,0,src/conf/conf_armor.erl:3079
防具,3000171,破境披风,0,全职业,1,白（灰）/凡品,槽位105,3000171,,0,,0,src/conf/conf_armor.erl:3097
防具,3000172,破境披风,0,全职业,1,白（灰）/凡品,槽位105,3000172,,0,,0,src/conf/conf_armor.erl:3115
防具,3000173,破境披风,0,全职业,1,白（灰）/凡品,槽位105,3000173,,0,,0,src/conf/conf_armor.erl:3133
防具,3000174,破境披风,0,全职业,1,白（灰）/凡品,槽位105,3000174,,0,,0,src/conf/conf_armor.erl:3151
防具,3000175,破境披风,0,全职业,1,白（灰）/凡品,槽位105,3000175,,0,,0,src/conf/conf_armor.erl:3169
防具,3000176,破境披风,0,全职业,1,白（灰）/凡品,槽位105,3000176,,0,,0,src/conf/conf_armor.erl:3187
防具,3000177,破境披风,0,全职业,1,白（灰）/凡品,槽位105,3000177,,0,,0,src/conf/conf_armor.erl:3205
防具,3000178,破境披风,0,全职业,1,白（灰）/凡品,槽位105,3000178,,0,,0,src/conf/conf_armor.erl:3223
防具,3000179,破境披风,0,全职业,1,白（灰）/凡品,槽位105,3000179,,0,,0,src/conf/conf_armor.erl:3241
防具,3000180,破境披风,0,全职业,1,白（灰）/凡品,槽位105,3000180,,0,,0,src/conf/conf_armor.erl:3259
防具,3000181,启程胸甲,0,全职业,1,白（灰）/凡品,槽位106,3000181,,0,,0,src/conf/conf_armor.erl:3277
防具,3000182,启程胸甲,0,全职业,1,白（灰）/凡品,槽位106,3000182,,0,,0,src/conf/conf_armor.erl:3295
防具,3000183,启程胸甲,0,全职业,1,白（灰）/凡品,槽位106,3000183,,0,,0,src/conf/conf_armor.erl:3313
防具,3000184,启程胸甲,0,全职业,1,白（灰）/凡品,槽位106,3000184,,0,,0,src/conf/conf_armor.erl:3331
防具,3000185,启程胸甲,0,全职业,1,白（灰）/凡品,槽位106,3000185,,0,,0,src/conf/conf_armor.erl:3349
防具,3000186,启程胸甲,0,全职业,1,白（灰）/凡品,槽位106,3000186,,0,,0,src/conf/conf_armor.erl:3367
防具,3000187,启程胸甲,0,全职业,1,白（灰）/凡品,槽位106,3000187,,0,,0,src/conf/conf_armor.erl:3385
防具,3000188,启程胸甲,0,全职业,1,白（灰）/凡品,槽位106,3000188,,0,,0,src/conf/conf_armor.erl:3403
防具,3000189,启程胸甲,0,全职业,1,白（灰）/凡品,槽位106,3000189,,0,,0,src/conf/conf_armor.erl:3421
防具,3000190,启程胸甲,0,全职业,1,白（灰）/凡品,槽位106,3000190,,0,,0,src/conf/conf_armor.erl:3439
防具,3000191,寻路胸甲,0,全职业,1,白（灰）/凡品,槽位106,3000191,,0,,0,src/conf/conf_armor.erl:3457
防具,3000192,寻路胸甲,0,全职业,1,白（灰）/凡品,槽位106,3000192,,0,,0,src/conf/conf_armor.erl:3475
防具,3000193,寻路胸甲,0,全职业,1,白（灰）/凡品,槽位106,3000193,,0,,0,src/conf/conf_armor.erl:3493
防具,3000194,寻路胸甲,0,全职业,1,白（灰）/凡品,槽位106,3000194,,0,,0,src/conf/conf_armor.erl:3511
防具,3000195,寻路胸甲,0,全职业,1,白（灰）/凡品,槽位106,3000195,,0,,0,src/conf/conf_armor.erl:3529
防具,3000196,寻路胸甲,0,全职业,1,白（灰）/凡品,槽位106,3000196,,0,,0,src/conf/conf_armor.erl:3547
防具,3000197,寻路胸甲,0,全职业,1,白（灰）/凡品,槽位106,3000197,,0,,0,src/conf/conf_armor.erl:3565
防具,3000198,寻路胸甲,0,全职业,1,白（灰）/凡品,槽位106,3000198,,0,,0,src/conf/conf_armor.erl:3583
防具,3000199,寻路胸甲,0,全职业,1,白（灰）/凡品,槽位106,3000199,,0,,0,src/conf/conf_armor.erl:3601
防具,3000200,寻路胸甲,0,全职业,1,白（灰）/凡品,槽位106,3000200,,0,,0,src/conf/conf_armor.erl:3619
防具,3000201,远行胸甲,0,全职业,1,白（灰）/凡品,槽位106,3000201,,0,,0,src/conf/conf_armor.erl:3637
防具,3000202,远行胸甲,0,全职业,1,白（灰）/凡品,槽位106,3000202,,0,,0,src/conf/conf_armor.erl:3655
防具,3000203,远行胸甲,0,全职业,1,白（灰）/凡品,槽位106,3000203,,0,,0,src/conf/conf_armor.erl:3673
防具,3000204,远行胸甲,0,全职业,1,白（灰）/凡品,槽位106,3000204,,0,,0,src/conf/conf_armor.erl:3691
防具,3000205,远行胸甲,0,全职业,1,白（灰）/凡品,槽位106,3000205,,0,,0,src/conf/conf_armor.erl:3709
防具,3000206,远行胸甲,0,全职业,1,白（灰）/凡品,槽位106,3000206,,0,,0,src/conf/conf_armor.erl:3727
防具,3000207,远行胸甲,0,全职业,1,白（灰）/凡品,槽位106,3000207,,0,,0,src/conf/conf_armor.erl:3745
防具,3000208,远行胸甲,0,全职业,1,白（灰）/凡品,槽位106,3000208,,0,,0,src/conf/conf_armor.erl:3763
防具,3000209,远行胸甲,0,全职业,1,白（灰）/凡品,槽位106,3000209,,0,,0,src/conf/conf_armor.erl:3781
防具,3000210,远行胸甲,0,全职业,1,白（灰）/凡品,槽位106,3000210,,0,,0,src/conf/conf_armor.erl:3799
防具,3000211,拓荒胸甲,0,全职业,1,白（灰）/凡品,槽位106,3000211,,0,,0,src/conf/conf_armor.erl:3817
防具,3000212,拓荒胸甲,0,全职业,1,白（灰）/凡品,槽位106,3000212,,0,,0,src/conf/conf_armor.erl:3835
防具,3000213,拓荒胸甲,0,全职业,1,白（灰）/凡品,槽位106,3000213,,0,,0,src/conf/conf_armor.erl:3853
防具,3000214,拓荒胸甲,0,全职业,1,白（灰）/凡品,槽位106,3000214,,0,,0,src/conf/conf_armor.erl:3871
防具,3000215,拓荒胸甲,0,全职业,1,白（灰）/凡品,槽位106,3000215,,0,,0,src/conf/conf_armor.erl:3889
防具,3000216,拓荒胸甲,0,全职业,1,白（灰）/凡品,槽位106,3000216,,0,,0,src/conf/conf_armor.erl:3907
防具,3000217,拓荒胸甲,0,全职业,1,白（灰）/凡品,槽位106,3000217,,0,,0,src/conf/conf_armor.erl:3925
防具,3000218,拓荒胸甲,0,全职业,1,白（灰）/凡品,槽位106,3000218,,0,,0,src/conf/conf_armor.erl:3943
防具,3000219,拓荒胸甲,0,全职业,1,白（灰）/凡品,槽位106,3000219,,0,,0,src/conf/conf_armor.erl:3961
防具,3000220,拓荒胸甲,0,全职业,1,白（灰）/凡品,槽位106,3000220,,0,,0,src/conf/conf_armor.erl:3979
防具,3000221,拓荒胸甲,0,全职业,1,白（灰）/凡品,槽位106,3000221,,0,,0,src/conf/conf_armor.erl:3997
防具,3000222,拓荒胸甲,0,全职业,1,白（灰）/凡品,槽位106,3000222,,0,,0,src/conf/conf_armor.erl:4015
防具,3000223,拓荒胸甲,0,全职业,1,白（灰）/凡品,槽位106,3000223,,0,,0,src/conf/conf_armor.erl:4033
防具,3000224,拓荒胸甲,0,全职业,1,白（灰）/凡品,槽位106,3000224,,0,,0,src/conf/conf_armor.erl:4051
防具,3000225,拓荒胸甲,0,全职业,1,白（灰）/凡品,槽位106,3000225,,0,,0,src/conf/conf_armor.erl:4069
防具,3000226,拓荒胸甲,0,全职业,1,白（灰）/凡品,槽位106,3000226,,0,,0,src/conf/conf_armor.erl:4087
防具,3000227,拓荒胸甲,0,全职业,1,白（灰）/凡品,槽位106,3000227,,0,,0,src/conf/conf_armor.erl:4105
防具,3000228,拓荒胸甲,0,全职业,1,白（灰）/凡品,槽位106,3000228,,0,,0,src/conf/conf_armor.erl:4123
防具,3000229,拓荒胸甲,0,全职业,1,白（灰）/凡品,槽位106,3000229,,0,,0,src/conf/conf_armor.erl:4141
防具,3000230,拓荒胸甲,0,全职业,1,白（灰）/凡品,槽位106,3000230,,0,,0,src/conf/conf_armor.erl:4159
防具,3000231,远征胸甲,0,全职业,1,白（灰）/凡品,槽位106,3000231,,0,,0,src/conf/conf_armor.erl:4177
防具,3000232,远征胸甲,0,全职业,1,白（灰）/凡品,槽位106,3000232,,0,,0,src/conf/conf_armor.erl:4195
防具,3000233,远征胸甲,0,全职业,1,白（灰）/凡品,槽位106,3000233,,0,,0,src/conf/conf_armor.erl:4213
防具,3000234,远征胸甲,0,全职业,1,白（灰）/凡品,槽位106,3000234,,0,,0,src/conf/conf_armor.erl:4231
防具,3000235,远征胸甲,0,全职业,1,白（灰）/凡品,槽位106,3000235,,0,,0,src/conf/conf_armor.erl:4249
防具,3000236,远征胸甲,0,全职业,1,白（灰）/凡品,槽位106,3000236,,0,,0,src/conf/conf_armor.erl:4267
防具,3000237,远征胸甲,0,全职业,1,白（灰）/凡品,槽位106,3000237,,0,,0,src/conf/conf_armor.erl:4285
防具,3000238,远征胸甲,0,全职业,1,白（灰）/凡品,槽位106,3000238,,0,,0,src/conf/conf_armor.erl:4303
防具,3000239,远征胸甲,0,全职业,1,白（灰）/凡品,槽位106,3000239,,0,,0,src/conf/conf_armor.erl:4321
防具,3000240,远征胸甲,0,全职业,1,白（灰）/凡品,槽位106,3000240,,0,,0,src/conf/conf_armor.erl:4339
防具,3000241,远征胸甲,0,全职业,1,白（灰）/凡品,槽位106,3000241,,0,,0,src/conf/conf_armor.erl:4357
防具,3000242,远征胸甲,0,全职业,1,白（灰）/凡品,槽位106,3000242,,0,,0,src/conf/conf_armor.erl:4375
防具,3000243,远征胸甲,0,全职业,1,白（灰）/凡品,槽位106,3000243,,0,,0,src/conf/conf_armor.erl:4393
防具,3000244,远征胸甲,0,全职业,1,白（灰）/凡品,槽位106,3000244,,0,,0,src/conf/conf_armor.erl:4411
防具,3000245,远征胸甲,0,全职业,1,白（灰）/凡品,槽位106,3000245,,0,,0,src/conf/conf_armor.erl:4429
防具,3000246,远征胸甲,0,全职业,1,白（灰）/凡品,槽位106,3000246,,0,,0,src/conf/conf_armor.erl:4447
防具,3000247,远征胸甲,0,全职业,1,白（灰）/凡品,槽位106,3000247,,0,,0,src/conf/conf_armor.erl:4465
防具,3000248,远征胸甲,0,全职业,1,白（灰）/凡品,槽位106,3000248,,0,,0,src/conf/conf_armor.erl:4483
防具,3000249,远征胸甲,0,全职业,1,白（灰）/凡品,槽位106,3000249,,0,,0,src/conf/conf_armor.erl:4501
防具,3000250,远征胸甲,0,全职业,1,白（灰）/凡品,槽位106,3000250,,0,,0,src/conf/conf_armor.erl:4519
防具,3000251,破境胸甲,0,全职业,1,白（灰）/凡品,槽位106,3000251,,0,,0,src/conf/conf_armor.erl:4537
防具,3000252,破境胸甲,0,全职业,1,白（灰）/凡品,槽位106,3000252,,0,,0,src/conf/conf_armor.erl:4555
防具,3000253,破境胸甲,0,全职业,1,白（灰）/凡品,槽位106,3000253,,0,,0,src/conf/conf_armor.erl:4573
防具,3000254,破境胸甲,0,全职业,1,白（灰）/凡品,槽位106,3000254,,0,,0,src/conf/conf_armor.erl:4591
防具,3000255,破境胸甲,0,全职业,1,白（灰）/凡品,槽位106,3000255,,0,,0,src/conf/conf_armor.erl:4609
防具,3000256,破境胸甲,0,全职业,1,白（灰）/凡品,槽位106,3000256,,0,,0,src/conf/conf_armor.erl:4627
防具,3000257,破境胸甲,0,全职业,1,白（灰）/凡品,槽位106,3000257,,0,,0,src/conf/conf_armor.erl:4645
防具,3000258,破境胸甲,0,全职业,1,白（灰）/凡品,槽位106,3000258,,0,,0,src/conf/conf_armor.erl:4663
防具,3000259,破境胸甲,0,全职业,1,白（灰）/凡品,槽位106,3000259,,0,,0,src/conf/conf_armor.erl:4681
防具,3000260,破境胸甲,0,全职业,1,白（灰）/凡品,槽位106,3000260,,0,,0,src/conf/conf_armor.erl:4699
防具,3000261,破境胸甲,0,全职业,1,白（灰）/凡品,槽位106,3000261,,0,,0,src/conf/conf_armor.erl:4717
防具,3000262,破境胸甲,0,全职业,1,白（灰）/凡品,槽位106,3000262,,0,,0,src/conf/conf_armor.erl:4735
防具,3000263,破境胸甲,0,全职业,1,白（灰）/凡品,槽位106,3000263,,0,,0,src/conf/conf_armor.erl:4753
防具,3000264,破境胸甲,0,全职业,1,白（灰）/凡品,槽位106,3000264,,0,,0,src/conf/conf_armor.erl:4771
防具,3000265,破境胸甲,0,全职业,1,白（灰）/凡品,槽位106,3000265,,0,,0,src/conf/conf_armor.erl:4789
防具,3000266,破境胸甲,0,全职业,1,白（灰）/凡品,槽位106,3000266,,0,,0,src/conf/conf_armor.erl:4807
防具,3000267,破境胸甲,0,全职业,1,白（灰）/凡品,槽位106,3000267,,0,,0,src/conf/conf_armor.erl:4825
防具,3000268,破境胸甲,0,全职业,1,白（灰）/凡品,槽位106,3000268,,0,,0,src/conf/conf_armor.erl:4843
防具,3000269,破境胸甲,0,全职业,1,白（灰）/凡品,槽位106,3000269,,0,,0,src/conf/conf_armor.erl:4861
防具,3000270,破境胸甲,0,全职业,1,白（灰）/凡品,槽位106,3000270,,0,,0,src/conf/conf_armor.erl:4879
防具,3000271,启程鞋子,0,全职业,1,白（灰）/凡品,槽位107,3000271,,0,,0,src/conf/conf_armor.erl:4897
防具,3000272,启程鞋子,0,全职业,1,白（灰）/凡品,槽位107,3000272,,0,,0,src/conf/conf_armor.erl:4915
防具,3000273,启程鞋子,0,全职业,1,白（灰）/凡品,槽位107,3000273,,0,,0,src/conf/conf_armor.erl:4933
防具,3000274,启程鞋子,0,全职业,1,白（灰）/凡品,槽位107,3000274,,0,,0,src/conf/conf_armor.erl:4951
防具,3000275,启程鞋子,0,全职业,1,白（灰）/凡品,槽位107,3000275,,0,,0,src/conf/conf_armor.erl:4969
防具,3000276,启程鞋子,0,全职业,1,白（灰）/凡品,槽位107,3000276,,0,,0,src/conf/conf_armor.erl:4987
防具,3000277,启程鞋子,0,全职业,1,白（灰）/凡品,槽位107,3000277,,0,,0,src/conf/conf_armor.erl:5005
防具,3000278,启程鞋子,0,全职业,1,白（灰）/凡品,槽位107,3000278,,0,,0,src/conf/conf_armor.erl:5023
防具,3000279,启程鞋子,0,全职业,1,白（灰）/凡品,槽位107,3000279,,0,,0,src/conf/conf_armor.erl:5041
防具,3000280,启程鞋子,0,全职业,1,白（灰）/凡品,槽位107,3000280,,0,,0,src/conf/conf_armor.erl:5059
防具,3000281,寻路鞋子,0,全职业,1,白（灰）/凡品,槽位107,3000281,,0,,0,src/conf/conf_armor.erl:5077
防具,3000282,寻路鞋子,0,全职业,1,白（灰）/凡品,槽位107,3000282,,0,,0,src/conf/conf_armor.erl:5095
防具,3000283,寻路鞋子,0,全职业,1,白（灰）/凡品,槽位107,3000283,,0,,0,src/conf/conf_armor.erl:5113
防具,3000284,寻路鞋子,0,全职业,1,白（灰）/凡品,槽位107,3000284,,0,,0,src/conf/conf_armor.erl:5131
防具,3000285,寻路鞋子,0,全职业,1,白（灰）/凡品,槽位107,3000285,,0,,0,src/conf/conf_armor.erl:5149
防具,3000286,寻路鞋子,0,全职业,1,白（灰）/凡品,槽位107,3000286,,0,,0,src/conf/conf_armor.erl:5167
防具,3000287,寻路鞋子,0,全职业,1,白（灰）/凡品,槽位107,3000287,,0,,0,src/conf/conf_armor.erl:5185
防具,3000288,寻路鞋子,0,全职业,1,白（灰）/凡品,槽位107,3000288,,0,,0,src/conf/conf_armor.erl:5203
防具,3000289,寻路鞋子,0,全职业,1,白（灰）/凡品,槽位107,3000289,,0,,0,src/conf/conf_armor.erl:5221
防具,3000290,寻路鞋子,0,全职业,1,白（灰）/凡品,槽位107,3000290,,0,,0,src/conf/conf_armor.erl:5239
防具,3000291,远行鞋子,0,全职业,1,白（灰）/凡品,槽位107,3000291,,0,,0,src/conf/conf_armor.erl:5257
防具,3000292,远行鞋子,0,全职业,1,白（灰）/凡品,槽位107,3000292,,0,,0,src/conf/conf_armor.erl:5275
防具,3000293,远行鞋子,0,全职业,1,白（灰）/凡品,槽位107,3000293,,0,,0,src/conf/conf_armor.erl:5293
防具,3000294,远行鞋子,0,全职业,1,白（灰）/凡品,槽位107,3000294,,0,,0,src/conf/conf_armor.erl:5311
防具,3000295,远行鞋子,0,全职业,1,白（灰）/凡品,槽位107,3000295,,0,,0,src/conf/conf_armor.erl:5329
防具,3000296,远行鞋子,0,全职业,1,白（灰）/凡品,槽位107,3000296,,0,,0,src/conf/conf_armor.erl:5347
防具,3000297,远行鞋子,0,全职业,1,白（灰）/凡品,槽位107,3000297,,0,,0,src/conf/conf_armor.erl:5365
防具,3000298,远行鞋子,0,全职业,1,白（灰）/凡品,槽位107,3000298,,0,,0,src/conf/conf_armor.erl:5383
防具,3000299,远行鞋子,0,全职业,1,白（灰）/凡品,槽位107,3000299,,0,,0,src/conf/conf_armor.erl:5401
防具,3000300,远行鞋子,0,全职业,1,白（灰）/凡品,槽位107,3000300,,0,,0,src/conf/conf_armor.erl:5419
防具,3000301,拓荒鞋子,0,全职业,1,白（灰）/凡品,槽位107,3000301,,0,,0,src/conf/conf_armor.erl:5437
防具,3000302,拓荒鞋子,0,全职业,1,白（灰）/凡品,槽位107,3000302,,0,,0,src/conf/conf_armor.erl:5455
防具,3000303,拓荒鞋子,0,全职业,1,白（灰）/凡品,槽位107,3000303,,0,,0,src/conf/conf_armor.erl:5473
防具,3000304,拓荒鞋子,0,全职业,1,白（灰）/凡品,槽位107,3000304,,0,,0,src/conf/conf_armor.erl:5491
防具,3000305,拓荒鞋子,0,全职业,1,白（灰）/凡品,槽位107,3000305,,0,,0,src/conf/conf_armor.erl:5509
防具,3000306,拓荒鞋子,0,全职业,1,白（灰）/凡品,槽位107,3000306,,0,,0,src/conf/conf_armor.erl:5527
防具,3000307,拓荒鞋子,0,全职业,1,白（灰）/凡品,槽位107,3000307,,0,,0,src/conf/conf_armor.erl:5545
防具,3000308,拓荒鞋子,0,全职业,1,白（灰）/凡品,槽位107,3000308,,0,,0,src/conf/conf_armor.erl:5563
防具,3000309,拓荒鞋子,0,全职业,1,白（灰）/凡品,槽位107,3000309,,0,,0,src/conf/conf_armor.erl:5581
防具,3000310,拓荒鞋子,0,全职业,1,白（灰）/凡品,槽位107,3000310,,0,,0,src/conf/conf_armor.erl:5599
防具,3000311,拓荒鞋子,0,全职业,1,白（灰）/凡品,槽位107,3000311,,0,,0,src/conf/conf_armor.erl:5617
防具,3000312,拓荒鞋子,0,全职业,1,白（灰）/凡品,槽位107,3000312,,0,,0,src/conf/conf_armor.erl:5635
防具,3000313,拓荒鞋子,0,全职业,1,白（灰）/凡品,槽位107,3000313,,0,,0,src/conf/conf_armor.erl:5653
防具,3000314,拓荒鞋子,0,全职业,1,白（灰）/凡品,槽位107,3000314,,0,,0,src/conf/conf_armor.erl:5671
防具,3000315,拓荒鞋子,0,全职业,1,白（灰）/凡品,槽位107,3000315,,0,,0,src/conf/conf_armor.erl:5689
防具,3000316,拓荒鞋子,0,全职业,1,白（灰）/凡品,槽位107,3000316,,0,,0,src/conf/conf_armor.erl:5707
防具,3000317,拓荒鞋子,0,全职业,1,白（灰）/凡品,槽位107,3000317,,0,,0,src/conf/conf_armor.erl:5725
防具,3000318,拓荒鞋子,0,全职业,1,白（灰）/凡品,槽位107,3000318,,0,,0,src/conf/conf_armor.erl:5743
防具,3000319,拓荒鞋子,0,全职业,1,白（灰）/凡品,槽位107,3000319,,0,,0,src/conf/conf_armor.erl:5761
防具,3000320,拓荒鞋子,0,全职业,1,白（灰）/凡品,槽位107,3000320,,0,,0,src/conf/conf_armor.erl:5779
防具,3000321,远征鞋子,0,全职业,1,白（灰）/凡品,槽位107,3000321,,0,,0,src/conf/conf_armor.erl:5797
防具,3000322,远征鞋子,0,全职业,1,白（灰）/凡品,槽位107,3000322,,0,,0,src/conf/conf_armor.erl:5815
防具,3000323,远征鞋子,0,全职业,1,白（灰）/凡品,槽位107,3000323,,0,,0,src/conf/conf_armor.erl:5833
防具,3000324,远征鞋子,0,全职业,1,白（灰）/凡品,槽位107,3000324,,0,,0,src/conf/conf_armor.erl:5851
防具,3000325,远征鞋子,0,全职业,1,白（灰）/凡品,槽位107,3000325,,0,,0,src/conf/conf_armor.erl:5869
防具,3000326,远征鞋子,0,全职业,1,白（灰）/凡品,槽位107,3000326,,0,,0,src/conf/conf_armor.erl:5887
防具,3000327,远征鞋子,0,全职业,1,白（灰）/凡品,槽位107,3000327,,0,,0,src/conf/conf_armor.erl:5905
防具,3000328,远征鞋子,0,全职业,1,白（灰）/凡品,槽位107,3000328,,0,,0,src/conf/conf_armor.erl:5923
防具,3000329,远征鞋子,0,全职业,1,白（灰）/凡品,槽位107,3000329,,0,,0,src/conf/conf_armor.erl:5941
防具,3000330,远征鞋子,0,全职业,1,白（灰）/凡品,槽位107,3000330,,0,,0,src/conf/conf_armor.erl:5959
防具,3000331,远征鞋子,0,全职业,1,白（灰）/凡品,槽位107,3000331,,0,,0,src/conf/conf_armor.erl:5977
防具,3000332,远征鞋子,0,全职业,1,白（灰）/凡品,槽位107,3000332,,0,,0,src/conf/conf_armor.erl:5995
防具,3000333,远征鞋子,0,全职业,1,白（灰）/凡品,槽位107,3000333,,0,,0,src/conf/conf_armor.erl:6013
防具,3000334,远征鞋子,0,全职业,1,白（灰）/凡品,槽位107,3000334,,0,,0,src/conf/conf_armor.erl:6031
防具,3000335,远征鞋子,0,全职业,1,白（灰）/凡品,槽位107,3000335,,0,,0,src/conf/conf_armor.erl:6049
防具,3000336,远征鞋子,0,全职业,1,白（灰）/凡品,槽位107,3000336,,0,,0,src/conf/conf_armor.erl:6067
防具,3000337,远征鞋子,0,全职业,1,白（灰）/凡品,槽位107,3000337,,0,,0,src/conf/conf_armor.erl:6085
防具,3000338,远征鞋子,0,全职业,1,白（灰）/凡品,槽位107,3000338,,0,,0,src/conf/conf_armor.erl:6103
防具,3000339,远征鞋子,0,全职业,1,白（灰）/凡品,槽位107,3000339,,0,,0,src/conf/conf_armor.erl:6121
防具,3000340,远征鞋子,0,全职业,1,白（灰）/凡品,槽位107,3000340,,0,,0,src/conf/conf_armor.erl:6139
防具,3000341,破境鞋子,0,全职业,1,白（灰）/凡品,槽位107,3000341,,0,,0,src/conf/conf_armor.erl:6157
防具,3000342,破境鞋子,0,全职业,1,白（灰）/凡品,槽位107,3000342,,0,,0,src/conf/conf_armor.erl:6175
防具,3000343,破境鞋子,0,全职业,1,白（灰）/凡品,槽位107,3000343,,0,,0,src/conf/conf_armor.erl:6193
防具,3000344,破境鞋子,0,全职业,1,白（灰）/凡品,槽位107,3000344,,0,,0,src/conf/conf_armor.erl:6211
防具,3000345,破境鞋子,0,全职业,1,白（灰）/凡品,槽位107,3000345,,0,,0,src/conf/conf_armor.erl:6229
防具,3000346,破境鞋子,0,全职业,1,白（灰）/凡品,槽位107,3000346,,0,,0,src/conf/conf_armor.erl:6247
防具,3000347,破境鞋子,0,全职业,1,白（灰）/凡品,槽位107,3000347,,0,,0,src/conf/conf_armor.erl:6265
防具,3000348,破境鞋子,0,全职业,1,白（灰）/凡品,槽位107,3000348,,0,,0,src/conf/conf_armor.erl:6283
防具,3000349,破境鞋子,0,全职业,1,白（灰）/凡品,槽位107,3000349,,0,,0,src/conf/conf_armor.erl:6301
防具,3000350,破境鞋子,0,全职业,1,白（灰）/凡品,槽位107,3000350,,0,,0,src/conf/conf_armor.erl:6319
防具,3000351,破境鞋子,0,全职业,1,白（灰）/凡品,槽位107,3000351,,0,,0,src/conf/conf_armor.erl:6337
防具,3000352,破境鞋子,0,全职业,1,白（灰）/凡品,槽位107,3000352,,0,,0,src/conf/conf_armor.erl:6355
防具,3000353,破境鞋子,0,全职业,1,白（灰）/凡品,槽位107,3000353,,0,,0,src/conf/conf_armor.erl:6373
防具,3000354,破境鞋子,0,全职业,1,白（灰）/凡品,槽位107,3000354,,0,,0,src/conf/conf_armor.erl:6391
防具,3000355,破境鞋子,0,全职业,1,白（灰）/凡品,槽位107,3000355,,0,,0,src/conf/conf_armor.erl:6409
防具,3000356,破境鞋子,0,全职业,1,白（灰）/凡品,槽位107,3000356,,0,,0,src/conf/conf_armor.erl:6427
防具,3000357,破境鞋子,0,全职业,1,白（灰）/凡品,槽位107,3000357,,0,,0,src/conf/conf_armor.erl:6445
防具,3000358,破境鞋子,0,全职业,1,白（灰）/凡品,槽位107,3000358,,0,,0,src/conf/conf_armor.erl:6463
防具,3000359,破境鞋子,0,全职业,1,白（灰）/凡品,槽位107,3000359,,0,,0,src/conf/conf_armor.erl:6481
防具,3000360,破境鞋子,0,全职业,1,白（灰）/凡品,槽位107,3000360,,0,,0,src/conf/conf_armor.erl:6499
防具,3000361,启程项链,0,全职业,1,白（灰）/凡品,槽位109,3000361,,0,,0,src/conf/conf_armor.erl:6517
防具,3000362,启程项链,0,全职业,1,白（灰）/凡品,槽位109,3000362,,0,,0,src/conf/conf_armor.erl:6535
防具,3000363,启程项链,0,全职业,1,白（灰）/凡品,槽位109,3000363,,0,,0,src/conf/conf_armor.erl:6553
防具,3000364,启程项链,0,全职业,1,白（灰）/凡品,槽位109,3000364,,0,,0,src/conf/conf_armor.erl:6571
防具,3000365,启程项链,0,全职业,1,白（灰）/凡品,槽位109,3000365,,0,,0,src/conf/conf_armor.erl:6589
防具,3000366,启程项链,0,全职业,1,白（灰）/凡品,槽位109,3000366,,0,,0,src/conf/conf_armor.erl:6607
防具,3000367,启程项链,0,全职业,1,白（灰）/凡品,槽位109,3000367,,0,,0,src/conf/conf_armor.erl:6625
防具,3000368,启程项链,0,全职业,1,白（灰）/凡品,槽位109,3000368,,0,,0,src/conf/conf_armor.erl:6643
防具,3000369,启程项链,0,全职业,1,白（灰）/凡品,槽位109,3000369,,0,,0,src/conf/conf_armor.erl:6661
防具,3000370,启程项链,0,全职业,1,白（灰）/凡品,槽位109,3000370,,0,,0,src/conf/conf_armor.erl:6679
防具,3000371,寻路项链,0,全职业,1,白（灰）/凡品,槽位109,3000371,,0,,0,src/conf/conf_armor.erl:6697
防具,3000372,寻路项链,0,全职业,1,白（灰）/凡品,槽位109,3000372,,0,,0,src/conf/conf_armor.erl:6715
防具,3000373,寻路项链,0,全职业,1,白（灰）/凡品,槽位109,3000373,,0,,0,src/conf/conf_armor.erl:6733
防具,3000374,寻路项链,0,全职业,1,白（灰）/凡品,槽位109,3000374,,0,,0,src/conf/conf_armor.erl:6751
防具,3000375,寻路项链,0,全职业,1,白（灰）/凡品,槽位109,3000375,,0,,0,src/conf/conf_armor.erl:6769
防具,3000376,寻路项链,0,全职业,1,白（灰）/凡品,槽位109,3000376,,0,,0,src/conf/conf_armor.erl:6787
防具,3000377,寻路项链,0,全职业,1,白（灰）/凡品,槽位109,3000377,,0,,0,src/conf/conf_armor.erl:6805
防具,3000378,寻路项链,0,全职业,1,白（灰）/凡品,槽位109,3000378,,0,,0,src/conf/conf_armor.erl:6823
防具,3000379,寻路项链,0,全职业,1,白（灰）/凡品,槽位109,3000379,,0,,0,src/conf/conf_armor.erl:6841
防具,3000380,寻路项链,0,全职业,1,白（灰）/凡品,槽位109,3000380,,0,,0,src/conf/conf_armor.erl:6859
防具,3000381,远行项链,0,全职业,1,白（灰）/凡品,槽位109,3000381,,0,,0,src/conf/conf_armor.erl:6877
防具,3000382,远行项链,0,全职业,1,白（灰）/凡品,槽位109,3000382,,0,,0,src/conf/conf_armor.erl:6895
防具,3000383,远行项链,0,全职业,1,白（灰）/凡品,槽位109,3000383,,0,,0,src/conf/conf_armor.erl:6913
防具,3000384,远行项链,0,全职业,1,白（灰）/凡品,槽位109,3000384,,0,,0,src/conf/conf_armor.erl:6931
防具,3000385,远行项链,0,全职业,1,白（灰）/凡品,槽位109,3000385,,0,,0,src/conf/conf_armor.erl:6949
防具,3000386,远行项链,0,全职业,1,白（灰）/凡品,槽位109,3000386,,0,,0,src/conf/conf_armor.erl:6967
防具,3000387,远行项链,0,全职业,1,白（灰）/凡品,槽位109,3000387,,0,,0,src/conf/conf_armor.erl:6985
防具,3000388,远行项链,0,全职业,1,白（灰）/凡品,槽位109,3000388,,0,,0,src/conf/conf_armor.erl:7003
防具,3000389,远行项链,0,全职业,1,白（灰）/凡品,槽位109,3000389,,0,,0,src/conf/conf_armor.erl:7021
防具,3000390,远行项链,0,全职业,1,白（灰）/凡品,槽位109,3000390,,0,,0,src/conf/conf_armor.erl:7039
防具,3000391,拓荒项链,0,全职业,1,白（灰）/凡品,槽位109,3000391,,0,,0,src/conf/conf_armor.erl:7057
防具,3000392,拓荒项链,0,全职业,1,白（灰）/凡品,槽位109,3000392,,0,,0,src/conf/conf_armor.erl:7075
防具,3000393,拓荒项链,0,全职业,1,白（灰）/凡品,槽位109,3000393,,0,,0,src/conf/conf_armor.erl:7093
防具,3000394,拓荒项链,0,全职业,1,白（灰）/凡品,槽位109,3000394,,0,,0,src/conf/conf_armor.erl:7111
防具,3000395,拓荒项链,0,全职业,1,白（灰）/凡品,槽位109,3000395,,0,,0,src/conf/conf_armor.erl:7129
防具,3000396,拓荒项链,0,全职业,1,白（灰）/凡品,槽位109,3000396,,0,,0,src/conf/conf_armor.erl:7147
防具,3000397,拓荒项链,0,全职业,1,白（灰）/凡品,槽位109,3000397,,0,,0,src/conf/conf_armor.erl:7165
防具,3000398,拓荒项链,0,全职业,1,白（灰）/凡品,槽位109,3000398,,0,,0,src/conf/conf_armor.erl:7183
防具,3000399,拓荒项链,0,全职业,1,白（灰）/凡品,槽位109,3000399,,0,,0,src/conf/conf_armor.erl:7201
防具,3000400,拓荒项链,0,全职业,1,白（灰）/凡品,槽位109,3000400,,0,,0,src/conf/conf_armor.erl:7219
防具,3000401,拓荒项链,0,全职业,1,白（灰）/凡品,槽位109,3000401,,0,,0,src/conf/conf_armor.erl:7237
防具,3000402,拓荒项链,0,全职业,1,白（灰）/凡品,槽位109,3000402,,0,,0,src/conf/conf_armor.erl:7255
防具,3000403,拓荒项链,0,全职业,1,白（灰）/凡品,槽位109,3000403,,0,,0,src/conf/conf_armor.erl:7273
防具,3000404,拓荒项链,0,全职业,1,白（灰）/凡品,槽位109,3000404,,0,,0,src/conf/conf_armor.erl:7291
防具,3000405,拓荒项链,0,全职业,1,白（灰）/凡品,槽位109,3000405,,0,,0,src/conf/conf_armor.erl:7309
防具,3000406,拓荒项链,0,全职业,1,白（灰）/凡品,槽位109,3000406,,0,,0,src/conf/conf_armor.erl:7327
防具,3000407,拓荒项链,0,全职业,1,白（灰）/凡品,槽位109,3000407,,0,,0,src/conf/conf_armor.erl:7345
防具,3000408,拓荒项链,0,全职业,1,白（灰）/凡品,槽位109,3000408,,0,,0,src/conf/conf_armor.erl:7363
防具,3000409,拓荒项链,0,全职业,1,白（灰）/凡品,槽位109,3000409,,0,,0,src/conf/conf_armor.erl:7381
防具,3000410,拓荒项链,0,全职业,1,白（灰）/凡品,槽位109,3000410,,0,,0,src/conf/conf_armor.erl:7399
防具,3000411,远征项链,0,全职业,1,白（灰）/凡品,槽位109,3000411,,0,,0,src/conf/conf_armor.erl:7417
防具,3000412,远征项链,0,全职业,1,白（灰）/凡品,槽位109,3000412,,0,,0,src/conf/conf_armor.erl:7435
防具,3000413,远征项链,0,全职业,1,白（灰）/凡品,槽位109,3000413,,0,,0,src/conf/conf_armor.erl:7453
防具,3000414,远征项链,0,全职业,1,白（灰）/凡品,槽位109,3000414,,0,,0,src/conf/conf_armor.erl:7471
防具,3000415,远征项链,0,全职业,1,白（灰）/凡品,槽位109,3000415,,0,,0,src/conf/conf_armor.erl:7489
防具,3000416,远征项链,0,全职业,1,白（灰）/凡品,槽位109,3000416,,0,,0,src/conf/conf_armor.erl:7507
防具,3000417,远征项链,0,全职业,1,白（灰）/凡品,槽位109,3000417,,0,,0,src/conf/conf_armor.erl:7525
防具,3000418,远征项链,0,全职业,1,白（灰）/凡品,槽位109,3000418,,0,,0,src/conf/conf_armor.erl:7543
防具,3000419,远征项链,0,全职业,1,白（灰）/凡品,槽位109,3000419,,0,,0,src/conf/conf_armor.erl:7561
防具,3000420,远征项链,0,全职业,1,白（灰）/凡品,槽位109,3000420,,0,,0,src/conf/conf_armor.erl:7579
防具,3000421,远征项链,0,全职业,1,白（灰）/凡品,槽位109,3000421,,0,,0,src/conf/conf_armor.erl:7597
防具,3000422,远征项链,0,全职业,1,白（灰）/凡品,槽位109,3000422,,0,,0,src/conf/conf_armor.erl:7615
防具,3000423,远征项链,0,全职业,1,白（灰）/凡品,槽位109,3000423,,0,,0,src/conf/conf_armor.erl:7633
防具,3000424,远征项链,0,全职业,1,白（灰）/凡品,槽位109,3000424,,0,,0,src/conf/conf_armor.erl:7651
防具,3000425,远征项链,0,全职业,1,白（灰）/凡品,槽位109,3000425,,0,,0,src/conf/conf_armor.erl:7669
防具,3000426,远征项链,0,全职业,1,白（灰）/凡品,槽位109,3000426,,0,,0,src/conf/conf_armor.erl:7687
防具,3000427,远征项链,0,全职业,1,白（灰）/凡品,槽位109,3000427,,0,,0,src/conf/conf_armor.erl:7705
防具,3000428,远征项链,0,全职业,1,白（灰）/凡品,槽位109,3000428,,0,,0,src/conf/conf_armor.erl:7723
防具,3000429,远征项链,0,全职业,1,白（灰）/凡品,槽位109,3000429,,0,,0,src/conf/conf_armor.erl:7741
防具,3000430,远征项链,0,全职业,1,白（灰）/凡品,槽位109,3000430,,0,,0,src/conf/conf_armor.erl:7759
防具,3000431,破境项链,0,全职业,1,白（灰）/凡品,槽位109,3000431,,0,,0,src/conf/conf_armor.erl:7777
防具,3000432,破境项链,0,全职业,1,白（灰）/凡品,槽位109,3000432,,0,,0,src/conf/conf_armor.erl:7795
防具,3000433,破境项链,0,全职业,1,白（灰）/凡品,槽位109,3000433,,0,,0,src/conf/conf_armor.erl:7813
防具,3000434,破境项链,0,全职业,1,白（灰）/凡品,槽位109,3000434,,0,,0,src/conf/conf_armor.erl:7831
防具,3000435,破境项链,0,全职业,1,白（灰）/凡品,槽位109,3000435,,0,,0,src/conf/conf_armor.erl:7849
防具,3000436,破境项链,0,全职业,1,白（灰）/凡品,槽位109,3000436,,0,,0,src/conf/conf_armor.erl:7867
防具,3000437,破境项链,0,全职业,1,白（灰）/凡品,槽位109,3000437,,0,,0,src/conf/conf_armor.erl:7885
防具,3000438,破境项链,0,全职业,1,白（灰）/凡品,槽位109,3000438,,0,,0,src/conf/conf_armor.erl:7903
防具,3000439,破境项链,0,全职业,1,白（灰）/凡品,槽位109,3000439,,0,,0,src/conf/conf_armor.erl:7921
防具,3000440,破境项链,0,全职业,1,白（灰）/凡品,槽位109,3000440,,0,,0,src/conf/conf_armor.erl:7939
防具,3000441,破境项链,0,全职业,1,白（灰）/凡品,槽位109,3000441,,0,,0,src/conf/conf_armor.erl:7957
防具,3000442,破境项链,0,全职业,1,白（灰）/凡品,槽位109,3000442,,0,,0,src/conf/conf_armor.erl:7975
防具,3000443,破境项链,0,全职业,1,白（灰）/凡品,槽位109,3000443,,0,,0,src/conf/conf_armor.erl:7993
防具,3000444,破境项链,0,全职业,1,白（灰）/凡品,槽位109,3000444,,0,,0,src/conf/conf_armor.erl:8011
防具,3000445,破境项链,0,全职业,1,白（灰）/凡品,槽位109,3000445,,0,,0,src/conf/conf_armor.erl:8029
防具,3000446,破境项链,0,全职业,1,白（灰）/凡品,槽位109,3000446,,0,,0,src/conf/conf_armor.erl:8047
防具,3000447,破境项链,0,全职业,1,白（灰）/凡品,槽位109,3000447,,0,,0,src/conf/conf_armor.erl:8065
防具,3000448,破境项链,0,全职业,1,白（灰）/凡品,槽位109,3000448,,0,,0,src/conf/conf_armor.erl:8083
防具,3000449,破境项链,0,全职业,1,白（灰）/凡品,槽位109,3000449,,0,,0,src/conf/conf_armor.erl:8101
防具,3000450,破境项链,0,全职业,1,白（灰）/凡品,槽位109,3000450,,0,,0,src/conf/conf_armor.erl:8119
防具,3000451,启程戒指,0,全职业,1,白（灰）/凡品,槽位108,3000451,,0,,0,src/conf/conf_armor.erl:8137
防具,3000452,启程戒指,0,全职业,1,白（灰）/凡品,槽位108,3000452,,0,,0,src/conf/conf_armor.erl:8155
防具,3000453,启程戒指,0,全职业,1,白（灰）/凡品,槽位108,3000453,,0,,0,src/conf/conf_armor.erl:8173
防具,3000454,启程戒指,0,全职业,1,白（灰）/凡品,槽位108,3000454,,0,,0,src/conf/conf_armor.erl:8191
防具,3000455,启程戒指,0,全职业,1,白（灰）/凡品,槽位108,3000455,,0,,0,src/conf/conf_armor.erl:8209
防具,3000456,启程戒指,0,全职业,1,白（灰）/凡品,槽位108,3000456,,0,,0,src/conf/conf_armor.erl:8227
防具,3000457,启程戒指,0,全职业,1,白（灰）/凡品,槽位108,3000457,,0,,0,src/conf/conf_armor.erl:8245
防具,3000458,启程戒指,0,全职业,1,白（灰）/凡品,槽位108,3000458,,0,,0,src/conf/conf_armor.erl:8263
防具,3000459,启程戒指,0,全职业,1,白（灰）/凡品,槽位108,3000459,,0,,0,src/conf/conf_armor.erl:8281
防具,3000460,启程戒指,0,全职业,1,白（灰）/凡品,槽位108,3000460,,0,,0,src/conf/conf_armor.erl:8299
防具,3000461,寻路戒指,0,全职业,1,白（灰）/凡品,槽位108,3000461,,0,,0,src/conf/conf_armor.erl:8317
防具,3000462,寻路戒指,0,全职业,1,白（灰）/凡品,槽位108,3000462,,0,,0,src/conf/conf_armor.erl:8335
防具,3000463,寻路戒指,0,全职业,1,白（灰）/凡品,槽位108,3000463,,0,,0,src/conf/conf_armor.erl:8353
防具,3000464,寻路戒指,0,全职业,1,白（灰）/凡品,槽位108,3000464,,0,,0,src/conf/conf_armor.erl:8371
防具,3000465,寻路戒指,0,全职业,1,白（灰）/凡品,槽位108,3000465,,0,,0,src/conf/conf_armor.erl:8389
防具,3000466,寻路戒指,0,全职业,1,白（灰）/凡品,槽位108,3000466,,0,,0,src/conf/conf_armor.erl:8407
防具,3000467,寻路戒指,0,全职业,1,白（灰）/凡品,槽位108,3000467,,0,,0,src/conf/conf_armor.erl:8425
防具,3000468,寻路戒指,0,全职业,1,白（灰）/凡品,槽位108,3000468,,0,,0,src/conf/conf_armor.erl:8443
防具,3000469,寻路戒指,0,全职业,1,白（灰）/凡品,槽位108,3000469,,0,,0,src/conf/conf_armor.erl:8461
防具,3000470,寻路戒指,0,全职业,1,白（灰）/凡品,槽位108,3000470,,0,,0,src/conf/conf_armor.erl:8479
防具,3000471,远行戒指,0,全职业,1,白（灰）/凡品,槽位108,3000471,,0,,0,src/conf/conf_armor.erl:8497
防具,3000472,远行戒指,0,全职业,1,白（灰）/凡品,槽位108,3000472,,0,,0,src/conf/conf_armor.erl:8515
防具,3000473,远行戒指,0,全职业,1,白（灰）/凡品,槽位108,3000473,,0,,0,src/conf/conf_armor.erl:8533
防具,3000474,远行戒指,0,全职业,1,白（灰）/凡品,槽位108,3000474,,0,,0,src/conf/conf_armor.erl:8551
防具,3000475,远行戒指,0,全职业,1,白（灰）/凡品,槽位108,3000475,,0,,0,src/conf/conf_armor.erl:8569
防具,3000476,远行戒指,0,全职业,1,白（灰）/凡品,槽位108,3000476,,0,,0,src/conf/conf_armor.erl:8587
防具,3000477,远行戒指,0,全职业,1,白（灰）/凡品,槽位108,3000477,,0,,0,src/conf/conf_armor.erl:8605
防具,3000478,远行戒指,0,全职业,1,白（灰）/凡品,槽位108,3000478,,0,,0,src/conf/conf_armor.erl:8623
防具,3000479,远行戒指,0,全职业,1,白（灰）/凡品,槽位108,3000479,,0,,0,src/conf/conf_armor.erl:8641
防具,3000480,远行戒指,0,全职业,1,白（灰）/凡品,槽位108,3000480,,0,,0,src/conf/conf_armor.erl:8659
防具,3000481,拓荒戒指,0,全职业,1,白（灰）/凡品,槽位108,3000481,,0,,0,src/conf/conf_armor.erl:8677
防具,3000482,拓荒戒指,0,全职业,1,白（灰）/凡品,槽位108,3000482,,0,,0,src/conf/conf_armor.erl:8695
防具,3000483,拓荒戒指,0,全职业,1,白（灰）/凡品,槽位108,3000483,,0,,0,src/conf/conf_armor.erl:8713
防具,3000484,拓荒戒指,0,全职业,1,白（灰）/凡品,槽位108,3000484,,0,,0,src/conf/conf_armor.erl:8731
防具,3000485,拓荒戒指,0,全职业,1,白（灰）/凡品,槽位108,3000485,,0,,0,src/conf/conf_armor.erl:8749
防具,3000486,拓荒戒指,0,全职业,1,白（灰）/凡品,槽位108,3000486,,0,,0,src/conf/conf_armor.erl:8767
防具,3000487,拓荒戒指,0,全职业,1,白（灰）/凡品,槽位108,3000487,,0,,0,src/conf/conf_armor.erl:8785
防具,3000488,拓荒戒指,0,全职业,1,白（灰）/凡品,槽位108,3000488,,0,,0,src/conf/conf_armor.erl:8803
防具,3000489,拓荒戒指,0,全职业,1,白（灰）/凡品,槽位108,3000489,,0,,0,src/conf/conf_armor.erl:8821
防具,3000490,拓荒戒指,0,全职业,1,白（灰）/凡品,槽位108,3000490,,0,,0,src/conf/conf_armor.erl:8839
防具,3000491,拓荒戒指,0,全职业,1,白（灰）/凡品,槽位108,3000491,,0,,0,src/conf/conf_armor.erl:8857
防具,3000492,拓荒戒指,0,全职业,1,白（灰）/凡品,槽位108,3000492,,0,,0,src/conf/conf_armor.erl:8875
防具,3000493,拓荒戒指,0,全职业,1,白（灰）/凡品,槽位108,3000493,,0,,0,src/conf/conf_armor.erl:8893
防具,3000494,拓荒戒指,0,全职业,1,白（灰）/凡品,槽位108,3000494,,0,,0,src/conf/conf_armor.erl:8911
防具,3000495,拓荒戒指,0,全职业,1,白（灰）/凡品,槽位108,3000495,,0,,0,src/conf/conf_armor.erl:8929
防具,3000496,拓荒戒指,0,全职业,1,白（灰）/凡品,槽位108,3000496,,0,,0,src/conf/conf_armor.erl:8947
防具,3000497,拓荒戒指,0,全职业,1,白（灰）/凡品,槽位108,3000497,,0,,0,src/conf/conf_armor.erl:8965
防具,3000498,拓荒戒指,0,全职业,1,白（灰）/凡品,槽位108,3000498,,0,,0,src/conf/conf_armor.erl:8983
防具,3000499,拓荒戒指,0,全职业,1,白（灰）/凡品,槽位108,3000499,,0,,0,src/conf/conf_armor.erl:9001
防具,3000500,拓荒戒指,0,全职业,1,白（灰）/凡品,槽位108,3000500,,0,,0,src/conf/conf_armor.erl:9019
防具,3000501,远征戒指,0,全职业,1,白（灰）/凡品,槽位108,3000501,,0,,0,src/conf/conf_armor.erl:9037
防具,3000502,远征戒指,0,全职业,1,白（灰）/凡品,槽位108,3000502,,0,,0,src/conf/conf_armor.erl:9055
防具,3000503,远征戒指,0,全职业,1,白（灰）/凡品,槽位108,3000503,,0,,0,src/conf/conf_armor.erl:9073
防具,3000504,远征戒指,0,全职业,1,白（灰）/凡品,槽位108,3000504,,0,,0,src/conf/conf_armor.erl:9091
防具,3000505,远征戒指,0,全职业,1,白（灰）/凡品,槽位108,3000505,,0,,0,src/conf/conf_armor.erl:9109
防具,3000506,远征戒指,0,全职业,1,白（灰）/凡品,槽位108,3000506,,0,,0,src/conf/conf_armor.erl:9127
防具,3000507,远征戒指,0,全职业,1,白（灰）/凡品,槽位108,3000507,,0,,0,src/conf/conf_armor.erl:9145
防具,3000508,远征戒指,0,全职业,1,白（灰）/凡品,槽位108,3000508,,0,,0,src/conf/conf_armor.erl:9163
防具,3000509,远征戒指,0,全职业,1,白（灰）/凡品,槽位108,3000509,,0,,0,src/conf/conf_armor.erl:9181
防具,3000510,远征戒指,0,全职业,1,白（灰）/凡品,槽位108,3000510,,0,,0,src/conf/conf_armor.erl:9199
防具,3000511,远征戒指,0,全职业,1,白（灰）/凡品,槽位108,3000511,,0,,0,src/conf/conf_armor.erl:9217
防具,3000512,远征戒指,0,全职业,1,白（灰）/凡品,槽位108,3000512,,0,,0,src/conf/conf_armor.erl:9235
防具,3000513,远征戒指,0,全职业,1,白（灰）/凡品,槽位108,3000513,,0,,0,src/conf/conf_armor.erl:9253
防具,3000514,远征戒指,0,全职业,1,白（灰）/凡品,槽位108,3000514,,0,,0,src/conf/conf_armor.erl:9271
防具,3000515,远征戒指,0,全职业,1,白（灰）/凡品,槽位108,3000515,,0,,0,src/conf/conf_armor.erl:9289
防具,3000516,远征戒指,0,全职业,1,白（灰）/凡品,槽位108,3000516,,0,,0,src/conf/conf_armor.erl:9307
防具,3000517,远征戒指,0,全职业,1,白（灰）/凡品,槽位108,3000517,,0,,0,src/conf/conf_armor.erl:9325
防具,3000518,远征戒指,0,全职业,1,白（灰）/凡品,槽位108,3000518,,0,,0,src/conf/conf_armor.erl:9343
防具,3000519,远征戒指,0,全职业,1,白（灰）/凡品,槽位108,3000519,,0,,0,src/conf/conf_armor.erl:9361
防具,3000520,远征戒指,0,全职业,1,白（灰）/凡品,槽位108,3000520,,0,,0,src/conf/conf_armor.erl:9379
防具,3000521,破境戒指,0,全职业,1,白（灰）/凡品,槽位108,3000521,,0,,0,src/conf/conf_armor.erl:9397
防具,3000522,破境戒指,0,全职业,1,白（灰）/凡品,槽位108,3000522,,0,,0,src/conf/conf_armor.erl:9415
防具,3000523,破境戒指,0,全职业,1,白（灰）/凡品,槽位108,3000523,,0,,0,src/conf/conf_armor.erl:9433
防具,3000524,破境戒指,0,全职业,1,白（灰）/凡品,槽位108,3000524,,0,,0,src/conf/conf_armor.erl:9451
防具,3000525,破境戒指,0,全职业,1,白（灰）/凡品,槽位108,3000525,,0,,0,src/conf/conf_armor.erl:9469
防具,3000526,破境戒指,0,全职业,1,白（灰）/凡品,槽位108,3000526,,0,,0,src/conf/conf_armor.erl:9487
防具,3000527,破境戒指,0,全职业,1,白（灰）/凡品,槽位108,3000527,,0,,0,src/conf/conf_armor.erl:9505
防具,3000528,破境戒指,0,全职业,1,白（灰）/凡品,槽位108,3000528,,0,,0,src/conf/conf_armor.erl:9523
防具,3000529,破境戒指,0,全职业,1,白（灰）/凡品,槽位108,3000529,,0,,0,src/conf/conf_armor.erl:9541
防具,3000530,破境戒指,0,全职业,1,白（灰）/凡品,槽位108,3000530,,0,,0,src/conf/conf_armor.erl:9559
防具,3000531,破境戒指,0,全职业,1,白（灰）/凡品,槽位108,3000531,,0,,0,src/conf/conf_armor.erl:9577
防具,3000532,破境戒指,0,全职业,1,白（灰）/凡品,槽位108,3000532,,0,,0,src/conf/conf_armor.erl:9595
防具,3000533,破境戒指,0,全职业,1,白（灰）/凡品,槽位108,3000533,,0,,0,src/conf/conf_armor.erl:9613
防具,3000534,破境戒指,0,全职业,1,白（灰）/凡品,槽位108,3000534,,0,,0,src/conf/conf_armor.erl:9631
防具,3000535,破境戒指,0,全职业,1,白（灰）/凡品,槽位108,3000535,,0,,0,src/conf/conf_armor.erl:9649
防具,3000536,破境戒指,0,全职业,1,白（灰）/凡品,槽位108,3000536,,0,,0,src/conf/conf_armor.erl:9667
防具,3000537,破境戒指,0,全职业,1,白（灰）/凡品,槽位108,3000537,,0,,0,src/conf/conf_armor.erl:9685
防具,3000538,破境戒指,0,全职业,1,白（灰）/凡品,槽位108,3000538,,0,,0,src/conf/conf_armor.erl:9703
防具,3000539,破境戒指,0,全职业,1,白（灰）/凡品,槽位108,3000539,,0,,0,src/conf/conf_armor.erl:9721
防具,3000540,破境戒指,0,全职业,1,白（灰）/凡品,槽位108,3000540,,0,,0,src/conf/conf_armor.erl:9739
防具,3000541,启程头盔,0,全职业,2,蓝/精良,槽位104,3000541,,0,,0,src/conf/conf_armor.erl:9757
防具,3000542,启程头盔,0,全职业,2,蓝/精良,槽位104,3000542,,0,,0,src/conf/conf_armor.erl:9775
防具,3000543,启程头盔,0,全职业,2,蓝/精良,槽位104,3000543,,0,,0,src/conf/conf_armor.erl:9793
防具,3000544,启程头盔,0,全职业,2,蓝/精良,槽位104,3000544,,0,,0,src/conf/conf_armor.erl:9811
防具,3000545,启程头盔,0,全职业,2,蓝/精良,槽位104,3000545,,0,,0,src/conf/conf_armor.erl:9829
防具,3000546,启程头盔,0,全职业,2,蓝/精良,槽位104,3000546,,0,,0,src/conf/conf_armor.erl:9847
防具,3000547,启程头盔,0,全职业,2,蓝/精良,槽位104,3000547,,0,,0,src/conf/conf_armor.erl:9865
防具,3000548,启程头盔,0,全职业,2,蓝/精良,槽位104,3000548,,0,,0,src/conf/conf_armor.erl:9883
防具,3000549,启程头盔,0,全职业,2,蓝/精良,槽位104,3000549,,0,,0,src/conf/conf_armor.erl:9901
防具,3000550,启程头盔,0,全职业,2,蓝/精良,槽位104,3000550,,0,,0,src/conf/conf_armor.erl:9919
防具,3000551,寻路头盔,0,全职业,2,蓝/精良,槽位104,3000551,,0,,0,src/conf/conf_armor.erl:9937
防具,3000552,寻路头盔,0,全职业,2,蓝/精良,槽位104,3000552,,0,,0,src/conf/conf_armor.erl:9955
防具,3000553,寻路头盔,0,全职业,2,蓝/精良,槽位104,3000553,,0,,0,src/conf/conf_armor.erl:9973
防具,3000554,寻路头盔,0,全职业,2,蓝/精良,槽位104,3000554,,0,,0,src/conf/conf_armor.erl:9991
防具,3000555,寻路头盔,0,全职业,2,蓝/精良,槽位104,3000555,,0,,0,src/conf/conf_armor.erl:10009
防具,3000556,寻路头盔,0,全职业,2,蓝/精良,槽位104,3000556,,0,,0,src/conf/conf_armor.erl:10027
防具,3000557,寻路头盔,0,全职业,2,蓝/精良,槽位104,3000557,,0,,0,src/conf/conf_armor.erl:10045
防具,3000558,寻路头盔,0,全职业,2,蓝/精良,槽位104,3000558,,0,,0,src/conf/conf_armor.erl:10063
防具,3000559,寻路头盔,0,全职业,2,蓝/精良,槽位104,3000559,,0,,0,src/conf/conf_armor.erl:10081
防具,3000560,寻路头盔,0,全职业,2,蓝/精良,槽位104,3000560,,0,,0,src/conf/conf_armor.erl:10099
防具,3000561,远行头盔,0,全职业,2,蓝/精良,槽位104,3000561,,0,,0,src/conf/conf_armor.erl:10117
防具,3000562,远行头盔,0,全职业,2,蓝/精良,槽位104,3000562,,0,,0,src/conf/conf_armor.erl:10135
防具,3000563,远行头盔,0,全职业,2,蓝/精良,槽位104,3000563,,0,,0,src/conf/conf_armor.erl:10153
防具,3000564,远行头盔,0,全职业,2,蓝/精良,槽位104,3000564,,0,,0,src/conf/conf_armor.erl:10171
防具,3000565,远行头盔,0,全职业,2,蓝/精良,槽位104,3000565,,0,,0,src/conf/conf_armor.erl:10189
防具,3000566,远行头盔,0,全职业,2,蓝/精良,槽位104,3000566,,0,,0,src/conf/conf_armor.erl:10207
防具,3000567,远行头盔,0,全职业,2,蓝/精良,槽位104,3000567,,0,,0,src/conf/conf_armor.erl:10225
防具,3000568,远行头盔,0,全职业,2,蓝/精良,槽位104,3000568,,0,,0,src/conf/conf_armor.erl:10243
防具,3000569,远行头盔,0,全职业,2,蓝/精良,槽位104,3000569,,0,,0,src/conf/conf_armor.erl:10261
防具,3000570,远行头盔,0,全职业,2,蓝/精良,槽位104,3000570,,0,,0,src/conf/conf_armor.erl:10279
防具,3000571,拓荒头盔,0,全职业,2,蓝/精良,槽位104,3000571,,0,,0,src/conf/conf_armor.erl:10297
防具,3000572,拓荒头盔,0,全职业,2,蓝/精良,槽位104,3000572,,0,,0,src/conf/conf_armor.erl:10315
防具,3000573,拓荒头盔,0,全职业,2,蓝/精良,槽位104,3000573,,0,,0,src/conf/conf_armor.erl:10333
防具,3000574,拓荒头盔,0,全职业,2,蓝/精良,槽位104,3000574,,0,,0,src/conf/conf_armor.erl:10351
防具,3000575,拓荒头盔,0,全职业,2,蓝/精良,槽位104,3000575,,0,,0,src/conf/conf_armor.erl:10369
防具,3000576,拓荒头盔,0,全职业,2,蓝/精良,槽位104,3000576,,0,,0,src/conf/conf_armor.erl:10387
防具,3000577,拓荒头盔,0,全职业,2,蓝/精良,槽位104,3000577,,0,,0,src/conf/conf_armor.erl:10405
防具,3000578,拓荒头盔,0,全职业,2,蓝/精良,槽位104,3000578,,0,,0,src/conf/conf_armor.erl:10423
防具,3000579,拓荒头盔,0,全职业,2,蓝/精良,槽位104,3000579,,0,,0,src/conf/conf_armor.erl:10441
防具,3000580,拓荒头盔,0,全职业,2,蓝/精良,槽位104,3000580,,0,,0,src/conf/conf_armor.erl:10459
防具,3000581,拓荒头盔,0,全职业,2,蓝/精良,槽位104,3000581,,0,,0,src/conf/conf_armor.erl:10477
防具,3000582,拓荒头盔,0,全职业,2,蓝/精良,槽位104,3000582,,0,,0,src/conf/conf_armor.erl:10495
防具,3000583,拓荒头盔,0,全职业,2,蓝/精良,槽位104,3000583,,0,,0,src/conf/conf_armor.erl:10513
防具,3000584,拓荒头盔,0,全职业,2,蓝/精良,槽位104,3000584,,0,,0,src/conf/conf_armor.erl:10531
防具,3000585,拓荒头盔,0,全职业,2,蓝/精良,槽位104,3000585,,0,,0,src/conf/conf_armor.erl:10549
防具,3000586,拓荒头盔,0,全职业,2,蓝/精良,槽位104,3000586,,0,,0,src/conf/conf_armor.erl:10567
防具,3000587,拓荒头盔,0,全职业,2,蓝/精良,槽位104,3000587,,0,,0,src/conf/conf_armor.erl:10585
防具,3000588,拓荒头盔,0,全职业,2,蓝/精良,槽位104,3000588,,0,,0,src/conf/conf_armor.erl:10603
防具,3000589,拓荒头盔,0,全职业,2,蓝/精良,槽位104,3000589,,0,,0,src/conf/conf_armor.erl:10621
防具,3000590,拓荒头盔,0,全职业,2,蓝/精良,槽位104,3000590,,0,,0,src/conf/conf_armor.erl:10639
防具,3000591,远征头盔,0,全职业,2,蓝/精良,槽位104,3000591,,0,,0,src/conf/conf_armor.erl:10657
防具,3000592,远征头盔,0,全职业,2,蓝/精良,槽位104,3000592,,0,,0,src/conf/conf_armor.erl:10675
防具,3000593,远征头盔,0,全职业,2,蓝/精良,槽位104,3000593,,0,,0,src/conf/conf_armor.erl:10693
防具,3000594,远征头盔,0,全职业,2,蓝/精良,槽位104,3000594,,0,,0,src/conf/conf_armor.erl:10711
防具,3000595,远征头盔,0,全职业,2,蓝/精良,槽位104,3000595,,0,,0,src/conf/conf_armor.erl:10729
防具,3000596,远征头盔,0,全职业,2,蓝/精良,槽位104,3000596,,0,,0,src/conf/conf_armor.erl:10747
防具,3000597,远征头盔,0,全职业,2,蓝/精良,槽位104,3000597,,0,,0,src/conf/conf_armor.erl:10765
防具,3000598,远征头盔,0,全职业,2,蓝/精良,槽位104,3000598,,0,,0,src/conf/conf_armor.erl:10783
防具,3000599,远征头盔,0,全职业,2,蓝/精良,槽位104,3000599,,0,,0,src/conf/conf_armor.erl:10801
防具,3000600,远征头盔,0,全职业,2,蓝/精良,槽位104,3000600,,0,,0,src/conf/conf_armor.erl:10819
防具,3000601,远征头盔,0,全职业,2,蓝/精良,槽位104,3000601,,0,,0,src/conf/conf_armor.erl:10837
防具,3000602,远征头盔,0,全职业,2,蓝/精良,槽位104,3000602,,0,,0,src/conf/conf_armor.erl:10855
防具,3000603,远征头盔,0,全职业,2,蓝/精良,槽位104,3000603,,0,,0,src/conf/conf_armor.erl:10873
防具,3000604,远征头盔,0,全职业,2,蓝/精良,槽位104,3000604,,0,,0,src/conf/conf_armor.erl:10891
防具,3000605,远征头盔,0,全职业,2,蓝/精良,槽位104,3000605,,0,,0,src/conf/conf_armor.erl:10909
防具,3000606,远征头盔,0,全职业,2,蓝/精良,槽位104,3000606,,0,,0,src/conf/conf_armor.erl:10927
防具,3000607,远征头盔,0,全职业,2,蓝/精良,槽位104,3000607,,0,,0,src/conf/conf_armor.erl:10945
防具,3000608,远征头盔,0,全职业,2,蓝/精良,槽位104,3000608,,0,,0,src/conf/conf_armor.erl:10963
防具,3000609,远征头盔,0,全职业,2,蓝/精良,槽位104,3000609,,0,,0,src/conf/conf_armor.erl:10981
防具,3000610,远征头盔,0,全职业,2,蓝/精良,槽位104,3000610,,0,,0,src/conf/conf_armor.erl:10999
防具,3000611,破境头盔,0,全职业,2,蓝/精良,槽位104,3000611,,0,,0,src/conf/conf_armor.erl:11017
防具,3000612,破境头盔,0,全职业,2,蓝/精良,槽位104,3000612,,0,,0,src/conf/conf_armor.erl:11035
防具,3000613,破境头盔,0,全职业,2,蓝/精良,槽位104,3000613,,0,,0,src/conf/conf_armor.erl:11053
防具,3000614,破境头盔,0,全职业,2,蓝/精良,槽位104,3000614,,0,,0,src/conf/conf_armor.erl:11071
防具,3000615,破境头盔,0,全职业,2,蓝/精良,槽位104,3000615,,0,,0,src/conf/conf_armor.erl:11089
防具,3000616,破境头盔,0,全职业,2,蓝/精良,槽位104,3000616,,0,,0,src/conf/conf_armor.erl:11107
防具,3000617,破境头盔,0,全职业,2,蓝/精良,槽位104,3000617,,0,,0,src/conf/conf_armor.erl:11125
防具,3000618,破境头盔,0,全职业,2,蓝/精良,槽位104,3000618,,0,,0,src/conf/conf_armor.erl:11143
防具,3000619,破境头盔,0,全职业,2,蓝/精良,槽位104,3000619,,0,,0,src/conf/conf_armor.erl:11161
防具,3000620,破境头盔,0,全职业,2,蓝/精良,槽位104,3000620,,0,,0,src/conf/conf_armor.erl:11179
防具,3000621,破境头盔,0,全职业,2,蓝/精良,槽位104,3000621,,0,,0,src/conf/conf_armor.erl:11197
防具,3000622,破境头盔,0,全职业,2,蓝/精良,槽位104,3000622,,0,,0,src/conf/conf_armor.erl:11215
防具,3000623,破境头盔,0,全职业,2,蓝/精良,槽位104,3000623,,0,,0,src/conf/conf_armor.erl:11233
防具,3000624,破境头盔,0,全职业,2,蓝/精良,槽位104,3000624,,0,,0,src/conf/conf_armor.erl:11251
防具,3000625,破境头盔,0,全职业,2,蓝/精良,槽位104,3000625,,0,,0,src/conf/conf_armor.erl:11269
防具,3000626,破境头盔,0,全职业,2,蓝/精良,槽位104,3000626,,0,,0,src/conf/conf_armor.erl:11287
防具,3000627,破境头盔,0,全职业,2,蓝/精良,槽位104,3000627,,0,,0,src/conf/conf_armor.erl:11305
防具,3000628,破境头盔,0,全职业,2,蓝/精良,槽位104,3000628,,0,,0,src/conf/conf_armor.erl:11323
防具,3000629,破境头盔,0,全职业,2,蓝/精良,槽位104,3000629,,0,,0,src/conf/conf_armor.erl:11341
防具,3000630,破境头盔,0,全职业,2,蓝/精良,槽位104,3000630,,0,,0,src/conf/conf_armor.erl:11359
防具,3000631,启程披风,0,全职业,2,蓝/精良,槽位105,3000631,,0,,0,src/conf/conf_armor.erl:11377
防具,3000632,启程披风,0,全职业,2,蓝/精良,槽位105,3000632,,0,,0,src/conf/conf_armor.erl:11395
防具,3000633,启程披风,0,全职业,2,蓝/精良,槽位105,3000633,,0,,0,src/conf/conf_armor.erl:11413
防具,3000634,启程披风,0,全职业,2,蓝/精良,槽位105,3000634,,0,,0,src/conf/conf_armor.erl:11431
防具,3000635,启程披风,0,全职业,2,蓝/精良,槽位105,3000635,,0,,0,src/conf/conf_armor.erl:11449
防具,3000636,启程披风,0,全职业,2,蓝/精良,槽位105,3000636,,0,,0,src/conf/conf_armor.erl:11467
防具,3000637,启程披风,0,全职业,2,蓝/精良,槽位105,3000637,,0,,0,src/conf/conf_armor.erl:11485
防具,3000638,启程披风,0,全职业,2,蓝/精良,槽位105,3000638,,0,,0,src/conf/conf_armor.erl:11503
防具,3000639,启程披风,0,全职业,2,蓝/精良,槽位105,3000639,,0,,0,src/conf/conf_armor.erl:11521
防具,3000640,启程披风,0,全职业,2,蓝/精良,槽位105,3000640,,0,,0,src/conf/conf_armor.erl:11539
防具,3000641,寻路披风,0,全职业,2,蓝/精良,槽位105,3000641,,0,,0,src/conf/conf_armor.erl:11557
防具,3000642,寻路披风,0,全职业,2,蓝/精良,槽位105,3000642,,0,,0,src/conf/conf_armor.erl:11575
防具,3000643,寻路披风,0,全职业,2,蓝/精良,槽位105,3000643,,0,,0,src/conf/conf_armor.erl:11593
防具,3000644,寻路披风,0,全职业,2,蓝/精良,槽位105,3000644,,0,,0,src/conf/conf_armor.erl:11611
防具,3000645,寻路披风,0,全职业,2,蓝/精良,槽位105,3000645,,0,,0,src/conf/conf_armor.erl:11629
防具,3000646,寻路披风,0,全职业,2,蓝/精良,槽位105,3000646,,0,,0,src/conf/conf_armor.erl:11647
防具,3000647,寻路披风,0,全职业,2,蓝/精良,槽位105,3000647,,0,,0,src/conf/conf_armor.erl:11665
防具,3000648,寻路披风,0,全职业,2,蓝/精良,槽位105,3000648,,0,,0,src/conf/conf_armor.erl:11683
防具,3000649,寻路披风,0,全职业,2,蓝/精良,槽位105,3000649,,0,,0,src/conf/conf_armor.erl:11701
防具,3000650,寻路披风,0,全职业,2,蓝/精良,槽位105,3000650,,0,,0,src/conf/conf_armor.erl:11719
防具,3000651,远行披风,0,全职业,2,蓝/精良,槽位105,3000651,,0,,0,src/conf/conf_armor.erl:11737
防具,3000652,远行披风,0,全职业,2,蓝/精良,槽位105,3000652,,0,,0,src/conf/conf_armor.erl:11755
防具,3000653,远行披风,0,全职业,2,蓝/精良,槽位105,3000653,,0,,0,src/conf/conf_armor.erl:11773
防具,3000654,远行披风,0,全职业,2,蓝/精良,槽位105,3000654,,0,,0,src/conf/conf_armor.erl:11791
防具,3000655,远行披风,0,全职业,2,蓝/精良,槽位105,3000655,,0,,0,src/conf/conf_armor.erl:11809
防具,3000656,远行披风,0,全职业,2,蓝/精良,槽位105,3000656,,0,,0,src/conf/conf_armor.erl:11827
防具,3000657,远行披风,0,全职业,2,蓝/精良,槽位105,3000657,,0,,0,src/conf/conf_armor.erl:11845
防具,3000658,远行披风,0,全职业,2,蓝/精良,槽位105,3000658,,0,,0,src/conf/conf_armor.erl:11863
防具,3000659,远行披风,0,全职业,2,蓝/精良,槽位105,3000659,,0,,0,src/conf/conf_armor.erl:11881
防具,3000660,远行披风,0,全职业,2,蓝/精良,槽位105,3000660,,0,,0,src/conf/conf_armor.erl:11899
防具,3000661,拓荒披风,0,全职业,2,蓝/精良,槽位105,3000661,,0,,0,src/conf/conf_armor.erl:11917
防具,3000662,拓荒披风,0,全职业,2,蓝/精良,槽位105,3000662,,0,,0,src/conf/conf_armor.erl:11935
防具,3000663,拓荒披风,0,全职业,2,蓝/精良,槽位105,3000663,,0,,0,src/conf/conf_armor.erl:11953
防具,3000664,拓荒披风,0,全职业,2,蓝/精良,槽位105,3000664,,0,,0,src/conf/conf_armor.erl:11971
防具,3000665,拓荒披风,0,全职业,2,蓝/精良,槽位105,3000665,,0,,0,src/conf/conf_armor.erl:11989
防具,3000666,拓荒披风,0,全职业,2,蓝/精良,槽位105,3000666,,0,,0,src/conf/conf_armor.erl:12007
防具,3000667,拓荒披风,0,全职业,2,蓝/精良,槽位105,3000667,,0,,0,src/conf/conf_armor.erl:12025
防具,3000668,拓荒披风,0,全职业,2,蓝/精良,槽位105,3000668,,0,,0,src/conf/conf_armor.erl:12043
防具,3000669,拓荒披风,0,全职业,2,蓝/精良,槽位105,3000669,,0,,0,src/conf/conf_armor.erl:12061
防具,3000670,拓荒披风,0,全职业,2,蓝/精良,槽位105,3000670,,0,,0,src/conf/conf_armor.erl:12079
防具,3000671,拓荒披风,0,全职业,2,蓝/精良,槽位105,3000671,,0,,0,src/conf/conf_armor.erl:12097
防具,3000672,拓荒披风,0,全职业,2,蓝/精良,槽位105,3000672,,0,,0,src/conf/conf_armor.erl:12115
防具,3000673,拓荒披风,0,全职业,2,蓝/精良,槽位105,3000673,,0,,0,src/conf/conf_armor.erl:12133
防具,3000674,拓荒披风,0,全职业,2,蓝/精良,槽位105,3000674,,0,,0,src/conf/conf_armor.erl:12151
防具,3000675,拓荒披风,0,全职业,2,蓝/精良,槽位105,3000675,,0,,0,src/conf/conf_armor.erl:12169
防具,3000676,拓荒披风,0,全职业,2,蓝/精良,槽位105,3000676,,0,,0,src/conf/conf_armor.erl:12187
防具,3000677,拓荒披风,0,全职业,2,蓝/精良,槽位105,3000677,,0,,0,src/conf/conf_armor.erl:12205
防具,3000678,拓荒披风,0,全职业,2,蓝/精良,槽位105,3000678,,0,,0,src/conf/conf_armor.erl:12223
防具,3000679,拓荒披风,0,全职业,2,蓝/精良,槽位105,3000679,,0,,0,src/conf/conf_armor.erl:12241
防具,3000680,拓荒披风,0,全职业,2,蓝/精良,槽位105,3000680,,0,,0,src/conf/conf_armor.erl:12259
防具,3000681,远征披风,0,全职业,2,蓝/精良,槽位105,3000681,,0,,0,src/conf/conf_armor.erl:12277
防具,3000682,远征披风,0,全职业,2,蓝/精良,槽位105,3000682,,0,,0,src/conf/conf_armor.erl:12295
防具,3000683,远征披风,0,全职业,2,蓝/精良,槽位105,3000683,,0,,0,src/conf/conf_armor.erl:12313
防具,3000684,远征披风,0,全职业,2,蓝/精良,槽位105,3000684,,0,,0,src/conf/conf_armor.erl:12331
防具,3000685,远征披风,0,全职业,2,蓝/精良,槽位105,3000685,,0,,0,src/conf/conf_armor.erl:12349
防具,3000686,远征披风,0,全职业,2,蓝/精良,槽位105,3000686,,0,,0,src/conf/conf_armor.erl:12367
防具,3000687,远征披风,0,全职业,2,蓝/精良,槽位105,3000687,,0,,0,src/conf/conf_armor.erl:12385
防具,3000688,远征披风,0,全职业,2,蓝/精良,槽位105,3000688,,0,,0,src/conf/conf_armor.erl:12403
防具,3000689,远征披风,0,全职业,2,蓝/精良,槽位105,3000689,,0,,0,src/conf/conf_armor.erl:12421
防具,3000690,远征披风,0,全职业,2,蓝/精良,槽位105,3000690,,0,,0,src/conf/conf_armor.erl:12439
防具,3000691,远征披风,0,全职业,2,蓝/精良,槽位105,3000691,,0,,0,src/conf/conf_armor.erl:12457
防具,3000692,远征披风,0,全职业,2,蓝/精良,槽位105,3000692,,0,,0,src/conf/conf_armor.erl:12475
防具,3000693,远征披风,0,全职业,2,蓝/精良,槽位105,3000693,,0,,0,src/conf/conf_armor.erl:12493
防具,3000694,远征披风,0,全职业,2,蓝/精良,槽位105,3000694,,0,,0,src/conf/conf_armor.erl:12511
防具,3000695,远征披风,0,全职业,2,蓝/精良,槽位105,3000695,,0,,0,src/conf/conf_armor.erl:12529
防具,3000696,远征披风,0,全职业,2,蓝/精良,槽位105,3000696,,0,,0,src/conf/conf_armor.erl:12547
防具,3000697,远征披风,0,全职业,2,蓝/精良,槽位105,3000697,,0,,0,src/conf/conf_armor.erl:12565
防具,3000698,远征披风,0,全职业,2,蓝/精良,槽位105,3000698,,0,,0,src/conf/conf_armor.erl:12583
防具,3000699,远征披风,0,全职业,2,蓝/精良,槽位105,3000699,,0,,0,src/conf/conf_armor.erl:12601
防具,3000700,远征披风,0,全职业,2,蓝/精良,槽位105,3000700,,0,,0,src/conf/conf_armor.erl:12619
防具,3000701,破境披风,0,全职业,2,蓝/精良,槽位105,3000701,,0,,0,src/conf/conf_armor.erl:12637
防具,3000702,破境披风,0,全职业,2,蓝/精良,槽位105,3000702,,0,,0,src/conf/conf_armor.erl:12655
防具,3000703,破境披风,0,全职业,2,蓝/精良,槽位105,3000703,,0,,0,src/conf/conf_armor.erl:12673
防具,3000704,破境披风,0,全职业,2,蓝/精良,槽位105,3000704,,0,,0,src/conf/conf_armor.erl:12691
防具,3000705,破境披风,0,全职业,2,蓝/精良,槽位105,3000705,,0,,0,src/conf/conf_armor.erl:12709
防具,3000706,破境披风,0,全职业,2,蓝/精良,槽位105,3000706,,0,,0,src/conf/conf_armor.erl:12727
防具,3000707,破境披风,0,全职业,2,蓝/精良,槽位105,3000707,,0,,0,src/conf/conf_armor.erl:12745
防具,3000708,破境披风,0,全职业,2,蓝/精良,槽位105,3000708,,0,,0,src/conf/conf_armor.erl:12763
防具,3000709,破境披风,0,全职业,2,蓝/精良,槽位105,3000709,,0,,0,src/conf/conf_armor.erl:12781
防具,3000710,破境披风,0,全职业,2,蓝/精良,槽位105,3000710,,0,,0,src/conf/conf_armor.erl:12799
防具,3000711,破境披风,0,全职业,2,蓝/精良,槽位105,3000711,,0,,0,src/conf/conf_armor.erl:12817
防具,3000712,破境披风,0,全职业,2,蓝/精良,槽位105,3000712,,0,,0,src/conf/conf_armor.erl:12835
防具,3000713,破境披风,0,全职业,2,蓝/精良,槽位105,3000713,,0,,0,src/conf/conf_armor.erl:12853
防具,3000714,破境披风,0,全职业,2,蓝/精良,槽位105,3000714,,0,,0,src/conf/conf_armor.erl:12871
防具,3000715,破境披风,0,全职业,2,蓝/精良,槽位105,3000715,,0,,0,src/conf/conf_armor.erl:12889
防具,3000716,破境披风,0,全职业,2,蓝/精良,槽位105,3000716,,0,,0,src/conf/conf_armor.erl:12907
防具,3000717,破境披风,0,全职业,2,蓝/精良,槽位105,3000717,,0,,0,src/conf/conf_armor.erl:12925
防具,3000718,破境披风,0,全职业,2,蓝/精良,槽位105,3000718,,0,,0,src/conf/conf_armor.erl:12943
防具,3000719,破境披风,0,全职业,2,蓝/精良,槽位105,3000719,,0,,0,src/conf/conf_armor.erl:12961
防具,3000720,破境披风,0,全职业,2,蓝/精良,槽位105,3000720,,0,,0,src/conf/conf_armor.erl:12979
防具,3000721,启程胸甲,0,全职业,2,蓝/精良,槽位106,3000721,,0,,0,src/conf/conf_armor.erl:12997
防具,3000722,启程胸甲,0,全职业,2,蓝/精良,槽位106,3000722,,0,,0,src/conf/conf_armor.erl:13015
防具,3000723,启程胸甲,0,全职业,2,蓝/精良,槽位106,3000723,,0,,0,src/conf/conf_armor.erl:13033
防具,3000724,启程胸甲,0,全职业,2,蓝/精良,槽位106,3000724,,0,,0,src/conf/conf_armor.erl:13051
防具,3000725,启程胸甲,0,全职业,2,蓝/精良,槽位106,3000725,,0,,0,src/conf/conf_armor.erl:13069
防具,3000726,启程胸甲,0,全职业,2,蓝/精良,槽位106,3000726,,0,,0,src/conf/conf_armor.erl:13087
防具,3000727,启程胸甲,0,全职业,2,蓝/精良,槽位106,3000727,,0,,0,src/conf/conf_armor.erl:13105
防具,3000728,启程胸甲,0,全职业,2,蓝/精良,槽位106,3000728,,0,,0,src/conf/conf_armor.erl:13123
防具,3000729,启程胸甲,0,全职业,2,蓝/精良,槽位106,3000729,,0,,0,src/conf/conf_armor.erl:13141
防具,3000730,启程胸甲,0,全职业,2,蓝/精良,槽位106,3000730,,0,,0,src/conf/conf_armor.erl:13159
防具,3000731,寻路胸甲,0,全职业,2,蓝/精良,槽位106,3000731,,0,,0,src/conf/conf_armor.erl:13177
防具,3000732,寻路胸甲,0,全职业,2,蓝/精良,槽位106,3000732,,0,,0,src/conf/conf_armor.erl:13195
防具,3000733,寻路胸甲,0,全职业,2,蓝/精良,槽位106,3000733,,0,,0,src/conf/conf_armor.erl:13213
防具,3000734,寻路胸甲,0,全职业,2,蓝/精良,槽位106,3000734,,0,,0,src/conf/conf_armor.erl:13231
防具,3000735,寻路胸甲,0,全职业,2,蓝/精良,槽位106,3000735,,0,,0,src/conf/conf_armor.erl:13249
防具,3000736,寻路胸甲,0,全职业,2,蓝/精良,槽位106,3000736,,0,,0,src/conf/conf_armor.erl:13267
防具,3000737,寻路胸甲,0,全职业,2,蓝/精良,槽位106,3000737,,0,,0,src/conf/conf_armor.erl:13285
防具,3000738,寻路胸甲,0,全职业,2,蓝/精良,槽位106,3000738,,0,,0,src/conf/conf_armor.erl:13303
防具,3000739,寻路胸甲,0,全职业,2,蓝/精良,槽位106,3000739,,0,,0,src/conf/conf_armor.erl:13321
防具,3000740,寻路胸甲,0,全职业,2,蓝/精良,槽位106,3000740,,0,,0,src/conf/conf_armor.erl:13339
防具,3000741,远行胸甲,0,全职业,2,蓝/精良,槽位106,3000741,,0,,0,src/conf/conf_armor.erl:13357
防具,3000742,远行胸甲,0,全职业,2,蓝/精良,槽位106,3000742,,0,,0,src/conf/conf_armor.erl:13375
防具,3000743,远行胸甲,0,全职业,2,蓝/精良,槽位106,3000743,,0,,0,src/conf/conf_armor.erl:13393
防具,3000744,远行胸甲,0,全职业,2,蓝/精良,槽位106,3000744,,0,,0,src/conf/conf_armor.erl:13411
防具,3000745,远行胸甲,0,全职业,2,蓝/精良,槽位106,3000745,,0,,0,src/conf/conf_armor.erl:13429
防具,3000746,远行胸甲,0,全职业,2,蓝/精良,槽位106,3000746,,0,,0,src/conf/conf_armor.erl:13447
防具,3000747,远行胸甲,0,全职业,2,蓝/精良,槽位106,3000747,,0,,0,src/conf/conf_armor.erl:13465
防具,3000748,远行胸甲,0,全职业,2,蓝/精良,槽位106,3000748,,0,,0,src/conf/conf_armor.erl:13483
防具,3000749,远行胸甲,0,全职业,2,蓝/精良,槽位106,3000749,,0,,0,src/conf/conf_armor.erl:13501
防具,3000750,远行胸甲,0,全职业,2,蓝/精良,槽位106,3000750,,0,,0,src/conf/conf_armor.erl:13519
防具,3000751,拓荒胸甲,0,全职业,2,蓝/精良,槽位106,3000751,,0,,0,src/conf/conf_armor.erl:13537
防具,3000752,拓荒胸甲,0,全职业,2,蓝/精良,槽位106,3000752,,0,,0,src/conf/conf_armor.erl:13555
防具,3000753,拓荒胸甲,0,全职业,2,蓝/精良,槽位106,3000753,,0,,0,src/conf/conf_armor.erl:13573
防具,3000754,拓荒胸甲,0,全职业,2,蓝/精良,槽位106,3000754,,0,,0,src/conf/conf_armor.erl:13591
防具,3000755,拓荒胸甲,0,全职业,2,蓝/精良,槽位106,3000755,,0,,0,src/conf/conf_armor.erl:13609
防具,3000756,拓荒胸甲,0,全职业,2,蓝/精良,槽位106,3000756,,0,,0,src/conf/conf_armor.erl:13627
防具,3000757,拓荒胸甲,0,全职业,2,蓝/精良,槽位106,3000757,,0,,0,src/conf/conf_armor.erl:13645
防具,3000758,拓荒胸甲,0,全职业,2,蓝/精良,槽位106,3000758,,0,,0,src/conf/conf_armor.erl:13663
防具,3000759,拓荒胸甲,0,全职业,2,蓝/精良,槽位106,3000759,,0,,0,src/conf/conf_armor.erl:13681
防具,3000760,拓荒胸甲,0,全职业,2,蓝/精良,槽位106,3000760,,0,,0,src/conf/conf_armor.erl:13699
防具,3000761,拓荒胸甲,0,全职业,2,蓝/精良,槽位106,3000761,,0,,0,src/conf/conf_armor.erl:13717
防具,3000762,拓荒胸甲,0,全职业,2,蓝/精良,槽位106,3000762,,0,,0,src/conf/conf_armor.erl:13735
防具,3000763,拓荒胸甲,0,全职业,2,蓝/精良,槽位106,3000763,,0,,0,src/conf/conf_armor.erl:13753
防具,3000764,拓荒胸甲,0,全职业,2,蓝/精良,槽位106,3000764,,0,,0,src/conf/conf_armor.erl:13771
防具,3000765,拓荒胸甲,0,全职业,2,蓝/精良,槽位106,3000765,,0,,0,src/conf/conf_armor.erl:13789
防具,3000766,拓荒胸甲,0,全职业,2,蓝/精良,槽位106,3000766,,0,,0,src/conf/conf_armor.erl:13807
防具,3000767,拓荒胸甲,0,全职业,2,蓝/精良,槽位106,3000767,,0,,0,src/conf/conf_armor.erl:13825
防具,3000768,拓荒胸甲,0,全职业,2,蓝/精良,槽位106,3000768,,0,,0,src/conf/conf_armor.erl:13843
防具,3000769,拓荒胸甲,0,全职业,2,蓝/精良,槽位106,3000769,,0,,0,src/conf/conf_armor.erl:13861
防具,3000770,拓荒胸甲,0,全职业,2,蓝/精良,槽位106,3000770,,0,,0,src/conf/conf_armor.erl:13879
防具,3000771,远征胸甲,0,全职业,2,蓝/精良,槽位106,3000771,,0,,0,src/conf/conf_armor.erl:13897
防具,3000772,远征胸甲,0,全职业,2,蓝/精良,槽位106,3000772,,0,,0,src/conf/conf_armor.erl:13915
防具,3000773,远征胸甲,0,全职业,2,蓝/精良,槽位106,3000773,,0,,0,src/conf/conf_armor.erl:13933
防具,3000774,远征胸甲,0,全职业,2,蓝/精良,槽位106,3000774,,0,,0,src/conf/conf_armor.erl:13951
防具,3000775,远征胸甲,0,全职业,2,蓝/精良,槽位106,3000775,,0,,0,src/conf/conf_armor.erl:13969
防具,3000776,远征胸甲,0,全职业,2,蓝/精良,槽位106,3000776,,0,,0,src/conf/conf_armor.erl:13987
防具,3000777,远征胸甲,0,全职业,2,蓝/精良,槽位106,3000777,,0,,0,src/conf/conf_armor.erl:14005
防具,3000778,远征胸甲,0,全职业,2,蓝/精良,槽位106,3000778,,0,,0,src/conf/conf_armor.erl:14023
防具,3000779,远征胸甲,0,全职业,2,蓝/精良,槽位106,3000779,,0,,0,src/conf/conf_armor.erl:14041
防具,3000780,远征胸甲,0,全职业,2,蓝/精良,槽位106,3000780,,0,,0,src/conf/conf_armor.erl:14059
防具,3000781,远征胸甲,0,全职业,2,蓝/精良,槽位106,3000781,,0,,0,src/conf/conf_armor.erl:14077
防具,3000782,远征胸甲,0,全职业,2,蓝/精良,槽位106,3000782,,0,,0,src/conf/conf_armor.erl:14095
防具,3000783,远征胸甲,0,全职业,2,蓝/精良,槽位106,3000783,,0,,0,src/conf/conf_armor.erl:14113
防具,3000784,远征胸甲,0,全职业,2,蓝/精良,槽位106,3000784,,0,,0,src/conf/conf_armor.erl:14131
防具,3000785,远征胸甲,0,全职业,2,蓝/精良,槽位106,3000785,,0,,0,src/conf/conf_armor.erl:14149
防具,3000786,远征胸甲,0,全职业,2,蓝/精良,槽位106,3000786,,0,,0,src/conf/conf_armor.erl:14167
防具,3000787,远征胸甲,0,全职业,2,蓝/精良,槽位106,3000787,,0,,0,src/conf/conf_armor.erl:14185
防具,3000788,远征胸甲,0,全职业,2,蓝/精良,槽位106,3000788,,0,,0,src/conf/conf_armor.erl:14203
防具,3000789,远征胸甲,0,全职业,2,蓝/精良,槽位106,3000789,,0,,0,src/conf/conf_armor.erl:14221
防具,3000790,远征胸甲,0,全职业,2,蓝/精良,槽位106,3000790,,0,,0,src/conf/conf_armor.erl:14239
防具,3000791,破境胸甲,0,全职业,2,蓝/精良,槽位106,3000791,,0,,0,src/conf/conf_armor.erl:14257
防具,3000792,破境胸甲,0,全职业,2,蓝/精良,槽位106,3000792,,0,,0,src/conf/conf_armor.erl:14275
防具,3000793,破境胸甲,0,全职业,2,蓝/精良,槽位106,3000793,,0,,0,src/conf/conf_armor.erl:14293
防具,3000794,破境胸甲,0,全职业,2,蓝/精良,槽位106,3000794,,0,,0,src/conf/conf_armor.erl:14311
防具,3000795,破境胸甲,0,全职业,2,蓝/精良,槽位106,3000795,,0,,0,src/conf/conf_armor.erl:14329
防具,3000796,破境胸甲,0,全职业,2,蓝/精良,槽位106,3000796,,0,,0,src/conf/conf_armor.erl:14347
防具,3000797,破境胸甲,0,全职业,2,蓝/精良,槽位106,3000797,,0,,0,src/conf/conf_armor.erl:14365
防具,3000798,破境胸甲,0,全职业,2,蓝/精良,槽位106,3000798,,0,,0,src/conf/conf_armor.erl:14383
防具,3000799,破境胸甲,0,全职业,2,蓝/精良,槽位106,3000799,,0,,0,src/conf/conf_armor.erl:14401
防具,3000800,破境胸甲,0,全职业,2,蓝/精良,槽位106,3000800,,0,,0,src/conf/conf_armor.erl:14419
防具,3000801,破境胸甲,0,全职业,2,蓝/精良,槽位106,3000801,,0,,0,src/conf/conf_armor.erl:14437
防具,3000802,破境胸甲,0,全职业,2,蓝/精良,槽位106,3000802,,0,,0,src/conf/conf_armor.erl:14455
防具,3000803,破境胸甲,0,全职业,2,蓝/精良,槽位106,3000803,,0,,0,src/conf/conf_armor.erl:14473
防具,3000804,破境胸甲,0,全职业,2,蓝/精良,槽位106,3000804,,0,,0,src/conf/conf_armor.erl:14491
防具,3000805,破境胸甲,0,全职业,2,蓝/精良,槽位106,3000805,,0,,0,src/conf/conf_armor.erl:14509
防具,3000806,破境胸甲,0,全职业,2,蓝/精良,槽位106,3000806,,0,,0,src/conf/conf_armor.erl:14527
防具,3000807,破境胸甲,0,全职业,2,蓝/精良,槽位106,3000807,,0,,0,src/conf/conf_armor.erl:14545
防具,3000808,破境胸甲,0,全职业,2,蓝/精良,槽位106,3000808,,0,,0,src/conf/conf_armor.erl:14563
防具,3000809,破境胸甲,0,全职业,2,蓝/精良,槽位106,3000809,,0,,0,src/conf/conf_armor.erl:14581
防具,3000810,破境胸甲,0,全职业,2,蓝/精良,槽位106,3000810,,0,,0,src/conf/conf_armor.erl:14599
防具,3000811,启程鞋子,0,全职业,2,蓝/精良,槽位107,3000811,,0,,0,src/conf/conf_armor.erl:14617
防具,3000812,启程鞋子,0,全职业,2,蓝/精良,槽位107,3000812,,0,,0,src/conf/conf_armor.erl:14635
防具,3000813,启程鞋子,0,全职业,2,蓝/精良,槽位107,3000813,,0,,0,src/conf/conf_armor.erl:14653
防具,3000814,启程鞋子,0,全职业,2,蓝/精良,槽位107,3000814,,0,,0,src/conf/conf_armor.erl:14671
防具,3000815,启程鞋子,0,全职业,2,蓝/精良,槽位107,3000815,,0,,0,src/conf/conf_armor.erl:14689
防具,3000816,启程鞋子,0,全职业,2,蓝/精良,槽位107,3000816,,0,,0,src/conf/conf_armor.erl:14707
防具,3000817,启程鞋子,0,全职业,2,蓝/精良,槽位107,3000817,,0,,0,src/conf/conf_armor.erl:14725
防具,3000818,启程鞋子,0,全职业,2,蓝/精良,槽位107,3000818,,0,,0,src/conf/conf_armor.erl:14743
防具,3000819,启程鞋子,0,全职业,2,蓝/精良,槽位107,3000819,,0,,0,src/conf/conf_armor.erl:14761
防具,3000820,启程鞋子,0,全职业,2,蓝/精良,槽位107,3000820,,0,,0,src/conf/conf_armor.erl:14779
防具,3000821,寻路鞋子,0,全职业,2,蓝/精良,槽位107,3000821,,0,,0,src/conf/conf_armor.erl:14797
防具,3000822,寻路鞋子,0,全职业,2,蓝/精良,槽位107,3000822,,0,,0,src/conf/conf_armor.erl:14815
防具,3000823,寻路鞋子,0,全职业,2,蓝/精良,槽位107,3000823,,0,,0,src/conf/conf_armor.erl:14833
防具,3000824,寻路鞋子,0,全职业,2,蓝/精良,槽位107,3000824,,0,,0,src/conf/conf_armor.erl:14851
防具,3000825,寻路鞋子,0,全职业,2,蓝/精良,槽位107,3000825,,0,,0,src/conf/conf_armor.erl:14869
防具,3000826,寻路鞋子,0,全职业,2,蓝/精良,槽位107,3000826,,0,,0,src/conf/conf_armor.erl:14887
防具,3000827,寻路鞋子,0,全职业,2,蓝/精良,槽位107,3000827,,0,,0,src/conf/conf_armor.erl:14905
防具,3000828,寻路鞋子,0,全职业,2,蓝/精良,槽位107,3000828,,0,,0,src/conf/conf_armor.erl:14923
防具,3000829,寻路鞋子,0,全职业,2,蓝/精良,槽位107,3000829,,0,,0,src/conf/conf_armor.erl:14941
防具,3000830,寻路鞋子,0,全职业,2,蓝/精良,槽位107,3000830,,0,,0,src/conf/conf_armor.erl:14959
防具,3000831,远行鞋子,0,全职业,2,蓝/精良,槽位107,3000831,,0,,0,src/conf/conf_armor.erl:14977
防具,3000832,远行鞋子,0,全职业,2,蓝/精良,槽位107,3000832,,0,,0,src/conf/conf_armor.erl:14995
防具,3000833,远行鞋子,0,全职业,2,蓝/精良,槽位107,3000833,,0,,0,src/conf/conf_armor.erl:15013
防具,3000834,远行鞋子,0,全职业,2,蓝/精良,槽位107,3000834,,0,,0,src/conf/conf_armor.erl:15031
防具,3000835,远行鞋子,0,全职业,2,蓝/精良,槽位107,3000835,,0,,0,src/conf/conf_armor.erl:15049
防具,3000836,远行鞋子,0,全职业,2,蓝/精良,槽位107,3000836,,0,,0,src/conf/conf_armor.erl:15067
防具,3000837,远行鞋子,0,全职业,2,蓝/精良,槽位107,3000837,,0,,0,src/conf/conf_armor.erl:15085
防具,3000838,远行鞋子,0,全职业,2,蓝/精良,槽位107,3000838,,0,,0,src/conf/conf_armor.erl:15103
防具,3000839,远行鞋子,0,全职业,2,蓝/精良,槽位107,3000839,,0,,0,src/conf/conf_armor.erl:15121
防具,3000840,远行鞋子,0,全职业,2,蓝/精良,槽位107,3000840,,0,,0,src/conf/conf_armor.erl:15139
防具,3000841,拓荒鞋子,0,全职业,2,蓝/精良,槽位107,3000841,,0,,0,src/conf/conf_armor.erl:15157
防具,3000842,拓荒鞋子,0,全职业,2,蓝/精良,槽位107,3000842,,0,,0,src/conf/conf_armor.erl:15175
防具,3000843,拓荒鞋子,0,全职业,2,蓝/精良,槽位107,3000843,,0,,0,src/conf/conf_armor.erl:15193
防具,3000844,拓荒鞋子,0,全职业,2,蓝/精良,槽位107,3000844,,0,,0,src/conf/conf_armor.erl:15211
防具,3000845,拓荒鞋子,0,全职业,2,蓝/精良,槽位107,3000845,,0,,0,src/conf/conf_armor.erl:15229
防具,3000846,拓荒鞋子,0,全职业,2,蓝/精良,槽位107,3000846,,0,,0,src/conf/conf_armor.erl:15247
防具,3000847,拓荒鞋子,0,全职业,2,蓝/精良,槽位107,3000847,,0,,0,src/conf/conf_armor.erl:15265
防具,3000848,拓荒鞋子,0,全职业,2,蓝/精良,槽位107,3000848,,0,,0,src/conf/conf_armor.erl:15283
防具,3000849,拓荒鞋子,0,全职业,2,蓝/精良,槽位107,3000849,,0,,0,src/conf/conf_armor.erl:15301
防具,3000850,拓荒鞋子,0,全职业,2,蓝/精良,槽位107,3000850,,0,,0,src/conf/conf_armor.erl:15319
防具,3000851,拓荒鞋子,0,全职业,2,蓝/精良,槽位107,3000851,,0,,0,src/conf/conf_armor.erl:15337
防具,3000852,拓荒鞋子,0,全职业,2,蓝/精良,槽位107,3000852,,0,,0,src/conf/conf_armor.erl:15355
防具,3000853,拓荒鞋子,0,全职业,2,蓝/精良,槽位107,3000853,,0,,0,src/conf/conf_armor.erl:15373
防具,3000854,拓荒鞋子,0,全职业,2,蓝/精良,槽位107,3000854,,0,,0,src/conf/conf_armor.erl:15391
防具,3000855,拓荒鞋子,0,全职业,2,蓝/精良,槽位107,3000855,,0,,0,src/conf/conf_armor.erl:15409
防具,3000856,拓荒鞋子,0,全职业,2,蓝/精良,槽位107,3000856,,0,,0,src/conf/conf_armor.erl:15427
防具,3000857,拓荒鞋子,0,全职业,2,蓝/精良,槽位107,3000857,,0,,0,src/conf/conf_armor.erl:15445
防具,3000858,拓荒鞋子,0,全职业,2,蓝/精良,槽位107,3000858,,0,,0,src/conf/conf_armor.erl:15463
防具,3000859,拓荒鞋子,0,全职业,2,蓝/精良,槽位107,3000859,,0,,0,src/conf/conf_armor.erl:15481
防具,3000860,拓荒鞋子,0,全职业,2,蓝/精良,槽位107,3000860,,0,,0,src/conf/conf_armor.erl:15499
防具,3000861,远征鞋子,0,全职业,2,蓝/精良,槽位107,3000861,,0,,0,src/conf/conf_armor.erl:15517
防具,3000862,远征鞋子,0,全职业,2,蓝/精良,槽位107,3000862,,0,,0,src/conf/conf_armor.erl:15535
防具,3000863,远征鞋子,0,全职业,2,蓝/精良,槽位107,3000863,,0,,0,src/conf/conf_armor.erl:15553
防具,3000864,远征鞋子,0,全职业,2,蓝/精良,槽位107,3000864,,0,,0,src/conf/conf_armor.erl:15571
防具,3000865,远征鞋子,0,全职业,2,蓝/精良,槽位107,3000865,,0,,0,src/conf/conf_armor.erl:15589
防具,3000866,远征鞋子,0,全职业,2,蓝/精良,槽位107,3000866,,0,,0,src/conf/conf_armor.erl:15607
防具,3000867,远征鞋子,0,全职业,2,蓝/精良,槽位107,3000867,,0,,0,src/conf/conf_armor.erl:15625
防具,3000868,远征鞋子,0,全职业,2,蓝/精良,槽位107,3000868,,0,,0,src/conf/conf_armor.erl:15643
防具,3000869,远征鞋子,0,全职业,2,蓝/精良,槽位107,3000869,,0,,0,src/conf/conf_armor.erl:15661
防具,3000870,远征鞋子,0,全职业,2,蓝/精良,槽位107,3000870,,0,,0,src/conf/conf_armor.erl:15679
防具,3000871,远征鞋子,0,全职业,2,蓝/精良,槽位107,3000871,,0,,0,src/conf/conf_armor.erl:15697
防具,3000872,远征鞋子,0,全职业,2,蓝/精良,槽位107,3000872,,0,,0,src/conf/conf_armor.erl:15715
防具,3000873,远征鞋子,0,全职业,2,蓝/精良,槽位107,3000873,,0,,0,src/conf/conf_armor.erl:15733
防具,3000874,远征鞋子,0,全职业,2,蓝/精良,槽位107,3000874,,0,,0,src/conf/conf_armor.erl:15751
防具,3000875,远征鞋子,0,全职业,2,蓝/精良,槽位107,3000875,,0,,0,src/conf/conf_armor.erl:15769
防具,3000876,远征鞋子,0,全职业,2,蓝/精良,槽位107,3000876,,0,,0,src/conf/conf_armor.erl:15787
防具,3000877,远征鞋子,0,全职业,2,蓝/精良,槽位107,3000877,,0,,0,src/conf/conf_armor.erl:15805
防具,3000878,远征鞋子,0,全职业,2,蓝/精良,槽位107,3000878,,0,,0,src/conf/conf_armor.erl:15823
防具,3000879,远征鞋子,0,全职业,2,蓝/精良,槽位107,3000879,,0,,0,src/conf/conf_armor.erl:15841
防具,3000880,远征鞋子,0,全职业,2,蓝/精良,槽位107,3000880,,0,,0,src/conf/conf_armor.erl:15859
防具,3000881,破境鞋子,0,全职业,2,蓝/精良,槽位107,3000881,,0,,0,src/conf/conf_armor.erl:15877
防具,3000882,破境鞋子,0,全职业,2,蓝/精良,槽位107,3000882,,0,,0,src/conf/conf_armor.erl:15895
防具,3000883,破境鞋子,0,全职业,2,蓝/精良,槽位107,3000883,,0,,0,src/conf/conf_armor.erl:15913
防具,3000884,破境鞋子,0,全职业,2,蓝/精良,槽位107,3000884,,0,,0,src/conf/conf_armor.erl:15931
防具,3000885,破境鞋子,0,全职业,2,蓝/精良,槽位107,3000885,,0,,0,src/conf/conf_armor.erl:15949
防具,3000886,破境鞋子,0,全职业,2,蓝/精良,槽位107,3000886,,0,,0,src/conf/conf_armor.erl:15967
防具,3000887,破境鞋子,0,全职业,2,蓝/精良,槽位107,3000887,,0,,0,src/conf/conf_armor.erl:15985
防具,3000888,破境鞋子,0,全职业,2,蓝/精良,槽位107,3000888,,0,,0,src/conf/conf_armor.erl:16003
防具,3000889,破境鞋子,0,全职业,2,蓝/精良,槽位107,3000889,,0,,0,src/conf/conf_armor.erl:16021
防具,3000890,破境鞋子,0,全职业,2,蓝/精良,槽位107,3000890,,0,,0,src/conf/conf_armor.erl:16039
防具,3000891,破境鞋子,0,全职业,2,蓝/精良,槽位107,3000891,,0,,0,src/conf/conf_armor.erl:16057
防具,3000892,破境鞋子,0,全职业,2,蓝/精良,槽位107,3000892,,0,,0,src/conf/conf_armor.erl:16075
防具,3000893,破境鞋子,0,全职业,2,蓝/精良,槽位107,3000893,,0,,0,src/conf/conf_armor.erl:16093
防具,3000894,破境鞋子,0,全职业,2,蓝/精良,槽位107,3000894,,0,,0,src/conf/conf_armor.erl:16111
防具,3000895,破境鞋子,0,全职业,2,蓝/精良,槽位107,3000895,,0,,0,src/conf/conf_armor.erl:16129
防具,3000896,破境鞋子,0,全职业,2,蓝/精良,槽位107,3000896,,0,,0,src/conf/conf_armor.erl:16147
防具,3000897,破境鞋子,0,全职业,2,蓝/精良,槽位107,3000897,,0,,0,src/conf/conf_armor.erl:16165
防具,3000898,破境鞋子,0,全职业,2,蓝/精良,槽位107,3000898,,0,,0,src/conf/conf_armor.erl:16183
防具,3000899,破境鞋子,0,全职业,2,蓝/精良,槽位107,3000899,,0,,0,src/conf/conf_armor.erl:16201
防具,3000900,破境鞋子,0,全职业,2,蓝/精良,槽位107,3000900,,0,,0,src/conf/conf_armor.erl:16219
防具,3000901,启程项链,0,全职业,2,蓝/精良,槽位109,3000901,,0,,0,src/conf/conf_armor.erl:16237
防具,3000902,启程项链,0,全职业,2,蓝/精良,槽位109,3000902,,0,,0,src/conf/conf_armor.erl:16255
防具,3000903,启程项链,0,全职业,2,蓝/精良,槽位109,3000903,,0,,0,src/conf/conf_armor.erl:16273
防具,3000904,启程项链,0,全职业,2,蓝/精良,槽位109,3000904,,0,,0,src/conf/conf_armor.erl:16291
防具,3000905,启程项链,0,全职业,2,蓝/精良,槽位109,3000905,,0,,0,src/conf/conf_armor.erl:16309
防具,3000906,启程项链,0,全职业,2,蓝/精良,槽位109,3000906,,0,,0,src/conf/conf_armor.erl:16327
防具,3000907,启程项链,0,全职业,2,蓝/精良,槽位109,3000907,,0,,0,src/conf/conf_armor.erl:16345
防具,3000908,启程项链,0,全职业,2,蓝/精良,槽位109,3000908,,0,,0,src/conf/conf_armor.erl:16363
防具,3000909,启程项链,0,全职业,2,蓝/精良,槽位109,3000909,,0,,0,src/conf/conf_armor.erl:16381
防具,3000910,启程项链,0,全职业,2,蓝/精良,槽位109,3000910,,0,,0,src/conf/conf_armor.erl:16399
防具,3000911,寻路项链,0,全职业,2,蓝/精良,槽位109,3000911,,0,,0,src/conf/conf_armor.erl:16417
防具,3000912,寻路项链,0,全职业,2,蓝/精良,槽位109,3000912,,0,,0,src/conf/conf_armor.erl:16435
防具,3000913,寻路项链,0,全职业,2,蓝/精良,槽位109,3000913,,0,,0,src/conf/conf_armor.erl:16453
防具,3000914,寻路项链,0,全职业,2,蓝/精良,槽位109,3000914,,0,,0,src/conf/conf_armor.erl:16471
防具,3000915,寻路项链,0,全职业,2,蓝/精良,槽位109,3000915,,0,,0,src/conf/conf_armor.erl:16489
防具,3000916,寻路项链,0,全职业,2,蓝/精良,槽位109,3000916,,0,,0,src/conf/conf_armor.erl:16507
防具,3000917,寻路项链,0,全职业,2,蓝/精良,槽位109,3000917,,0,,0,src/conf/conf_armor.erl:16525
防具,3000918,寻路项链,0,全职业,2,蓝/精良,槽位109,3000918,,0,,0,src/conf/conf_armor.erl:16543
防具,3000919,寻路项链,0,全职业,2,蓝/精良,槽位109,3000919,,0,,0,src/conf/conf_armor.erl:16561
防具,3000920,寻路项链,0,全职业,2,蓝/精良,槽位109,3000920,,0,,0,src/conf/conf_armor.erl:16579
防具,3000921,远行项链,0,全职业,2,蓝/精良,槽位109,3000921,,0,,0,src/conf/conf_armor.erl:16597
防具,3000922,远行项链,0,全职业,2,蓝/精良,槽位109,3000922,,0,,0,src/conf/conf_armor.erl:16615
防具,3000923,远行项链,0,全职业,2,蓝/精良,槽位109,3000923,,0,,0,src/conf/conf_armor.erl:16633
防具,3000924,远行项链,0,全职业,2,蓝/精良,槽位109,3000924,,0,,0,src/conf/conf_armor.erl:16651
防具,3000925,远行项链,0,全职业,2,蓝/精良,槽位109,3000925,,0,,0,src/conf/conf_armor.erl:16669
防具,3000926,远行项链,0,全职业,2,蓝/精良,槽位109,3000926,,0,,0,src/conf/conf_armor.erl:16687
防具,3000927,远行项链,0,全职业,2,蓝/精良,槽位109,3000927,,0,,0,src/conf/conf_armor.erl:16705
防具,3000928,远行项链,0,全职业,2,蓝/精良,槽位109,3000928,,0,,0,src/conf/conf_armor.erl:16723
防具,3000929,远行项链,0,全职业,2,蓝/精良,槽位109,3000929,,0,,0,src/conf/conf_armor.erl:16741
防具,3000930,远行项链,0,全职业,2,蓝/精良,槽位109,3000930,,0,,0,src/conf/conf_armor.erl:16759
防具,3000931,拓荒项链,0,全职业,2,蓝/精良,槽位109,3000931,,0,,0,src/conf/conf_armor.erl:16777
防具,3000932,拓荒项链,0,全职业,2,蓝/精良,槽位109,3000932,,0,,0,src/conf/conf_armor.erl:16795
防具,3000933,拓荒项链,0,全职业,2,蓝/精良,槽位109,3000933,,0,,0,src/conf/conf_armor.erl:16813
防具,3000934,拓荒项链,0,全职业,2,蓝/精良,槽位109,3000934,,0,,0,src/conf/conf_armor.erl:16831
防具,3000935,拓荒项链,0,全职业,2,蓝/精良,槽位109,3000935,,0,,0,src/conf/conf_armor.erl:16849
防具,3000936,拓荒项链,0,全职业,2,蓝/精良,槽位109,3000936,,0,,0,src/conf/conf_armor.erl:16867
防具,3000937,拓荒项链,0,全职业,2,蓝/精良,槽位109,3000937,,0,,0,src/conf/conf_armor.erl:16885
防具,3000938,拓荒项链,0,全职业,2,蓝/精良,槽位109,3000938,,0,,0,src/conf/conf_armor.erl:16903
防具,3000939,拓荒项链,0,全职业,2,蓝/精良,槽位109,3000939,,0,,0,src/conf/conf_armor.erl:16921
防具,3000940,拓荒项链,0,全职业,2,蓝/精良,槽位109,3000940,,0,,0,src/conf/conf_armor.erl:16939
防具,3000941,拓荒项链,0,全职业,2,蓝/精良,槽位109,3000941,,0,,0,src/conf/conf_armor.erl:16957
防具,3000942,拓荒项链,0,全职业,2,蓝/精良,槽位109,3000942,,0,,0,src/conf/conf_armor.erl:16975
防具,3000943,拓荒项链,0,全职业,2,蓝/精良,槽位109,3000943,,0,,0,src/conf/conf_armor.erl:16993
防具,3000944,拓荒项链,0,全职业,2,蓝/精良,槽位109,3000944,,0,,0,src/conf/conf_armor.erl:17011
防具,3000945,拓荒项链,0,全职业,2,蓝/精良,槽位109,3000945,,0,,0,src/conf/conf_armor.erl:17029
防具,3000946,拓荒项链,0,全职业,2,蓝/精良,槽位109,3000946,,0,,0,src/conf/conf_armor.erl:17047
防具,3000947,拓荒项链,0,全职业,2,蓝/精良,槽位109,3000947,,0,,0,src/conf/conf_armor.erl:17065
防具,3000948,拓荒项链,0,全职业,2,蓝/精良,槽位109,3000948,,0,,0,src/conf/conf_armor.erl:17083
防具,3000949,拓荒项链,0,全职业,2,蓝/精良,槽位109,3000949,,0,,0,src/conf/conf_armor.erl:17101
防具,3000950,拓荒项链,0,全职业,2,蓝/精良,槽位109,3000950,,0,,0,src/conf/conf_armor.erl:17119
防具,3000951,远征项链,0,全职业,2,蓝/精良,槽位109,3000951,,0,,0,src/conf/conf_armor.erl:17137
防具,3000952,远征项链,0,全职业,2,蓝/精良,槽位109,3000952,,0,,0,src/conf/conf_armor.erl:17155
防具,3000953,远征项链,0,全职业,2,蓝/精良,槽位109,3000953,,0,,0,src/conf/conf_armor.erl:17173
防具,3000954,远征项链,0,全职业,2,蓝/精良,槽位109,3000954,,0,,0,src/conf/conf_armor.erl:17191
防具,3000955,远征项链,0,全职业,2,蓝/精良,槽位109,3000955,,0,,0,src/conf/conf_armor.erl:17209
防具,3000956,远征项链,0,全职业,2,蓝/精良,槽位109,3000956,,0,,0,src/conf/conf_armor.erl:17227
防具,3000957,远征项链,0,全职业,2,蓝/精良,槽位109,3000957,,0,,0,src/conf/conf_armor.erl:17245
防具,3000958,远征项链,0,全职业,2,蓝/精良,槽位109,3000958,,0,,0,src/conf/conf_armor.erl:17263
防具,3000959,远征项链,0,全职业,2,蓝/精良,槽位109,3000959,,0,,0,src/conf/conf_armor.erl:17281
防具,3000960,远征项链,0,全职业,2,蓝/精良,槽位109,3000960,,0,,0,src/conf/conf_armor.erl:17299
防具,3000961,远征项链,0,全职业,2,蓝/精良,槽位109,3000961,,0,,0,src/conf/conf_armor.erl:17317
防具,3000962,远征项链,0,全职业,2,蓝/精良,槽位109,3000962,,0,,0,src/conf/conf_armor.erl:17335
防具,3000963,远征项链,0,全职业,2,蓝/精良,槽位109,3000963,,0,,0,src/conf/conf_armor.erl:17353
防具,3000964,远征项链,0,全职业,2,蓝/精良,槽位109,3000964,,0,,0,src/conf/conf_armor.erl:17371
防具,3000965,远征项链,0,全职业,2,蓝/精良,槽位109,3000965,,0,,0,src/conf/conf_armor.erl:17389
防具,3000966,远征项链,0,全职业,2,蓝/精良,槽位109,3000966,,0,,0,src/conf/conf_armor.erl:17407
防具,3000967,远征项链,0,全职业,2,蓝/精良,槽位109,3000967,,0,,0,src/conf/conf_armor.erl:17425
防具,3000968,远征项链,0,全职业,2,蓝/精良,槽位109,3000968,,0,,0,src/conf/conf_armor.erl:17443
防具,3000969,远征项链,0,全职业,2,蓝/精良,槽位109,3000969,,0,,0,src/conf/conf_armor.erl:17461
防具,3000970,远征项链,0,全职业,2,蓝/精良,槽位109,3000970,,0,,0,src/conf/conf_armor.erl:17479
防具,3000971,破境项链,0,全职业,2,蓝/精良,槽位109,3000971,,0,,0,src/conf/conf_armor.erl:17497
防具,3000972,破境项链,0,全职业,2,蓝/精良,槽位109,3000972,,0,,0,src/conf/conf_armor.erl:17515
防具,3000973,破境项链,0,全职业,2,蓝/精良,槽位109,3000973,,0,,0,src/conf/conf_armor.erl:17533
防具,3000974,破境项链,0,全职业,2,蓝/精良,槽位109,3000974,,0,,0,src/conf/conf_armor.erl:17551
防具,3000975,破境项链,0,全职业,2,蓝/精良,槽位109,3000975,,0,,0,src/conf/conf_armor.erl:17569
防具,3000976,破境项链,0,全职业,2,蓝/精良,槽位109,3000976,,0,,0,src/conf/conf_armor.erl:17587
防具,3000977,破境项链,0,全职业,2,蓝/精良,槽位109,3000977,,0,,0,src/conf/conf_armor.erl:17605
防具,3000978,破境项链,0,全职业,2,蓝/精良,槽位109,3000978,,0,,0,src/conf/conf_armor.erl:17623
防具,3000979,破境项链,0,全职业,2,蓝/精良,槽位109,3000979,,0,,0,src/conf/conf_armor.erl:17641
防具,3000980,破境项链,0,全职业,2,蓝/精良,槽位109,3000980,,0,,0,src/conf/conf_armor.erl:17659
防具,3000981,破境项链,0,全职业,2,蓝/精良,槽位109,3000981,,0,,0,src/conf/conf_armor.erl:17677
防具,3000982,破境项链,0,全职业,2,蓝/精良,槽位109,3000982,,0,,0,src/conf/conf_armor.erl:17695
防具,3000983,破境项链,0,全职业,2,蓝/精良,槽位109,3000983,,0,,0,src/conf/conf_armor.erl:17713
防具,3000984,破境项链,0,全职业,2,蓝/精良,槽位109,3000984,,0,,0,src/conf/conf_armor.erl:17731
防具,3000985,破境项链,0,全职业,2,蓝/精良,槽位109,3000985,,0,,0,src/conf/conf_armor.erl:17749
防具,3000986,破境项链,0,全职业,2,蓝/精良,槽位109,3000986,,0,,0,src/conf/conf_armor.erl:17767
防具,3000987,破境项链,0,全职业,2,蓝/精良,槽位109,3000987,,0,,0,src/conf/conf_armor.erl:17785
防具,3000988,破境项链,0,全职业,2,蓝/精良,槽位109,3000988,,0,,0,src/conf/conf_armor.erl:17803
防具,3000989,破境项链,0,全职业,2,蓝/精良,槽位109,3000989,,0,,0,src/conf/conf_armor.erl:17821
防具,3000990,破境项链,0,全职业,2,蓝/精良,槽位109,3000990,,0,,0,src/conf/conf_armor.erl:17839
防具,3000991,启程戒指,0,全职业,2,蓝/精良,槽位108,3000991,,0,,0,src/conf/conf_armor.erl:17857
防具,3000992,启程戒指,0,全职业,2,蓝/精良,槽位108,3000992,,0,,0,src/conf/conf_armor.erl:17875
防具,3000993,启程戒指,0,全职业,2,蓝/精良,槽位108,3000993,,0,,0,src/conf/conf_armor.erl:17893
防具,3000994,启程戒指,0,全职业,2,蓝/精良,槽位108,3000994,,0,,0,src/conf/conf_armor.erl:17911
防具,3000995,启程戒指,0,全职业,2,蓝/精良,槽位108,3000995,,0,,0,src/conf/conf_armor.erl:17929
防具,3000996,启程戒指,0,全职业,2,蓝/精良,槽位108,3000996,,0,,0,src/conf/conf_armor.erl:17947
防具,3000997,启程戒指,0,全职业,2,蓝/精良,槽位108,3000997,,0,,0,src/conf/conf_armor.erl:17965
防具,3000998,启程戒指,0,全职业,2,蓝/精良,槽位108,3000998,,0,,0,src/conf/conf_armor.erl:17983
防具,3000999,启程戒指,0,全职业,2,蓝/精良,槽位108,3000999,,0,,0,src/conf/conf_armor.erl:18001
防具,3001000,启程戒指,0,全职业,2,蓝/精良,槽位108,3001000,,0,,0,src/conf/conf_armor.erl:18019
防具,3001001,寻路戒指,0,全职业,2,蓝/精良,槽位108,3001001,,0,,0,src/conf/conf_armor.erl:18037
防具,3001002,寻路戒指,0,全职业,2,蓝/精良,槽位108,3001002,,0,,0,src/conf/conf_armor.erl:18055
防具,3001003,寻路戒指,0,全职业,2,蓝/精良,槽位108,3001003,,0,,0,src/conf/conf_armor.erl:18073
防具,3001004,寻路戒指,0,全职业,2,蓝/精良,槽位108,3001004,,0,,0,src/conf/conf_armor.erl:18091
防具,3001005,寻路戒指,0,全职业,2,蓝/精良,槽位108,3001005,,0,,0,src/conf/conf_armor.erl:18109
防具,3001006,寻路戒指,0,全职业,2,蓝/精良,槽位108,3001006,,0,,0,src/conf/conf_armor.erl:18127
防具,3001007,寻路戒指,0,全职业,2,蓝/精良,槽位108,3001007,,0,,0,src/conf/conf_armor.erl:18145
防具,3001008,寻路戒指,0,全职业,2,蓝/精良,槽位108,3001008,,0,,0,src/conf/conf_armor.erl:18163
防具,3001009,寻路戒指,0,全职业,2,蓝/精良,槽位108,3001009,,0,,0,src/conf/conf_armor.erl:18181
防具,3001010,寻路戒指,0,全职业,2,蓝/精良,槽位108,3001010,,0,,0,src/conf/conf_armor.erl:18199
防具,3001011,远行戒指,0,全职业,2,蓝/精良,槽位108,3001011,,0,,0,src/conf/conf_armor.erl:18217
防具,3001012,远行戒指,0,全职业,2,蓝/精良,槽位108,3001012,,0,,0,src/conf/conf_armor.erl:18235
防具,3001013,远行戒指,0,全职业,2,蓝/精良,槽位108,3001013,,0,,0,src/conf/conf_armor.erl:18253
防具,3001014,远行戒指,0,全职业,2,蓝/精良,槽位108,3001014,,0,,0,src/conf/conf_armor.erl:18271
防具,3001015,远行戒指,0,全职业,2,蓝/精良,槽位108,3001015,,0,,0,src/conf/conf_armor.erl:18289
防具,3001016,远行戒指,0,全职业,2,蓝/精良,槽位108,3001016,,0,,0,src/conf/conf_armor.erl:18307
防具,3001017,远行戒指,0,全职业,2,蓝/精良,槽位108,3001017,,0,,0,src/conf/conf_armor.erl:18325
防具,3001018,远行戒指,0,全职业,2,蓝/精良,槽位108,3001018,,0,,0,src/conf/conf_armor.erl:18343
防具,3001019,远行戒指,0,全职业,2,蓝/精良,槽位108,3001019,,0,,0,src/conf/conf_armor.erl:18361
防具,3001020,远行戒指,0,全职业,2,蓝/精良,槽位108,3001020,,0,,0,src/conf/conf_armor.erl:18379
防具,3001021,拓荒戒指,0,全职业,2,蓝/精良,槽位108,3001021,,0,,0,src/conf/conf_armor.erl:18397
防具,3001022,拓荒戒指,0,全职业,2,蓝/精良,槽位108,3001022,,0,,0,src/conf/conf_armor.erl:18415
防具,3001023,拓荒戒指,0,全职业,2,蓝/精良,槽位108,3001023,,0,,0,src/conf/conf_armor.erl:18433
防具,3001024,拓荒戒指,0,全职业,2,蓝/精良,槽位108,3001024,,0,,0,src/conf/conf_armor.erl:18451
防具,3001025,拓荒戒指,0,全职业,2,蓝/精良,槽位108,3001025,,0,,0,src/conf/conf_armor.erl:18469
防具,3001026,拓荒戒指,0,全职业,2,蓝/精良,槽位108,3001026,,0,,0,src/conf/conf_armor.erl:18487
防具,3001027,拓荒戒指,0,全职业,2,蓝/精良,槽位108,3001027,,0,,0,src/conf/conf_armor.erl:18505
防具,3001028,拓荒戒指,0,全职业,2,蓝/精良,槽位108,3001028,,0,,0,src/conf/conf_armor.erl:18523
防具,3001029,拓荒戒指,0,全职业,2,蓝/精良,槽位108,3001029,,0,,0,src/conf/conf_armor.erl:18541
防具,3001030,拓荒戒指,0,全职业,2,蓝/精良,槽位108,3001030,,0,,0,src/conf/conf_armor.erl:18559
防具,3001031,拓荒戒指,0,全职业,2,蓝/精良,槽位108,3001031,,0,,0,src/conf/conf_armor.erl:18577
防具,3001032,拓荒戒指,0,全职业,2,蓝/精良,槽位108,3001032,,0,,0,src/conf/conf_armor.erl:18595
防具,3001033,拓荒戒指,0,全职业,2,蓝/精良,槽位108,3001033,,0,,0,src/conf/conf_armor.erl:18613
防具,3001034,拓荒戒指,0,全职业,2,蓝/精良,槽位108,3001034,,0,,0,src/conf/conf_armor.erl:18631
防具,3001035,拓荒戒指,0,全职业,2,蓝/精良,槽位108,3001035,,0,,0,src/conf/conf_armor.erl:18649
防具,3001036,拓荒戒指,0,全职业,2,蓝/精良,槽位108,3001036,,0,,0,src/conf/conf_armor.erl:18667
防具,3001037,拓荒戒指,0,全职业,2,蓝/精良,槽位108,3001037,,0,,0,src/conf/conf_armor.erl:18685
防具,3001038,拓荒戒指,0,全职业,2,蓝/精良,槽位108,3001038,,0,,0,src/conf/conf_armor.erl:18703
防具,3001039,拓荒戒指,0,全职业,2,蓝/精良,槽位108,3001039,,0,,0,src/conf/conf_armor.erl:18721
防具,3001040,拓荒戒指,0,全职业,2,蓝/精良,槽位108,3001040,,0,,0,src/conf/conf_armor.erl:18739
防具,3001041,远征戒指,0,全职业,2,蓝/精良,槽位108,3001041,,0,,0,src/conf/conf_armor.erl:18757
防具,3001042,远征戒指,0,全职业,2,蓝/精良,槽位108,3001042,,0,,0,src/conf/conf_armor.erl:18775
防具,3001043,远征戒指,0,全职业,2,蓝/精良,槽位108,3001043,,0,,0,src/conf/conf_armor.erl:18793
防具,3001044,远征戒指,0,全职业,2,蓝/精良,槽位108,3001044,,0,,0,src/conf/conf_armor.erl:18811
防具,3001045,远征戒指,0,全职业,2,蓝/精良,槽位108,3001045,,0,,0,src/conf/conf_armor.erl:18829
防具,3001046,远征戒指,0,全职业,2,蓝/精良,槽位108,3001046,,0,,0,src/conf/conf_armor.erl:18847
防具,3001047,远征戒指,0,全职业,2,蓝/精良,槽位108,3001047,,0,,0,src/conf/conf_armor.erl:18865
防具,3001048,远征戒指,0,全职业,2,蓝/精良,槽位108,3001048,,0,,0,src/conf/conf_armor.erl:18883
防具,3001049,远征戒指,0,全职业,2,蓝/精良,槽位108,3001049,,0,,0,src/conf/conf_armor.erl:18901
防具,3001050,远征戒指,0,全职业,2,蓝/精良,槽位108,3001050,,0,,0,src/conf/conf_armor.erl:18919
防具,3001051,远征戒指,0,全职业,2,蓝/精良,槽位108,3001051,,0,,0,src/conf/conf_armor.erl:18937
防具,3001052,远征戒指,0,全职业,2,蓝/精良,槽位108,3001052,,0,,0,src/conf/conf_armor.erl:18955
防具,3001053,远征戒指,0,全职业,2,蓝/精良,槽位108,3001053,,0,,0,src/conf/conf_armor.erl:18973
防具,3001054,远征戒指,0,全职业,2,蓝/精良,槽位108,3001054,,0,,0,src/conf/conf_armor.erl:18991
防具,3001055,远征戒指,0,全职业,2,蓝/精良,槽位108,3001055,,0,,0,src/conf/conf_armor.erl:19009
防具,3001056,远征戒指,0,全职业,2,蓝/精良,槽位108,3001056,,0,,0,src/conf/conf_armor.erl:19027
防具,3001057,远征戒指,0,全职业,2,蓝/精良,槽位108,3001057,,0,,0,src/conf/conf_armor.erl:19045
防具,3001058,远征戒指,0,全职业,2,蓝/精良,槽位108,3001058,,0,,0,src/conf/conf_armor.erl:19063
防具,3001059,远征戒指,0,全职业,2,蓝/精良,槽位108,3001059,,0,,0,src/conf/conf_armor.erl:19081
防具,3001060,远征戒指,0,全职业,2,蓝/精良,槽位108,3001060,,0,,0,src/conf/conf_armor.erl:19099
防具,3001061,破境戒指,0,全职业,2,蓝/精良,槽位108,3001061,,0,,0,src/conf/conf_armor.erl:19117
防具,3001062,破境戒指,0,全职业,2,蓝/精良,槽位108,3001062,,0,,0,src/conf/conf_armor.erl:19135
防具,3001063,破境戒指,0,全职业,2,蓝/精良,槽位108,3001063,,0,,0,src/conf/conf_armor.erl:19153
防具,3001064,破境戒指,0,全职业,2,蓝/精良,槽位108,3001064,,0,,0,src/conf/conf_armor.erl:19171
防具,3001065,破境戒指,0,全职业,2,蓝/精良,槽位108,3001065,,0,,0,src/conf/conf_armor.erl:19189
防具,3001066,破境戒指,0,全职业,2,蓝/精良,槽位108,3001066,,0,,0,src/conf/conf_armor.erl:19207
防具,3001067,破境戒指,0,全职业,2,蓝/精良,槽位108,3001067,,0,,0,src/conf/conf_armor.erl:19225
防具,3001068,破境戒指,0,全职业,2,蓝/精良,槽位108,3001068,,0,,0,src/conf/conf_armor.erl:19243
防具,3001069,破境戒指,0,全职业,2,蓝/精良,槽位108,3001069,,0,,0,src/conf/conf_armor.erl:19261
防具,3001070,破境戒指,0,全职业,2,蓝/精良,槽位108,3001070,,0,,0,src/conf/conf_armor.erl:19279
防具,3001071,破境戒指,0,全职业,2,蓝/精良,槽位108,3001071,,0,,0,src/conf/conf_armor.erl:19297
防具,3001072,破境戒指,0,全职业,2,蓝/精良,槽位108,3001072,,0,,0,src/conf/conf_armor.erl:19315
防具,3001073,破境戒指,0,全职业,2,蓝/精良,槽位108,3001073,,0,,0,src/conf/conf_armor.erl:19333
防具,3001074,破境戒指,0,全职业,2,蓝/精良,槽位108,3001074,,0,,0,src/conf/conf_armor.erl:19351
防具,3001075,破境戒指,0,全职业,2,蓝/精良,槽位108,3001075,,0,,0,src/conf/conf_armor.erl:19369
防具,3001076,破境戒指,0,全职业,2,蓝/精良,槽位108,3001076,,0,,0,src/conf/conf_armor.erl:19387
防具,3001077,破境戒指,0,全职业,2,蓝/精良,槽位108,3001077,,0,,0,src/conf/conf_armor.erl:19405
防具,3001078,破境戒指,0,全职业,2,蓝/精良,槽位108,3001078,,0,,0,src/conf/conf_armor.erl:19423
防具,3001079,破境戒指,0,全职业,2,蓝/精良,槽位108,3001079,,0,,0,src/conf/conf_armor.erl:19441
防具,3001080,破境戒指,0,全职业,2,蓝/精良,槽位108,3001080,,0,,0,src/conf/conf_armor.erl:19459
防具,3001081,启程头盔,0,全职业,3,紫/稀世,槽位104,3001081,,0,,0,src/conf/conf_armor.erl:19477
防具,3001082,启程头盔,0,全职业,3,紫/稀世,槽位104,3001082,,0,,0,src/conf/conf_armor.erl:19495
防具,3001083,启程头盔,0,全职业,3,紫/稀世,槽位104,3001083,,0,,0,src/conf/conf_armor.erl:19513
防具,3001084,启程头盔,0,全职业,3,紫/稀世,槽位104,3001084,,0,,0,src/conf/conf_armor.erl:19531
防具,3001085,启程头盔,0,全职业,3,紫/稀世,槽位104,3001085,,0,,0,src/conf/conf_armor.erl:19549
防具,3001086,启程头盔,0,全职业,3,紫/稀世,槽位104,3001086,,0,,0,src/conf/conf_armor.erl:19567
防具,3001087,启程头盔,0,全职业,3,紫/稀世,槽位104,3001087,,0,,0,src/conf/conf_armor.erl:19585
防具,3001088,启程头盔,0,全职业,3,紫/稀世,槽位104,3001088,,0,,0,src/conf/conf_armor.erl:19603
防具,3001089,启程头盔,0,全职业,3,紫/稀世,槽位104,3001089,,0,,0,src/conf/conf_armor.erl:19621
防具,3001090,启程头盔,0,全职业,3,紫/稀世,槽位104,3001090,,0,,0,src/conf/conf_armor.erl:19639
防具,3001091,寻路头盔,0,全职业,3,紫/稀世,槽位104,3001091,,0,,0,src/conf/conf_armor.erl:19657
防具,3001092,寻路头盔,0,全职业,3,紫/稀世,槽位104,3001092,,0,,0,src/conf/conf_armor.erl:19675
防具,3001093,寻路头盔,0,全职业,3,紫/稀世,槽位104,3001093,,0,,0,src/conf/conf_armor.erl:19693
防具,3001094,寻路头盔,0,全职业,3,紫/稀世,槽位104,3001094,,0,,0,src/conf/conf_armor.erl:19711
防具,3001095,寻路头盔,0,全职业,3,紫/稀世,槽位104,3001095,,0,,0,src/conf/conf_armor.erl:19729
防具,3001096,寻路头盔,0,全职业,3,紫/稀世,槽位104,3001096,,0,,0,src/conf/conf_armor.erl:19747
防具,3001097,寻路头盔,0,全职业,3,紫/稀世,槽位104,3001097,,0,,0,src/conf/conf_armor.erl:19765
防具,3001098,寻路头盔,0,全职业,3,紫/稀世,槽位104,3001098,,0,,0,src/conf/conf_armor.erl:19783
防具,3001099,寻路头盔,0,全职业,3,紫/稀世,槽位104,3001099,,0,,0,src/conf/conf_armor.erl:19801
防具,3001100,寻路头盔,0,全职业,3,紫/稀世,槽位104,3001100,,0,,0,src/conf/conf_armor.erl:19819
防具,3001101,远行头盔,0,全职业,3,紫/稀世,槽位104,3001101,,0,,0,src/conf/conf_armor.erl:19837
防具,3001102,远行头盔,0,全职业,3,紫/稀世,槽位104,3001102,,0,,0,src/conf/conf_armor.erl:19855
防具,3001103,远行头盔,0,全职业,3,紫/稀世,槽位104,3001103,,0,,0,src/conf/conf_armor.erl:19873
防具,3001104,远行头盔,0,全职业,3,紫/稀世,槽位104,3001104,,0,,0,src/conf/conf_armor.erl:19891
防具,3001105,远行头盔,0,全职业,3,紫/稀世,槽位104,3001105,,0,,0,src/conf/conf_armor.erl:19909
防具,3001106,远行头盔,0,全职业,3,紫/稀世,槽位104,3001106,,0,,0,src/conf/conf_armor.erl:19927
防具,3001107,远行头盔,0,全职业,3,紫/稀世,槽位104,3001107,,0,,0,src/conf/conf_armor.erl:19945
防具,3001108,远行头盔,0,全职业,3,紫/稀世,槽位104,3001108,,0,,0,src/conf/conf_armor.erl:19963
防具,3001109,远行头盔,0,全职业,3,紫/稀世,槽位104,3001109,,0,,0,src/conf/conf_armor.erl:19981
防具,3001110,远行头盔,0,全职业,3,紫/稀世,槽位104,3001110,,0,,0,src/conf/conf_armor.erl:19999
防具,3001111,拓荒头盔,0,全职业,3,紫/稀世,槽位104,3001111,,0,,0,src/conf/conf_armor.erl:20017
防具,3001112,拓荒头盔,0,全职业,3,紫/稀世,槽位104,3001112,,0,,0,src/conf/conf_armor.erl:20035
防具,3001113,拓荒头盔,0,全职业,3,紫/稀世,槽位104,3001113,,0,,0,src/conf/conf_armor.erl:20053
防具,3001114,拓荒头盔,0,全职业,3,紫/稀世,槽位104,3001114,,0,,0,src/conf/conf_armor.erl:20071
防具,3001115,拓荒头盔,0,全职业,3,紫/稀世,槽位104,3001115,,0,,0,src/conf/conf_armor.erl:20089
防具,3001116,拓荒头盔,0,全职业,3,紫/稀世,槽位104,3001116,,0,,0,src/conf/conf_armor.erl:20107
防具,3001117,拓荒头盔,0,全职业,3,紫/稀世,槽位104,3001117,,0,,0,src/conf/conf_armor.erl:20125
防具,3001118,拓荒头盔,0,全职业,3,紫/稀世,槽位104,3001118,,0,,0,src/conf/conf_armor.erl:20143
防具,3001119,拓荒头盔,0,全职业,3,紫/稀世,槽位104,3001119,,0,,0,src/conf/conf_armor.erl:20161
防具,3001120,拓荒头盔,0,全职业,3,紫/稀世,槽位104,3001120,,0,,0,src/conf/conf_armor.erl:20179
防具,3001121,拓荒头盔,0,全职业,3,紫/稀世,槽位104,3001121,,0,,0,src/conf/conf_armor.erl:20197
防具,3001122,拓荒头盔,0,全职业,3,紫/稀世,槽位104,3001122,,0,,0,src/conf/conf_armor.erl:20215
防具,3001123,拓荒头盔,0,全职业,3,紫/稀世,槽位104,3001123,,0,,0,src/conf/conf_armor.erl:20233
防具,3001124,拓荒头盔,0,全职业,3,紫/稀世,槽位104,3001124,,0,,0,src/conf/conf_armor.erl:20251
防具,3001125,拓荒头盔,0,全职业,3,紫/稀世,槽位104,3001125,,0,,0,src/conf/conf_armor.erl:20269
防具,3001126,拓荒头盔,0,全职业,3,紫/稀世,槽位104,3001126,,0,,0,src/conf/conf_armor.erl:20287
防具,3001127,拓荒头盔,0,全职业,3,紫/稀世,槽位104,3001127,,0,,0,src/conf/conf_armor.erl:20305
防具,3001128,拓荒头盔,0,全职业,3,紫/稀世,槽位104,3001128,,0,,0,src/conf/conf_armor.erl:20323
防具,3001129,拓荒头盔,0,全职业,3,紫/稀世,槽位104,3001129,,0,,0,src/conf/conf_armor.erl:20341
防具,3001130,拓荒头盔,0,全职业,3,紫/稀世,槽位104,3001130,,0,,0,src/conf/conf_armor.erl:20359
防具,3001131,远征头盔,0,全职业,3,紫/稀世,槽位104,3001131,,0,,0,src/conf/conf_armor.erl:20377
防具,3001132,远征头盔,0,全职业,3,紫/稀世,槽位104,3001132,,0,,0,src/conf/conf_armor.erl:20395
防具,3001133,远征头盔,0,全职业,3,紫/稀世,槽位104,3001133,,0,,0,src/conf/conf_armor.erl:20413
防具,3001134,远征头盔,0,全职业,3,紫/稀世,槽位104,3001134,,0,,0,src/conf/conf_armor.erl:20431
防具,3001135,远征头盔,0,全职业,3,紫/稀世,槽位104,3001135,,0,,0,src/conf/conf_armor.erl:20449
防具,3001136,远征头盔,0,全职业,3,紫/稀世,槽位104,3001136,,0,,0,src/conf/conf_armor.erl:20467
防具,3001137,远征头盔,0,全职业,3,紫/稀世,槽位104,3001137,,0,,0,src/conf/conf_armor.erl:20485
防具,3001138,远征头盔,0,全职业,3,紫/稀世,槽位104,3001138,,0,,0,src/conf/conf_armor.erl:20503
防具,3001139,远征头盔,0,全职业,3,紫/稀世,槽位104,3001139,,0,,0,src/conf/conf_armor.erl:20521
防具,3001140,远征头盔,0,全职业,3,紫/稀世,槽位104,3001140,,0,,0,src/conf/conf_armor.erl:20539
防具,3001141,远征头盔,0,全职业,3,紫/稀世,槽位104,3001141,,0,,0,src/conf/conf_armor.erl:20557
防具,3001142,远征头盔,0,全职业,3,紫/稀世,槽位104,3001142,,0,,0,src/conf/conf_armor.erl:20575
防具,3001143,远征头盔,0,全职业,3,紫/稀世,槽位104,3001143,,0,,0,src/conf/conf_armor.erl:20593
防具,3001144,远征头盔,0,全职业,3,紫/稀世,槽位104,3001144,,0,,0,src/conf/conf_armor.erl:20611
防具,3001145,远征头盔,0,全职业,3,紫/稀世,槽位104,3001145,,0,,0,src/conf/conf_armor.erl:20629
防具,3001146,远征头盔,0,全职业,3,紫/稀世,槽位104,3001146,,0,,0,src/conf/conf_armor.erl:20647
防具,3001147,远征头盔,0,全职业,3,紫/稀世,槽位104,3001147,,0,,0,src/conf/conf_armor.erl:20665
防具,3001148,远征头盔,0,全职业,3,紫/稀世,槽位104,3001148,,0,,0,src/conf/conf_armor.erl:20683
防具,3001149,远征头盔,0,全职业,3,紫/稀世,槽位104,3001149,,0,,0,src/conf/conf_armor.erl:20701
防具,3001150,远征头盔,0,全职业,3,紫/稀世,槽位104,3001150,,0,,0,src/conf/conf_armor.erl:20719
防具,3001151,破境头盔,0,全职业,3,紫/稀世,槽位104,3001151,,0,,0,src/conf/conf_armor.erl:20737
防具,3001152,破境头盔,0,全职业,3,紫/稀世,槽位104,3001152,,0,,0,src/conf/conf_armor.erl:20755
防具,3001153,破境头盔,0,全职业,3,紫/稀世,槽位104,3001153,,0,,0,src/conf/conf_armor.erl:20773
防具,3001154,破境头盔,0,全职业,3,紫/稀世,槽位104,3001154,,0,,0,src/conf/conf_armor.erl:20791
防具,3001155,破境头盔,0,全职业,3,紫/稀世,槽位104,3001155,,0,,0,src/conf/conf_armor.erl:20809
防具,3001156,破境头盔,0,全职业,3,紫/稀世,槽位104,3001156,,0,,0,src/conf/conf_armor.erl:20827
防具,3001157,破境头盔,0,全职业,3,紫/稀世,槽位104,3001157,,0,,0,src/conf/conf_armor.erl:20845
防具,3001158,破境头盔,0,全职业,3,紫/稀世,槽位104,3001158,,0,,0,src/conf/conf_armor.erl:20863
防具,3001159,破境头盔,0,全职业,3,紫/稀世,槽位104,3001159,,0,,0,src/conf/conf_armor.erl:20881
防具,3001160,破境头盔,0,全职业,3,紫/稀世,槽位104,3001160,,0,,0,src/conf/conf_armor.erl:20899
防具,3001161,破境头盔,0,全职业,3,紫/稀世,槽位104,3001161,,0,,0,src/conf/conf_armor.erl:20917
防具,3001162,破境头盔,0,全职业,3,紫/稀世,槽位104,3001162,,0,,0,src/conf/conf_armor.erl:20935
防具,3001163,破境头盔,0,全职业,3,紫/稀世,槽位104,3001163,,0,,0,src/conf/conf_armor.erl:20953
防具,3001164,破境头盔,0,全职业,3,紫/稀世,槽位104,3001164,,0,,0,src/conf/conf_armor.erl:20971
防具,3001165,破境头盔,0,全职业,3,紫/稀世,槽位104,3001165,,0,,0,src/conf/conf_armor.erl:20989
防具,3001166,破境头盔,0,全职业,3,紫/稀世,槽位104,3001166,,0,,0,src/conf/conf_armor.erl:21007
防具,3001167,破境头盔,0,全职业,3,紫/稀世,槽位104,3001167,,0,,0,src/conf/conf_armor.erl:21025
防具,3001168,破境头盔,0,全职业,3,紫/稀世,槽位104,3001168,,0,,0,src/conf/conf_armor.erl:21043
防具,3001169,破境头盔,0,全职业,3,紫/稀世,槽位104,3001169,,0,,0,src/conf/conf_armor.erl:21061
防具,3001170,破境头盔,0,全职业,3,紫/稀世,槽位104,3001170,,0,,0,src/conf/conf_armor.erl:21079
防具,3001171,启程披风,0,全职业,3,紫/稀世,槽位105,3001171,,0,,0,src/conf/conf_armor.erl:21097
防具,3001172,启程披风,0,全职业,3,紫/稀世,槽位105,3001172,,0,,0,src/conf/conf_armor.erl:21115
防具,3001173,启程披风,0,全职业,3,紫/稀世,槽位105,3001173,,0,,0,src/conf/conf_armor.erl:21133
防具,3001174,启程披风,0,全职业,3,紫/稀世,槽位105,3001174,,0,,0,src/conf/conf_armor.erl:21151
防具,3001175,启程披风,0,全职业,3,紫/稀世,槽位105,3001175,,0,,0,src/conf/conf_armor.erl:21169
防具,3001176,启程披风,0,全职业,3,紫/稀世,槽位105,3001176,,0,,0,src/conf/conf_armor.erl:21187
防具,3001177,启程披风,0,全职业,3,紫/稀世,槽位105,3001177,,0,,0,src/conf/conf_armor.erl:21205
防具,3001178,启程披风,0,全职业,3,紫/稀世,槽位105,3001178,,0,,0,src/conf/conf_armor.erl:21223
防具,3001179,启程披风,0,全职业,3,紫/稀世,槽位105,3001179,,0,,0,src/conf/conf_armor.erl:21241
防具,3001180,启程披风,0,全职业,3,紫/稀世,槽位105,3001180,,0,,0,src/conf/conf_armor.erl:21259
防具,3001181,寻路披风,0,全职业,3,紫/稀世,槽位105,3001181,,0,,0,src/conf/conf_armor.erl:21277
防具,3001182,寻路披风,0,全职业,3,紫/稀世,槽位105,3001182,,0,,0,src/conf/conf_armor.erl:21295
防具,3001183,寻路披风,0,全职业,3,紫/稀世,槽位105,3001183,,0,,0,src/conf/conf_armor.erl:21313
防具,3001184,寻路披风,0,全职业,3,紫/稀世,槽位105,3001184,,0,,0,src/conf/conf_armor.erl:21331
防具,3001185,寻路披风,0,全职业,3,紫/稀世,槽位105,3001185,,0,,0,src/conf/conf_armor.erl:21349
防具,3001186,寻路披风,0,全职业,3,紫/稀世,槽位105,3001186,,0,,0,src/conf/conf_armor.erl:21367
防具,3001187,寻路披风,0,全职业,3,紫/稀世,槽位105,3001187,,0,,0,src/conf/conf_armor.erl:21385
防具,3001188,寻路披风,0,全职业,3,紫/稀世,槽位105,3001188,,0,,0,src/conf/conf_armor.erl:21403
防具,3001189,寻路披风,0,全职业,3,紫/稀世,槽位105,3001189,,0,,0,src/conf/conf_armor.erl:21421
防具,3001190,寻路披风,0,全职业,3,紫/稀世,槽位105,3001190,,0,,0,src/conf/conf_armor.erl:21439
防具,3001191,远行披风,0,全职业,3,紫/稀世,槽位105,3001191,,0,,0,src/conf/conf_armor.erl:21457
防具,3001192,远行披风,0,全职业,3,紫/稀世,槽位105,3001192,,0,,0,src/conf/conf_armor.erl:21475
防具,3001193,远行披风,0,全职业,3,紫/稀世,槽位105,3001193,,0,,0,src/conf/conf_armor.erl:21493
防具,3001194,远行披风,0,全职业,3,紫/稀世,槽位105,3001194,,0,,0,src/conf/conf_armor.erl:21511
防具,3001195,远行披风,0,全职业,3,紫/稀世,槽位105,3001195,,0,,0,src/conf/conf_armor.erl:21529
防具,3001196,远行披风,0,全职业,3,紫/稀世,槽位105,3001196,,0,,0,src/conf/conf_armor.erl:21547
防具,3001197,远行披风,0,全职业,3,紫/稀世,槽位105,3001197,,0,,0,src/conf/conf_armor.erl:21565
防具,3001198,远行披风,0,全职业,3,紫/稀世,槽位105,3001198,,0,,0,src/conf/conf_armor.erl:21583
防具,3001199,远行披风,0,全职业,3,紫/稀世,槽位105,3001199,,0,,0,src/conf/conf_armor.erl:21601
防具,3001200,远行披风,0,全职业,3,紫/稀世,槽位105,3001200,,0,,0,src/conf/conf_armor.erl:21619
防具,3001201,拓荒披风,0,全职业,3,紫/稀世,槽位105,3001201,,0,,0,src/conf/conf_armor.erl:21637
防具,3001202,拓荒披风,0,全职业,3,紫/稀世,槽位105,3001202,,0,,0,src/conf/conf_armor.erl:21655
防具,3001203,拓荒披风,0,全职业,3,紫/稀世,槽位105,3001203,,0,,0,src/conf/conf_armor.erl:21673
防具,3001204,拓荒披风,0,全职业,3,紫/稀世,槽位105,3001204,,0,,0,src/conf/conf_armor.erl:21691
防具,3001205,拓荒披风,0,全职业,3,紫/稀世,槽位105,3001205,,0,,0,src/conf/conf_armor.erl:21709
防具,3001206,拓荒披风,0,全职业,3,紫/稀世,槽位105,3001206,,0,,0,src/conf/conf_armor.erl:21727
防具,3001207,拓荒披风,0,全职业,3,紫/稀世,槽位105,3001207,,0,,0,src/conf/conf_armor.erl:21745
防具,3001208,拓荒披风,0,全职业,3,紫/稀世,槽位105,3001208,,0,,0,src/conf/conf_armor.erl:21763
防具,3001209,拓荒披风,0,全职业,3,紫/稀世,槽位105,3001209,,0,,0,src/conf/conf_armor.erl:21781
防具,3001210,拓荒披风,0,全职业,3,紫/稀世,槽位105,3001210,,0,,0,src/conf/conf_armor.erl:21799
防具,3001211,拓荒披风,0,全职业,3,紫/稀世,槽位105,3001211,,0,,0,src/conf/conf_armor.erl:21817
防具,3001212,拓荒披风,0,全职业,3,紫/稀世,槽位105,3001212,,0,,0,src/conf/conf_armor.erl:21835
防具,3001213,拓荒披风,0,全职业,3,紫/稀世,槽位105,3001213,,0,,0,src/conf/conf_armor.erl:21853
防具,3001214,拓荒披风,0,全职业,3,紫/稀世,槽位105,3001214,,0,,0,src/conf/conf_armor.erl:21871
防具,3001215,拓荒披风,0,全职业,3,紫/稀世,槽位105,3001215,,0,,0,src/conf/conf_armor.erl:21889
防具,3001216,拓荒披风,0,全职业,3,紫/稀世,槽位105,3001216,,0,,0,src/conf/conf_armor.erl:21907
防具,3001217,拓荒披风,0,全职业,3,紫/稀世,槽位105,3001217,,0,,0,src/conf/conf_armor.erl:21925
防具,3001218,拓荒披风,0,全职业,3,紫/稀世,槽位105,3001218,,0,,0,src/conf/conf_armor.erl:21943
防具,3001219,拓荒披风,0,全职业,3,紫/稀世,槽位105,3001219,,0,,0,src/conf/conf_armor.erl:21961
防具,3001220,拓荒披风,0,全职业,3,紫/稀世,槽位105,3001220,,0,,0,src/conf/conf_armor.erl:21979
防具,3001221,远征披风,0,全职业,3,紫/稀世,槽位105,3001221,,0,,0,src/conf/conf_armor.erl:21997
防具,3001222,远征披风,0,全职业,3,紫/稀世,槽位105,3001222,,0,,0,src/conf/conf_armor.erl:22015
防具,3001223,远征披风,0,全职业,3,紫/稀世,槽位105,3001223,,0,,0,src/conf/conf_armor.erl:22033
防具,3001224,远征披风,0,全职业,3,紫/稀世,槽位105,3001224,,0,,0,src/conf/conf_armor.erl:22051
防具,3001225,远征披风,0,全职业,3,紫/稀世,槽位105,3001225,,0,,0,src/conf/conf_armor.erl:22069
防具,3001226,远征披风,0,全职业,3,紫/稀世,槽位105,3001226,,0,,0,src/conf/conf_armor.erl:22087
防具,3001227,远征披风,0,全职业,3,紫/稀世,槽位105,3001227,,0,,0,src/conf/conf_armor.erl:22105
防具,3001228,远征披风,0,全职业,3,紫/稀世,槽位105,3001228,,0,,0,src/conf/conf_armor.erl:22123
防具,3001229,远征披风,0,全职业,3,紫/稀世,槽位105,3001229,,0,,0,src/conf/conf_armor.erl:22141
防具,3001230,远征披风,0,全职业,3,紫/稀世,槽位105,3001230,,0,,0,src/conf/conf_armor.erl:22159
防具,3001231,远征披风,0,全职业,3,紫/稀世,槽位105,3001231,,0,,0,src/conf/conf_armor.erl:22177
防具,3001232,远征披风,0,全职业,3,紫/稀世,槽位105,3001232,,0,,0,src/conf/conf_armor.erl:22195
防具,3001233,远征披风,0,全职业,3,紫/稀世,槽位105,3001233,,0,,0,src/conf/conf_armor.erl:22213
防具,3001234,远征披风,0,全职业,3,紫/稀世,槽位105,3001234,,0,,0,src/conf/conf_armor.erl:22231
防具,3001235,远征披风,0,全职业,3,紫/稀世,槽位105,3001235,,0,,0,src/conf/conf_armor.erl:22249
防具,3001236,远征披风,0,全职业,3,紫/稀世,槽位105,3001236,,0,,0,src/conf/conf_armor.erl:22267
防具,3001237,远征披风,0,全职业,3,紫/稀世,槽位105,3001237,,0,,0,src/conf/conf_armor.erl:22285
防具,3001238,远征披风,0,全职业,3,紫/稀世,槽位105,3001238,,0,,0,src/conf/conf_armor.erl:22303
防具,3001239,远征披风,0,全职业,3,紫/稀世,槽位105,3001239,,0,,0,src/conf/conf_armor.erl:22321
防具,3001240,远征披风,0,全职业,3,紫/稀世,槽位105,3001240,,0,,0,src/conf/conf_armor.erl:22339
防具,3001241,破境披风,0,全职业,3,紫/稀世,槽位105,3001241,,0,,0,src/conf/conf_armor.erl:22357
防具,3001242,破境披风,0,全职业,3,紫/稀世,槽位105,3001242,,0,,0,src/conf/conf_armor.erl:22375
防具,3001243,破境披风,0,全职业,3,紫/稀世,槽位105,3001243,,0,,0,src/conf/conf_armor.erl:22393
防具,3001244,破境披风,0,全职业,3,紫/稀世,槽位105,3001244,,0,,0,src/conf/conf_armor.erl:22411
防具,3001245,破境披风,0,全职业,3,紫/稀世,槽位105,3001245,,0,,0,src/conf/conf_armor.erl:22429
防具,3001246,破境披风,0,全职业,3,紫/稀世,槽位105,3001246,,0,,0,src/conf/conf_armor.erl:22447
防具,3001247,破境披风,0,全职业,3,紫/稀世,槽位105,3001247,,0,,0,src/conf/conf_armor.erl:22465
防具,3001248,破境披风,0,全职业,3,紫/稀世,槽位105,3001248,,0,,0,src/conf/conf_armor.erl:22483
防具,3001249,破境披风,0,全职业,3,紫/稀世,槽位105,3001249,,0,,0,src/conf/conf_armor.erl:22501
防具,3001250,破境披风,0,全职业,3,紫/稀世,槽位105,3001250,,0,,0,src/conf/conf_armor.erl:22519
防具,3001251,破境披风,0,全职业,3,紫/稀世,槽位105,3001251,,0,,0,src/conf/conf_armor.erl:22537
防具,3001252,破境披风,0,全职业,3,紫/稀世,槽位105,3001252,,0,,0,src/conf/conf_armor.erl:22555
防具,3001253,破境披风,0,全职业,3,紫/稀世,槽位105,3001253,,0,,0,src/conf/conf_armor.erl:22573
防具,3001254,破境披风,0,全职业,3,紫/稀世,槽位105,3001254,,0,,0,src/conf/conf_armor.erl:22591
防具,3001255,破境披风,0,全职业,3,紫/稀世,槽位105,3001255,,0,,0,src/conf/conf_armor.erl:22609
防具,3001256,破境披风,0,全职业,3,紫/稀世,槽位105,3001256,,0,,0,src/conf/conf_armor.erl:22627
防具,3001257,破境披风,0,全职业,3,紫/稀世,槽位105,3001257,,0,,0,src/conf/conf_armor.erl:22645
防具,3001258,破境披风,0,全职业,3,紫/稀世,槽位105,3001258,,0,,0,src/conf/conf_armor.erl:22663
防具,3001259,破境披风,0,全职业,3,紫/稀世,槽位105,3001259,,0,,0,src/conf/conf_armor.erl:22681
防具,3001260,破境披风,0,全职业,3,紫/稀世,槽位105,3001260,,0,,0,src/conf/conf_armor.erl:22699
防具,3001261,启程胸甲,0,全职业,3,紫/稀世,槽位106,3001261,,0,,0,src/conf/conf_armor.erl:22717
防具,3001262,启程胸甲,0,全职业,3,紫/稀世,槽位106,3001262,,0,,0,src/conf/conf_armor.erl:22735
防具,3001263,启程胸甲,0,全职业,3,紫/稀世,槽位106,3001263,,0,,0,src/conf/conf_armor.erl:22753
防具,3001264,启程胸甲,0,全职业,3,紫/稀世,槽位106,3001264,,0,,0,src/conf/conf_armor.erl:22771
防具,3001265,启程胸甲,0,全职业,3,紫/稀世,槽位106,3001265,,0,,0,src/conf/conf_armor.erl:22789
防具,3001266,启程胸甲,0,全职业,3,紫/稀世,槽位106,3001266,,0,,0,src/conf/conf_armor.erl:22807
防具,3001267,启程胸甲,0,全职业,3,紫/稀世,槽位106,3001267,,0,,0,src/conf/conf_armor.erl:22825
防具,3001268,启程胸甲,0,全职业,3,紫/稀世,槽位106,3001268,,0,,0,src/conf/conf_armor.erl:22843
防具,3001269,启程胸甲,0,全职业,3,紫/稀世,槽位106,3001269,,0,,0,src/conf/conf_armor.erl:22861
防具,3001270,启程胸甲,0,全职业,3,紫/稀世,槽位106,3001270,,0,,0,src/conf/conf_armor.erl:22879
防具,3001271,寻路胸甲,0,全职业,3,紫/稀世,槽位106,3001271,,0,,0,src/conf/conf_armor.erl:22897
防具,3001272,寻路胸甲,0,全职业,3,紫/稀世,槽位106,3001272,,0,,0,src/conf/conf_armor.erl:22915
防具,3001273,寻路胸甲,0,全职业,3,紫/稀世,槽位106,3001273,,0,,0,src/conf/conf_armor.erl:22933
防具,3001274,寻路胸甲,0,全职业,3,紫/稀世,槽位106,3001274,,0,,0,src/conf/conf_armor.erl:22951
防具,3001275,寻路胸甲,0,全职业,3,紫/稀世,槽位106,3001275,,0,,0,src/conf/conf_armor.erl:22969
防具,3001276,寻路胸甲,0,全职业,3,紫/稀世,槽位106,3001276,,0,,0,src/conf/conf_armor.erl:22987
防具,3001277,寻路胸甲,0,全职业,3,紫/稀世,槽位106,3001277,,0,,0,src/conf/conf_armor.erl:23005
防具,3001278,寻路胸甲,0,全职业,3,紫/稀世,槽位106,3001278,,0,,0,src/conf/conf_armor.erl:23023
防具,3001279,寻路胸甲,0,全职业,3,紫/稀世,槽位106,3001279,,0,,0,src/conf/conf_armor.erl:23041
防具,3001280,寻路胸甲,0,全职业,3,紫/稀世,槽位106,3001280,,0,,0,src/conf/conf_armor.erl:23059
防具,3001281,远行胸甲,0,全职业,3,紫/稀世,槽位106,3001281,,0,,0,src/conf/conf_armor.erl:23077
防具,3001282,远行胸甲,0,全职业,3,紫/稀世,槽位106,3001282,,0,,0,src/conf/conf_armor.erl:23095
防具,3001283,远行胸甲,0,全职业,3,紫/稀世,槽位106,3001283,,0,,0,src/conf/conf_armor.erl:23113
防具,3001284,远行胸甲,0,全职业,3,紫/稀世,槽位106,3001284,,0,,0,src/conf/conf_armor.erl:23131
防具,3001285,远行胸甲,0,全职业,3,紫/稀世,槽位106,3001285,,0,,0,src/conf/conf_armor.erl:23149
防具,3001286,远行胸甲,0,全职业,3,紫/稀世,槽位106,3001286,,0,,0,src/conf/conf_armor.erl:23167
防具,3001287,远行胸甲,0,全职业,3,紫/稀世,槽位106,3001287,,0,,0,src/conf/conf_armor.erl:23185
防具,3001288,远行胸甲,0,全职业,3,紫/稀世,槽位106,3001288,,0,,0,src/conf/conf_armor.erl:23203
防具,3001289,远行胸甲,0,全职业,3,紫/稀世,槽位106,3001289,,0,,0,src/conf/conf_armor.erl:23221
防具,3001290,远行胸甲,0,全职业,3,紫/稀世,槽位106,3001290,,0,,0,src/conf/conf_armor.erl:23239
防具,3001291,拓荒胸甲,0,全职业,3,紫/稀世,槽位106,3001291,,0,,0,src/conf/conf_armor.erl:23257
防具,3001292,拓荒胸甲,0,全职业,3,紫/稀世,槽位106,3001292,,0,,0,src/conf/conf_armor.erl:23275
防具,3001293,拓荒胸甲,0,全职业,3,紫/稀世,槽位106,3001293,,0,,0,src/conf/conf_armor.erl:23293
防具,3001294,拓荒胸甲,0,全职业,3,紫/稀世,槽位106,3001294,,0,,0,src/conf/conf_armor.erl:23311
防具,3001295,拓荒胸甲,0,全职业,3,紫/稀世,槽位106,3001295,,0,,0,src/conf/conf_armor.erl:23329
防具,3001296,拓荒胸甲,0,全职业,3,紫/稀世,槽位106,3001296,,0,,0,src/conf/conf_armor.erl:23347
防具,3001297,拓荒胸甲,0,全职业,3,紫/稀世,槽位106,3001297,,0,,0,src/conf/conf_armor.erl:23365
防具,3001298,拓荒胸甲,0,全职业,3,紫/稀世,槽位106,3001298,,0,,0,src/conf/conf_armor.erl:23383
防具,3001299,拓荒胸甲,0,全职业,3,紫/稀世,槽位106,3001299,,0,,0,src/conf/conf_armor.erl:23401
防具,3001300,拓荒胸甲,0,全职业,3,紫/稀世,槽位106,3001300,,0,,0,src/conf/conf_armor.erl:23419
防具,3001301,拓荒胸甲,0,全职业,3,紫/稀世,槽位106,3001301,,0,,0,src/conf/conf_armor.erl:23437
防具,3001302,拓荒胸甲,0,全职业,3,紫/稀世,槽位106,3001302,,0,,0,src/conf/conf_armor.erl:23455
防具,3001303,拓荒胸甲,0,全职业,3,紫/稀世,槽位106,3001303,,0,,0,src/conf/conf_armor.erl:23473
防具,3001304,拓荒胸甲,0,全职业,3,紫/稀世,槽位106,3001304,,0,,0,src/conf/conf_armor.erl:23491
防具,3001305,拓荒胸甲,0,全职业,3,紫/稀世,槽位106,3001305,,0,,0,src/conf/conf_armor.erl:23509
防具,3001306,拓荒胸甲,0,全职业,3,紫/稀世,槽位106,3001306,,0,,0,src/conf/conf_armor.erl:23527
防具,3001307,拓荒胸甲,0,全职业,3,紫/稀世,槽位106,3001307,,0,,0,src/conf/conf_armor.erl:23545
防具,3001308,拓荒胸甲,0,全职业,3,紫/稀世,槽位106,3001308,,0,,0,src/conf/conf_armor.erl:23563
防具,3001309,拓荒胸甲,0,全职业,3,紫/稀世,槽位106,3001309,,0,,0,src/conf/conf_armor.erl:23581
防具,3001310,拓荒胸甲,0,全职业,3,紫/稀世,槽位106,3001310,,0,,0,src/conf/conf_armor.erl:23599
防具,3001311,远征胸甲,0,全职业,3,紫/稀世,槽位106,3001311,,0,,0,src/conf/conf_armor.erl:23617
防具,3001312,远征胸甲,0,全职业,3,紫/稀世,槽位106,3001312,,0,,0,src/conf/conf_armor.erl:23635
防具,3001313,远征胸甲,0,全职业,3,紫/稀世,槽位106,3001313,,0,,0,src/conf/conf_armor.erl:23653
防具,3001314,远征胸甲,0,全职业,3,紫/稀世,槽位106,3001314,,0,,0,src/conf/conf_armor.erl:23671
防具,3001315,远征胸甲,0,全职业,3,紫/稀世,槽位106,3001315,,0,,0,src/conf/conf_armor.erl:23689
防具,3001316,远征胸甲,0,全职业,3,紫/稀世,槽位106,3001316,,0,,0,src/conf/conf_armor.erl:23707
防具,3001317,远征胸甲,0,全职业,3,紫/稀世,槽位106,3001317,,0,,0,src/conf/conf_armor.erl:23725
防具,3001318,远征胸甲,0,全职业,3,紫/稀世,槽位106,3001318,,0,,0,src/conf/conf_armor.erl:23743
防具,3001319,远征胸甲,0,全职业,3,紫/稀世,槽位106,3001319,,0,,0,src/conf/conf_armor.erl:23761
防具,3001320,远征胸甲,0,全职业,3,紫/稀世,槽位106,3001320,,0,,0,src/conf/conf_armor.erl:23779
防具,3001321,远征胸甲,0,全职业,3,紫/稀世,槽位106,3001321,,0,,0,src/conf/conf_armor.erl:23797
防具,3001322,远征胸甲,0,全职业,3,紫/稀世,槽位106,3001322,,0,,0,src/conf/conf_armor.erl:23815
防具,3001323,远征胸甲,0,全职业,3,紫/稀世,槽位106,3001323,,0,,0,src/conf/conf_armor.erl:23833
防具,3001324,远征胸甲,0,全职业,3,紫/稀世,槽位106,3001324,,0,,0,src/conf/conf_armor.erl:23851
防具,3001325,远征胸甲,0,全职业,3,紫/稀世,槽位106,3001325,,0,,0,src/conf/conf_armor.erl:23869
防具,3001326,远征胸甲,0,全职业,3,紫/稀世,槽位106,3001326,,0,,0,src/conf/conf_armor.erl:23887
防具,3001327,远征胸甲,0,全职业,3,紫/稀世,槽位106,3001327,,0,,0,src/conf/conf_armor.erl:23905
防具,3001328,远征胸甲,0,全职业,3,紫/稀世,槽位106,3001328,,0,,0,src/conf/conf_armor.erl:23923
防具,3001329,远征胸甲,0,全职业,3,紫/稀世,槽位106,3001329,,0,,0,src/conf/conf_armor.erl:23941
防具,3001330,远征胸甲,0,全职业,3,紫/稀世,槽位106,3001330,,0,,0,src/conf/conf_armor.erl:23959
防具,3001331,破境胸甲,0,全职业,3,紫/稀世,槽位106,3001331,,0,,0,src/conf/conf_armor.erl:23977
防具,3001332,破境胸甲,0,全职业,3,紫/稀世,槽位106,3001332,,0,,0,src/conf/conf_armor.erl:23995
防具,3001333,破境胸甲,0,全职业,3,紫/稀世,槽位106,3001333,,0,,0,src/conf/conf_armor.erl:24013
防具,3001334,破境胸甲,0,全职业,3,紫/稀世,槽位106,3001334,,0,,0,src/conf/conf_armor.erl:24031
防具,3001335,破境胸甲,0,全职业,3,紫/稀世,槽位106,3001335,,0,,0,src/conf/conf_armor.erl:24049
防具,3001336,破境胸甲,0,全职业,3,紫/稀世,槽位106,3001336,,0,,0,src/conf/conf_armor.erl:24067
防具,3001337,破境胸甲,0,全职业,3,紫/稀世,槽位106,3001337,,0,,0,src/conf/conf_armor.erl:24085
防具,3001338,破境胸甲,0,全职业,3,紫/稀世,槽位106,3001338,,0,,0,src/conf/conf_armor.erl:24103
防具,3001339,破境胸甲,0,全职业,3,紫/稀世,槽位106,3001339,,0,,0,src/conf/conf_armor.erl:24121
防具,3001340,破境胸甲,0,全职业,3,紫/稀世,槽位106,3001340,,0,,0,src/conf/conf_armor.erl:24139
防具,3001341,破境胸甲,0,全职业,3,紫/稀世,槽位106,3001341,,0,,0,src/conf/conf_armor.erl:24157
防具,3001342,破境胸甲,0,全职业,3,紫/稀世,槽位106,3001342,,0,,0,src/conf/conf_armor.erl:24175
防具,3001343,破境胸甲,0,全职业,3,紫/稀世,槽位106,3001343,,0,,0,src/conf/conf_armor.erl:24193
防具,3001344,破境胸甲,0,全职业,3,紫/稀世,槽位106,3001344,,0,,0,src/conf/conf_armor.erl:24211
防具,3001345,破境胸甲,0,全职业,3,紫/稀世,槽位106,3001345,,0,,0,src/conf/conf_armor.erl:24229
防具,3001346,破境胸甲,0,全职业,3,紫/稀世,槽位106,3001346,,0,,0,src/conf/conf_armor.erl:24247
防具,3001347,破境胸甲,0,全职业,3,紫/稀世,槽位106,3001347,,0,,0,src/conf/conf_armor.erl:24265
防具,3001348,破境胸甲,0,全职业,3,紫/稀世,槽位106,3001348,,0,,0,src/conf/conf_armor.erl:24283
防具,3001349,破境胸甲,0,全职业,3,紫/稀世,槽位106,3001349,,0,,0,src/conf/conf_armor.erl:24301
防具,3001350,破境胸甲,0,全职业,3,紫/稀世,槽位106,3001350,,0,,0,src/conf/conf_armor.erl:24319
防具,3001351,启程鞋子,0,全职业,3,紫/稀世,槽位107,3001351,,0,,0,src/conf/conf_armor.erl:24337
防具,3001352,启程鞋子,0,全职业,3,紫/稀世,槽位107,3001352,,0,,0,src/conf/conf_armor.erl:24355
防具,3001353,启程鞋子,0,全职业,3,紫/稀世,槽位107,3001353,,0,,0,src/conf/conf_armor.erl:24373
防具,3001354,启程鞋子,0,全职业,3,紫/稀世,槽位107,3001354,,0,,0,src/conf/conf_armor.erl:24391
防具,3001355,启程鞋子,0,全职业,3,紫/稀世,槽位107,3001355,,0,,0,src/conf/conf_armor.erl:24409
防具,3001356,启程鞋子,0,全职业,3,紫/稀世,槽位107,3001356,,0,,0,src/conf/conf_armor.erl:24427
防具,3001357,启程鞋子,0,全职业,3,紫/稀世,槽位107,3001357,,0,,0,src/conf/conf_armor.erl:24445
防具,3001358,启程鞋子,0,全职业,3,紫/稀世,槽位107,3001358,,0,,0,src/conf/conf_armor.erl:24463
防具,3001359,启程鞋子,0,全职业,3,紫/稀世,槽位107,3001359,,0,,0,src/conf/conf_armor.erl:24481
防具,3001360,启程鞋子,0,全职业,3,紫/稀世,槽位107,3001360,,0,,0,src/conf/conf_armor.erl:24499
防具,3001361,寻路鞋子,0,全职业,3,紫/稀世,槽位107,3001361,,0,,0,src/conf/conf_armor.erl:24517
防具,3001362,寻路鞋子,0,全职业,3,紫/稀世,槽位107,3001362,,0,,0,src/conf/conf_armor.erl:24535
防具,3001363,寻路鞋子,0,全职业,3,紫/稀世,槽位107,3001363,,0,,0,src/conf/conf_armor.erl:24553
防具,3001364,寻路鞋子,0,全职业,3,紫/稀世,槽位107,3001364,,0,,0,src/conf/conf_armor.erl:24571
防具,3001365,寻路鞋子,0,全职业,3,紫/稀世,槽位107,3001365,,0,,0,src/conf/conf_armor.erl:24589
防具,3001366,寻路鞋子,0,全职业,3,紫/稀世,槽位107,3001366,,0,,0,src/conf/conf_armor.erl:24607
防具,3001367,寻路鞋子,0,全职业,3,紫/稀世,槽位107,3001367,,0,,0,src/conf/conf_armor.erl:24625
防具,3001368,寻路鞋子,0,全职业,3,紫/稀世,槽位107,3001368,,0,,0,src/conf/conf_armor.erl:24643
防具,3001369,寻路鞋子,0,全职业,3,紫/稀世,槽位107,3001369,,0,,0,src/conf/conf_armor.erl:24661
防具,3001370,寻路鞋子,0,全职业,3,紫/稀世,槽位107,3001370,,0,,0,src/conf/conf_armor.erl:24679
防具,3001371,远行鞋子,0,全职业,3,紫/稀世,槽位107,3001371,,0,,0,src/conf/conf_armor.erl:24697
防具,3001372,远行鞋子,0,全职业,3,紫/稀世,槽位107,3001372,,0,,0,src/conf/conf_armor.erl:24715
防具,3001373,远行鞋子,0,全职业,3,紫/稀世,槽位107,3001373,,0,,0,src/conf/conf_armor.erl:24733
防具,3001374,远行鞋子,0,全职业,3,紫/稀世,槽位107,3001374,,0,,0,src/conf/conf_armor.erl:24751
防具,3001375,远行鞋子,0,全职业,3,紫/稀世,槽位107,3001375,,0,,0,src/conf/conf_armor.erl:24769
防具,3001376,远行鞋子,0,全职业,3,紫/稀世,槽位107,3001376,,0,,0,src/conf/conf_armor.erl:24787
防具,3001377,远行鞋子,0,全职业,3,紫/稀世,槽位107,3001377,,0,,0,src/conf/conf_armor.erl:24805
防具,3001378,远行鞋子,0,全职业,3,紫/稀世,槽位107,3001378,,0,,0,src/conf/conf_armor.erl:24823
防具,3001379,远行鞋子,0,全职业,3,紫/稀世,槽位107,3001379,,0,,0,src/conf/conf_armor.erl:24841
防具,3001380,远行鞋子,0,全职业,3,紫/稀世,槽位107,3001380,,0,,0,src/conf/conf_armor.erl:24859
防具,3001381,拓荒鞋子,0,全职业,3,紫/稀世,槽位107,3001381,,0,,0,src/conf/conf_armor.erl:24877
防具,3001382,拓荒鞋子,0,全职业,3,紫/稀世,槽位107,3001382,,0,,0,src/conf/conf_armor.erl:24895
防具,3001383,拓荒鞋子,0,全职业,3,紫/稀世,槽位107,3001383,,0,,0,src/conf/conf_armor.erl:24913
防具,3001384,拓荒鞋子,0,全职业,3,紫/稀世,槽位107,3001384,,0,,0,src/conf/conf_armor.erl:24931
防具,3001385,拓荒鞋子,0,全职业,3,紫/稀世,槽位107,3001385,,0,,0,src/conf/conf_armor.erl:24949
防具,3001386,拓荒鞋子,0,全职业,3,紫/稀世,槽位107,3001386,,0,,0,src/conf/conf_armor.erl:24967
防具,3001387,拓荒鞋子,0,全职业,3,紫/稀世,槽位107,3001387,,0,,0,src/conf/conf_armor.erl:24985
防具,3001388,拓荒鞋子,0,全职业,3,紫/稀世,槽位107,3001388,,0,,0,src/conf/conf_armor.erl:25003
防具,3001389,拓荒鞋子,0,全职业,3,紫/稀世,槽位107,3001389,,0,,0,src/conf/conf_armor.erl:25021
防具,3001390,拓荒鞋子,0,全职业,3,紫/稀世,槽位107,3001390,,0,,0,src/conf/conf_armor.erl:25039
防具,3001391,拓荒鞋子,0,全职业,3,紫/稀世,槽位107,3001391,,0,,0,src/conf/conf_armor.erl:25057
防具,3001392,拓荒鞋子,0,全职业,3,紫/稀世,槽位107,3001392,,0,,0,src/conf/conf_armor.erl:25075
防具,3001393,拓荒鞋子,0,全职业,3,紫/稀世,槽位107,3001393,,0,,0,src/conf/conf_armor.erl:25093
防具,3001394,拓荒鞋子,0,全职业,3,紫/稀世,槽位107,3001394,,0,,0,src/conf/conf_armor.erl:25111
防具,3001395,拓荒鞋子,0,全职业,3,紫/稀世,槽位107,3001395,,0,,0,src/conf/conf_armor.erl:25129
防具,3001396,拓荒鞋子,0,全职业,3,紫/稀世,槽位107,3001396,,0,,0,src/conf/conf_armor.erl:25147
防具,3001397,拓荒鞋子,0,全职业,3,紫/稀世,槽位107,3001397,,0,,0,src/conf/conf_armor.erl:25165
防具,3001398,拓荒鞋子,0,全职业,3,紫/稀世,槽位107,3001398,,0,,0,src/conf/conf_armor.erl:25183
防具,3001399,拓荒鞋子,0,全职业,3,紫/稀世,槽位107,3001399,,0,,0,src/conf/conf_armor.erl:25201
防具,3001400,拓荒鞋子,0,全职业,3,紫/稀世,槽位107,3001400,,0,,0,src/conf/conf_armor.erl:25219
防具,3001401,远征鞋子,0,全职业,3,紫/稀世,槽位107,3001401,,0,,0,src/conf/conf_armor.erl:25237
防具,3001402,远征鞋子,0,全职业,3,紫/稀世,槽位107,3001402,,0,,0,src/conf/conf_armor.erl:25255
防具,3001403,远征鞋子,0,全职业,3,紫/稀世,槽位107,3001403,,0,,0,src/conf/conf_armor.erl:25273
防具,3001404,远征鞋子,0,全职业,3,紫/稀世,槽位107,3001404,,0,,0,src/conf/conf_armor.erl:25291
防具,3001405,远征鞋子,0,全职业,3,紫/稀世,槽位107,3001405,,0,,0,src/conf/conf_armor.erl:25309
防具,3001406,远征鞋子,0,全职业,3,紫/稀世,槽位107,3001406,,0,,0,src/conf/conf_armor.erl:25327
防具,3001407,远征鞋子,0,全职业,3,紫/稀世,槽位107,3001407,,0,,0,src/conf/conf_armor.erl:25345
防具,3001408,远征鞋子,0,全职业,3,紫/稀世,槽位107,3001408,,0,,0,src/conf/conf_armor.erl:25363
防具,3001409,远征鞋子,0,全职业,3,紫/稀世,槽位107,3001409,,0,,0,src/conf/conf_armor.erl:25381
防具,3001410,远征鞋子,0,全职业,3,紫/稀世,槽位107,3001410,,0,,0,src/conf/conf_armor.erl:25399
防具,3001411,远征鞋子,0,全职业,3,紫/稀世,槽位107,3001411,,0,,0,src/conf/conf_armor.erl:25417
防具,3001412,远征鞋子,0,全职业,3,紫/稀世,槽位107,3001412,,0,,0,src/conf/conf_armor.erl:25435
防具,3001413,远征鞋子,0,全职业,3,紫/稀世,槽位107,3001413,,0,,0,src/conf/conf_armor.erl:25453
防具,3001414,远征鞋子,0,全职业,3,紫/稀世,槽位107,3001414,,0,,0,src/conf/conf_armor.erl:25471
防具,3001415,远征鞋子,0,全职业,3,紫/稀世,槽位107,3001415,,0,,0,src/conf/conf_armor.erl:25489
防具,3001416,远征鞋子,0,全职业,3,紫/稀世,槽位107,3001416,,0,,0,src/conf/conf_armor.erl:25507
防具,3001417,远征鞋子,0,全职业,3,紫/稀世,槽位107,3001417,,0,,0,src/conf/conf_armor.erl:25525
防具,3001418,远征鞋子,0,全职业,3,紫/稀世,槽位107,3001418,,0,,0,src/conf/conf_armor.erl:25543
防具,3001419,远征鞋子,0,全职业,3,紫/稀世,槽位107,3001419,,0,,0,src/conf/conf_armor.erl:25561
防具,3001420,远征鞋子,0,全职业,3,紫/稀世,槽位107,3001420,,0,,0,src/conf/conf_armor.erl:25579
防具,3001421,破境鞋子,0,全职业,3,紫/稀世,槽位107,3001421,,0,,0,src/conf/conf_armor.erl:25597
防具,3001422,破境鞋子,0,全职业,3,紫/稀世,槽位107,3001422,,0,,0,src/conf/conf_armor.erl:25615
防具,3001423,破境鞋子,0,全职业,3,紫/稀世,槽位107,3001423,,0,,0,src/conf/conf_armor.erl:25633
防具,3001424,破境鞋子,0,全职业,3,紫/稀世,槽位107,3001424,,0,,0,src/conf/conf_armor.erl:25651
防具,3001425,破境鞋子,0,全职业,3,紫/稀世,槽位107,3001425,,0,,0,src/conf/conf_armor.erl:25669
防具,3001426,破境鞋子,0,全职业,3,紫/稀世,槽位107,3001426,,0,,0,src/conf/conf_armor.erl:25687
防具,3001427,破境鞋子,0,全职业,3,紫/稀世,槽位107,3001427,,0,,0,src/conf/conf_armor.erl:25705
防具,3001428,破境鞋子,0,全职业,3,紫/稀世,槽位107,3001428,,0,,0,src/conf/conf_armor.erl:25723
防具,3001429,破境鞋子,0,全职业,3,紫/稀世,槽位107,3001429,,0,,0,src/conf/conf_armor.erl:25741
防具,3001430,破境鞋子,0,全职业,3,紫/稀世,槽位107,3001430,,0,,0,src/conf/conf_armor.erl:25759
防具,3001431,破境鞋子,0,全职业,3,紫/稀世,槽位107,3001431,,0,,0,src/conf/conf_armor.erl:25777
防具,3001432,破境鞋子,0,全职业,3,紫/稀世,槽位107,3001432,,0,,0,src/conf/conf_armor.erl:25795
防具,3001433,破境鞋子,0,全职业,3,紫/稀世,槽位107,3001433,,0,,0,src/conf/conf_armor.erl:25813
防具,3001434,破境鞋子,0,全职业,3,紫/稀世,槽位107,3001434,,0,,0,src/conf/conf_armor.erl:25831
防具,3001435,破境鞋子,0,全职业,3,紫/稀世,槽位107,3001435,,0,,0,src/conf/conf_armor.erl:25849
防具,3001436,破境鞋子,0,全职业,3,紫/稀世,槽位107,3001436,,0,,0,src/conf/conf_armor.erl:25867
防具,3001437,破境鞋子,0,全职业,3,紫/稀世,槽位107,3001437,,0,,0,src/conf/conf_armor.erl:25885
防具,3001438,破境鞋子,0,全职业,3,紫/稀世,槽位107,3001438,,0,,0,src/conf/conf_armor.erl:25903
防具,3001439,破境鞋子,0,全职业,3,紫/稀世,槽位107,3001439,,0,,0,src/conf/conf_armor.erl:25921
防具,3001440,破境鞋子,0,全职业,3,紫/稀世,槽位107,3001440,,0,,0,src/conf/conf_armor.erl:25939
防具,3001441,启程项链,0,全职业,3,紫/稀世,槽位109,3001441,,0,,0,src/conf/conf_armor.erl:25957
防具,3001442,启程项链,0,全职业,3,紫/稀世,槽位109,3001442,,0,,0,src/conf/conf_armor.erl:25975
防具,3001443,启程项链,0,全职业,3,紫/稀世,槽位109,3001443,,0,,0,src/conf/conf_armor.erl:25993
防具,3001444,启程项链,0,全职业,3,紫/稀世,槽位109,3001444,,0,,0,src/conf/conf_armor.erl:26011
防具,3001445,启程项链,0,全职业,3,紫/稀世,槽位109,3001445,,0,,0,src/conf/conf_armor.erl:26029
防具,3001446,启程项链,0,全职业,3,紫/稀世,槽位109,3001446,,0,,0,src/conf/conf_armor.erl:26047
防具,3001447,启程项链,0,全职业,3,紫/稀世,槽位109,3001447,,0,,0,src/conf/conf_armor.erl:26065
防具,3001448,启程项链,0,全职业,3,紫/稀世,槽位109,3001448,,0,,0,src/conf/conf_armor.erl:26083
防具,3001449,启程项链,0,全职业,3,紫/稀世,槽位109,3001449,,0,,0,src/conf/conf_armor.erl:26101
防具,3001450,启程项链,0,全职业,3,紫/稀世,槽位109,3001450,,0,,0,src/conf/conf_armor.erl:26119
防具,3001451,寻路项链,0,全职业,3,紫/稀世,槽位109,3001451,,0,,0,src/conf/conf_armor.erl:26137
防具,3001452,寻路项链,0,全职业,3,紫/稀世,槽位109,3001452,,0,,0,src/conf/conf_armor.erl:26155
防具,3001453,寻路项链,0,全职业,3,紫/稀世,槽位109,3001453,,0,,0,src/conf/conf_armor.erl:26173
防具,3001454,寻路项链,0,全职业,3,紫/稀世,槽位109,3001454,,0,,0,src/conf/conf_armor.erl:26191
防具,3001455,寻路项链,0,全职业,3,紫/稀世,槽位109,3001455,,0,,0,src/conf/conf_armor.erl:26209
防具,3001456,寻路项链,0,全职业,3,紫/稀世,槽位109,3001456,,0,,0,src/conf/conf_armor.erl:26227
防具,3001457,寻路项链,0,全职业,3,紫/稀世,槽位109,3001457,,0,,0,src/conf/conf_armor.erl:26245
防具,3001458,寻路项链,0,全职业,3,紫/稀世,槽位109,3001458,,0,,0,src/conf/conf_armor.erl:26263
防具,3001459,寻路项链,0,全职业,3,紫/稀世,槽位109,3001459,,0,,0,src/conf/conf_armor.erl:26281
防具,3001460,寻路项链,0,全职业,3,紫/稀世,槽位109,3001460,,0,,0,src/conf/conf_armor.erl:26299
防具,3001461,远行项链,0,全职业,3,紫/稀世,槽位109,3001461,,0,,0,src/conf/conf_armor.erl:26317
防具,3001462,远行项链,0,全职业,3,紫/稀世,槽位109,3001462,,0,,0,src/conf/conf_armor.erl:26335
防具,3001463,远行项链,0,全职业,3,紫/稀世,槽位109,3001463,,0,,0,src/conf/conf_armor.erl:26353
防具,3001464,远行项链,0,全职业,3,紫/稀世,槽位109,3001464,,0,,0,src/conf/conf_armor.erl:26371
防具,3001465,远行项链,0,全职业,3,紫/稀世,槽位109,3001465,,0,,0,src/conf/conf_armor.erl:26389
防具,3001466,远行项链,0,全职业,3,紫/稀世,槽位109,3001466,,0,,0,src/conf/conf_armor.erl:26407
防具,3001467,远行项链,0,全职业,3,紫/稀世,槽位109,3001467,,0,,0,src/conf/conf_armor.erl:26425
防具,3001468,远行项链,0,全职业,3,紫/稀世,槽位109,3001468,,0,,0,src/conf/conf_armor.erl:26443
防具,3001469,远行项链,0,全职业,3,紫/稀世,槽位109,3001469,,0,,0,src/conf/conf_armor.erl:26461
防具,3001470,远行项链,0,全职业,3,紫/稀世,槽位109,3001470,,0,,0,src/conf/conf_armor.erl:26479
防具,3001471,拓荒项链,0,全职业,3,紫/稀世,槽位109,3001471,,0,,0,src/conf/conf_armor.erl:26497
防具,3001472,拓荒项链,0,全职业,3,紫/稀世,槽位109,3001472,,0,,0,src/conf/conf_armor.erl:26515
防具,3001473,拓荒项链,0,全职业,3,紫/稀世,槽位109,3001473,,0,,0,src/conf/conf_armor.erl:26533
防具,3001474,拓荒项链,0,全职业,3,紫/稀世,槽位109,3001474,,0,,0,src/conf/conf_armor.erl:26551
防具,3001475,拓荒项链,0,全职业,3,紫/稀世,槽位109,3001475,,0,,0,src/conf/conf_armor.erl:26569
防具,3001476,拓荒项链,0,全职业,3,紫/稀世,槽位109,3001476,,0,,0,src/conf/conf_armor.erl:26587
防具,3001477,拓荒项链,0,全职业,3,紫/稀世,槽位109,3001477,,0,,0,src/conf/conf_armor.erl:26605
防具,3001478,拓荒项链,0,全职业,3,紫/稀世,槽位109,3001478,,0,,0,src/conf/conf_armor.erl:26623
防具,3001479,拓荒项链,0,全职业,3,紫/稀世,槽位109,3001479,,0,,0,src/conf/conf_armor.erl:26641
防具,3001480,拓荒项链,0,全职业,3,紫/稀世,槽位109,3001480,,0,,0,src/conf/conf_armor.erl:26659
防具,3001481,拓荒项链,0,全职业,3,紫/稀世,槽位109,3001481,,0,,0,src/conf/conf_armor.erl:26677
防具,3001482,拓荒项链,0,全职业,3,紫/稀世,槽位109,3001482,,0,,0,src/conf/conf_armor.erl:26695
防具,3001483,拓荒项链,0,全职业,3,紫/稀世,槽位109,3001483,,0,,0,src/conf/conf_armor.erl:26713
防具,3001484,拓荒项链,0,全职业,3,紫/稀世,槽位109,3001484,,0,,0,src/conf/conf_armor.erl:26731
防具,3001485,拓荒项链,0,全职业,3,紫/稀世,槽位109,3001485,,0,,0,src/conf/conf_armor.erl:26749
防具,3001486,拓荒项链,0,全职业,3,紫/稀世,槽位109,3001486,,0,,0,src/conf/conf_armor.erl:26767
防具,3001487,拓荒项链,0,全职业,3,紫/稀世,槽位109,3001487,,0,,0,src/conf/conf_armor.erl:26785
防具,3001488,拓荒项链,0,全职业,3,紫/稀世,槽位109,3001488,,0,,0,src/conf/conf_armor.erl:26803
防具,3001489,拓荒项链,0,全职业,3,紫/稀世,槽位109,3001489,,0,,0,src/conf/conf_armor.erl:26821
防具,3001490,拓荒项链,0,全职业,3,紫/稀世,槽位109,3001490,,0,,0,src/conf/conf_armor.erl:26839
防具,3001491,远征项链,0,全职业,3,紫/稀世,槽位109,3001491,,0,,0,src/conf/conf_armor.erl:26857
防具,3001492,远征项链,0,全职业,3,紫/稀世,槽位109,3001492,,0,,0,src/conf/conf_armor.erl:26875
防具,3001493,远征项链,0,全职业,3,紫/稀世,槽位109,3001493,,0,,0,src/conf/conf_armor.erl:26893
防具,3001494,远征项链,0,全职业,3,紫/稀世,槽位109,3001494,,0,,0,src/conf/conf_armor.erl:26911
防具,3001495,远征项链,0,全职业,3,紫/稀世,槽位109,3001495,,0,,0,src/conf/conf_armor.erl:26929
防具,3001496,远征项链,0,全职业,3,紫/稀世,槽位109,3001496,,0,,0,src/conf/conf_armor.erl:26947
防具,3001497,远征项链,0,全职业,3,紫/稀世,槽位109,3001497,,0,,0,src/conf/conf_armor.erl:26965
防具,3001498,远征项链,0,全职业,3,紫/稀世,槽位109,3001498,,0,,0,src/conf/conf_armor.erl:26983
防具,3001499,远征项链,0,全职业,3,紫/稀世,槽位109,3001499,,0,,0,src/conf/conf_armor.erl:27001
防具,3001500,远征项链,0,全职业,3,紫/稀世,槽位109,3001500,,0,,0,src/conf/conf_armor.erl:27019
防具,3001501,远征项链,0,全职业,3,紫/稀世,槽位109,3001501,,0,,0,src/conf/conf_armor.erl:27037
防具,3001502,远征项链,0,全职业,3,紫/稀世,槽位109,3001502,,0,,0,src/conf/conf_armor.erl:27055
防具,3001503,远征项链,0,全职业,3,紫/稀世,槽位109,3001503,,0,,0,src/conf/conf_armor.erl:27073
防具,3001504,远征项链,0,全职业,3,紫/稀世,槽位109,3001504,,0,,0,src/conf/conf_armor.erl:27091
防具,3001505,远征项链,0,全职业,3,紫/稀世,槽位109,3001505,,0,,0,src/conf/conf_armor.erl:27109
防具,3001506,远征项链,0,全职业,3,紫/稀世,槽位109,3001506,,0,,0,src/conf/conf_armor.erl:27127
防具,3001507,远征项链,0,全职业,3,紫/稀世,槽位109,3001507,,0,,0,src/conf/conf_armor.erl:27145
防具,3001508,远征项链,0,全职业,3,紫/稀世,槽位109,3001508,,0,,0,src/conf/conf_armor.erl:27163
防具,3001509,远征项链,0,全职业,3,紫/稀世,槽位109,3001509,,0,,0,src/conf/conf_armor.erl:27181
防具,3001510,远征项链,0,全职业,3,紫/稀世,槽位109,3001510,,0,,0,src/conf/conf_armor.erl:27199
防具,3001511,破境项链,0,全职业,3,紫/稀世,槽位109,3001511,,0,,0,src/conf/conf_armor.erl:27217
防具,3001512,破境项链,0,全职业,3,紫/稀世,槽位109,3001512,,0,,0,src/conf/conf_armor.erl:27235
防具,3001513,破境项链,0,全职业,3,紫/稀世,槽位109,3001513,,0,,0,src/conf/conf_armor.erl:27253
防具,3001514,破境项链,0,全职业,3,紫/稀世,槽位109,3001514,,0,,0,src/conf/conf_armor.erl:27271
防具,3001515,破境项链,0,全职业,3,紫/稀世,槽位109,3001515,,0,,0,src/conf/conf_armor.erl:27289
防具,3001516,破境项链,0,全职业,3,紫/稀世,槽位109,3001516,,0,,0,src/conf/conf_armor.erl:27307
防具,3001517,破境项链,0,全职业,3,紫/稀世,槽位109,3001517,,0,,0,src/conf/conf_armor.erl:27325
防具,3001518,破境项链,0,全职业,3,紫/稀世,槽位109,3001518,,0,,0,src/conf/conf_armor.erl:27343
防具,3001519,破境项链,0,全职业,3,紫/稀世,槽位109,3001519,,0,,0,src/conf/conf_armor.erl:27361
防具,3001520,破境项链,0,全职业,3,紫/稀世,槽位109,3001520,,0,,0,src/conf/conf_armor.erl:27379
防具,3001521,破境项链,0,全职业,3,紫/稀世,槽位109,3001521,,0,,0,src/conf/conf_armor.erl:27397
防具,3001522,破境项链,0,全职业,3,紫/稀世,槽位109,3001522,,0,,0,src/conf/conf_armor.erl:27415
防具,3001523,破境项链,0,全职业,3,紫/稀世,槽位109,3001523,,0,,0,src/conf/conf_armor.erl:27433
防具,3001524,破境项链,0,全职业,3,紫/稀世,槽位109,3001524,,0,,0,src/conf/conf_armor.erl:27451
防具,3001525,破境项链,0,全职业,3,紫/稀世,槽位109,3001525,,0,,0,src/conf/conf_armor.erl:27469
防具,3001526,破境项链,0,全职业,3,紫/稀世,槽位109,3001526,,0,,0,src/conf/conf_armor.erl:27487
防具,3001527,破境项链,0,全职业,3,紫/稀世,槽位109,3001527,,0,,0,src/conf/conf_armor.erl:27505
防具,3001528,破境项链,0,全职业,3,紫/稀世,槽位109,3001528,,0,,0,src/conf/conf_armor.erl:27523
防具,3001529,破境项链,0,全职业,3,紫/稀世,槽位109,3001529,,0,,0,src/conf/conf_armor.erl:27541
防具,3001530,破境项链,0,全职业,3,紫/稀世,槽位109,3001530,,0,,0,src/conf/conf_armor.erl:27559
防具,3001531,启程戒指,0,全职业,3,紫/稀世,槽位108,3001531,,0,,0,src/conf/conf_armor.erl:27577
防具,3001532,启程戒指,0,全职业,3,紫/稀世,槽位108,3001532,,0,,0,src/conf/conf_armor.erl:27595
防具,3001533,启程戒指,0,全职业,3,紫/稀世,槽位108,3001533,,0,,0,src/conf/conf_armor.erl:27613
防具,3001534,启程戒指,0,全职业,3,紫/稀世,槽位108,3001534,,0,,0,src/conf/conf_armor.erl:27631
防具,3001535,启程戒指,0,全职业,3,紫/稀世,槽位108,3001535,,0,,0,src/conf/conf_armor.erl:27649
防具,3001536,启程戒指,0,全职业,3,紫/稀世,槽位108,3001536,,0,,0,src/conf/conf_armor.erl:27667
防具,3001537,启程戒指,0,全职业,3,紫/稀世,槽位108,3001537,,0,,0,src/conf/conf_armor.erl:27685
防具,3001538,启程戒指,0,全职业,3,紫/稀世,槽位108,3001538,,0,,0,src/conf/conf_armor.erl:27703
防具,3001539,启程戒指,0,全职业,3,紫/稀世,槽位108,3001539,,0,,0,src/conf/conf_armor.erl:27721
防具,3001540,启程戒指,0,全职业,3,紫/稀世,槽位108,3001540,,0,,0,src/conf/conf_armor.erl:27739
防具,3001541,寻路戒指,0,全职业,3,紫/稀世,槽位108,3001541,,0,,0,src/conf/conf_armor.erl:27757
防具,3001542,寻路戒指,0,全职业,3,紫/稀世,槽位108,3001542,,0,,0,src/conf/conf_armor.erl:27775
防具,3001543,寻路戒指,0,全职业,3,紫/稀世,槽位108,3001543,,0,,0,src/conf/conf_armor.erl:27793
防具,3001544,寻路戒指,0,全职业,3,紫/稀世,槽位108,3001544,,0,,0,src/conf/conf_armor.erl:27811
防具,3001545,寻路戒指,0,全职业,3,紫/稀世,槽位108,3001545,,0,,0,src/conf/conf_armor.erl:27829
防具,3001546,寻路戒指,0,全职业,3,紫/稀世,槽位108,3001546,,0,,0,src/conf/conf_armor.erl:27847
防具,3001547,寻路戒指,0,全职业,3,紫/稀世,槽位108,3001547,,0,,0,src/conf/conf_armor.erl:27865
防具,3001548,寻路戒指,0,全职业,3,紫/稀世,槽位108,3001548,,0,,0,src/conf/conf_armor.erl:27883
防具,3001549,寻路戒指,0,全职业,3,紫/稀世,槽位108,3001549,,0,,0,src/conf/conf_armor.erl:27901
防具,3001550,寻路戒指,0,全职业,3,紫/稀世,槽位108,3001550,,0,,0,src/conf/conf_armor.erl:27919
防具,3001551,远行戒指,0,全职业,3,紫/稀世,槽位108,3001551,,0,,0,src/conf/conf_armor.erl:27937
防具,3001552,远行戒指,0,全职业,3,紫/稀世,槽位108,3001552,,0,,0,src/conf/conf_armor.erl:27955
防具,3001553,远行戒指,0,全职业,3,紫/稀世,槽位108,3001553,,0,,0,src/conf/conf_armor.erl:27973
防具,3001554,远行戒指,0,全职业,3,紫/稀世,槽位108,3001554,,0,,0,src/conf/conf_armor.erl:27991
防具,3001555,远行戒指,0,全职业,3,紫/稀世,槽位108,3001555,,0,,0,src/conf/conf_armor.erl:28009
防具,3001556,远行戒指,0,全职业,3,紫/稀世,槽位108,3001556,,0,,0,src/conf/conf_armor.erl:28027
防具,3001557,远行戒指,0,全职业,3,紫/稀世,槽位108,3001557,,0,,0,src/conf/conf_armor.erl:28045
防具,3001558,远行戒指,0,全职业,3,紫/稀世,槽位108,3001558,,0,,0,src/conf/conf_armor.erl:28063
防具,3001559,远行戒指,0,全职业,3,紫/稀世,槽位108,3001559,,0,,0,src/conf/conf_armor.erl:28081
防具,3001560,远行戒指,0,全职业,3,紫/稀世,槽位108,3001560,,0,,0,src/conf/conf_armor.erl:28099
防具,3001561,拓荒戒指,0,全职业,3,紫/稀世,槽位108,3001561,,0,,0,src/conf/conf_armor.erl:28117
防具,3001562,拓荒戒指,0,全职业,3,紫/稀世,槽位108,3001562,,0,,0,src/conf/conf_armor.erl:28135
防具,3001563,拓荒戒指,0,全职业,3,紫/稀世,槽位108,3001563,,0,,0,src/conf/conf_armor.erl:28153
防具,3001564,拓荒戒指,0,全职业,3,紫/稀世,槽位108,3001564,,0,,0,src/conf/conf_armor.erl:28171
防具,3001565,拓荒戒指,0,全职业,3,紫/稀世,槽位108,3001565,,0,,0,src/conf/conf_armor.erl:28189
防具,3001566,拓荒戒指,0,全职业,3,紫/稀世,槽位108,3001566,,0,,0,src/conf/conf_armor.erl:28207
防具,3001567,拓荒戒指,0,全职业,3,紫/稀世,槽位108,3001567,,0,,0,src/conf/conf_armor.erl:28225
防具,3001568,拓荒戒指,0,全职业,3,紫/稀世,槽位108,3001568,,0,,0,src/conf/conf_armor.erl:28243
防具,3001569,拓荒戒指,0,全职业,3,紫/稀世,槽位108,3001569,,0,,0,src/conf/conf_armor.erl:28261
防具,3001570,拓荒戒指,0,全职业,3,紫/稀世,槽位108,3001570,,0,,0,src/conf/conf_armor.erl:28279
防具,3001571,拓荒戒指,0,全职业,3,紫/稀世,槽位108,3001571,,0,,0,src/conf/conf_armor.erl:28297
防具,3001572,拓荒戒指,0,全职业,3,紫/稀世,槽位108,3001572,,0,,0,src/conf/conf_armor.erl:28315
防具,3001573,拓荒戒指,0,全职业,3,紫/稀世,槽位108,3001573,,0,,0,src/conf/conf_armor.erl:28333
防具,3001574,拓荒戒指,0,全职业,3,紫/稀世,槽位108,3001574,,0,,0,src/conf/conf_armor.erl:28351
防具,3001575,拓荒戒指,0,全职业,3,紫/稀世,槽位108,3001575,,0,,0,src/conf/conf_armor.erl:28369
防具,3001576,拓荒戒指,0,全职业,3,紫/稀世,槽位108,3001576,,0,,0,src/conf/conf_armor.erl:28387
防具,3001577,拓荒戒指,0,全职业,3,紫/稀世,槽位108,3001577,,0,,0,src/conf/conf_armor.erl:28405
防具,3001578,拓荒戒指,0,全职业,3,紫/稀世,槽位108,3001578,,0,,0,src/conf/conf_armor.erl:28423
防具,3001579,拓荒戒指,0,全职业,3,紫/稀世,槽位108,3001579,,0,,0,src/conf/conf_armor.erl:28441
防具,3001580,拓荒戒指,0,全职业,3,紫/稀世,槽位108,3001580,,0,,0,src/conf/conf_armor.erl:28459
防具,3001581,远征戒指,0,全职业,3,紫/稀世,槽位108,3001581,,0,,0,src/conf/conf_armor.erl:28477
防具,3001582,远征戒指,0,全职业,3,紫/稀世,槽位108,3001582,,0,,0,src/conf/conf_armor.erl:28495
防具,3001583,远征戒指,0,全职业,3,紫/稀世,槽位108,3001583,,0,,0,src/conf/conf_armor.erl:28513
防具,3001584,远征戒指,0,全职业,3,紫/稀世,槽位108,3001584,,0,,0,src/conf/conf_armor.erl:28531
防具,3001585,远征戒指,0,全职业,3,紫/稀世,槽位108,3001585,,0,,0,src/conf/conf_armor.erl:28549
防具,3001586,远征戒指,0,全职业,3,紫/稀世,槽位108,3001586,,0,,0,src/conf/conf_armor.erl:28567
防具,3001587,远征戒指,0,全职业,3,紫/稀世,槽位108,3001587,,0,,0,src/conf/conf_armor.erl:28585
防具,3001588,远征戒指,0,全职业,3,紫/稀世,槽位108,3001588,,0,,0,src/conf/conf_armor.erl:28603
防具,3001589,远征戒指,0,全职业,3,紫/稀世,槽位108,3001589,,0,,0,src/conf/conf_armor.erl:28621
防具,3001590,远征戒指,0,全职业,3,紫/稀世,槽位108,3001590,,0,,0,src/conf/conf_armor.erl:28639
防具,3001591,远征戒指,0,全职业,3,紫/稀世,槽位108,3001591,,0,,0,src/conf/conf_armor.erl:28657
防具,3001592,远征戒指,0,全职业,3,紫/稀世,槽位108,3001592,,0,,0,src/conf/conf_armor.erl:28675
防具,3001593,远征戒指,0,全职业,3,紫/稀世,槽位108,3001593,,0,,0,src/conf/conf_armor.erl:28693
防具,3001594,远征戒指,0,全职业,3,紫/稀世,槽位108,3001594,,0,,0,src/conf/conf_armor.erl:28711
防具,3001595,远征戒指,0,全职业,3,紫/稀世,槽位108,3001595,,0,,0,src/conf/conf_armor.erl:28729
防具,3001596,远征戒指,0,全职业,3,紫/稀世,槽位108,3001596,,0,,0,src/conf/conf_armor.erl:28747
防具,3001597,远征戒指,0,全职业,3,紫/稀世,槽位108,3001597,,0,,0,src/conf/conf_armor.erl:28765
防具,3001598,远征戒指,0,全职业,3,紫/稀世,槽位108,3001598,,0,,0,src/conf/conf_armor.erl:28783
防具,3001599,远征戒指,0,全职业,3,紫/稀世,槽位108,3001599,,0,,0,src/conf/conf_armor.erl:28801
防具,3001600,远征戒指,0,全职业,3,紫/稀世,槽位108,3001600,,0,,0,src/conf/conf_armor.erl:28819
防具,3001601,破境戒指,0,全职业,3,紫/稀世,槽位108,3001601,,0,,0,src/conf/conf_armor.erl:28837
防具,3001602,破境戒指,0,全职业,3,紫/稀世,槽位108,3001602,,0,,0,src/conf/conf_armor.erl:28855
防具,3001603,破境戒指,0,全职业,3,紫/稀世,槽位108,3001603,,0,,0,src/conf/conf_armor.erl:28873
防具,3001604,破境戒指,0,全职业,3,紫/稀世,槽位108,3001604,,0,,0,src/conf/conf_armor.erl:28891
防具,3001605,破境戒指,0,全职业,3,紫/稀世,槽位108,3001605,,0,,0,src/conf/conf_armor.erl:28909
防具,3001606,破境戒指,0,全职业,3,紫/稀世,槽位108,3001606,,0,,0,src/conf/conf_armor.erl:28927
防具,3001607,破境戒指,0,全职业,3,紫/稀世,槽位108,3001607,,0,,0,src/conf/conf_armor.erl:28945
防具,3001608,破境戒指,0,全职业,3,紫/稀世,槽位108,3001608,,0,,0,src/conf/conf_armor.erl:28963
防具,3001609,破境戒指,0,全职业,3,紫/稀世,槽位108,3001609,,0,,0,src/conf/conf_armor.erl:28981
防具,3001610,破境戒指,0,全职业,3,紫/稀世,槽位108,3001610,,0,,0,src/conf/conf_armor.erl:28999
防具,3001611,破境戒指,0,全职业,3,紫/稀世,槽位108,3001611,,0,,0,src/conf/conf_armor.erl:29017
防具,3001612,破境戒指,0,全职业,3,紫/稀世,槽位108,3001612,,0,,0,src/conf/conf_armor.erl:29035
防具,3001613,破境戒指,0,全职业,3,紫/稀世,槽位108,3001613,,0,,0,src/conf/conf_armor.erl:29053
防具,3001614,破境戒指,0,全职业,3,紫/稀世,槽位108,3001614,,0,,0,src/conf/conf_armor.erl:29071
防具,3001615,破境戒指,0,全职业,3,紫/稀世,槽位108,3001615,,0,,0,src/conf/conf_armor.erl:29089
防具,3001616,破境戒指,0,全职业,3,紫/稀世,槽位108,3001616,,0,,0,src/conf/conf_armor.erl:29107
防具,3001617,破境戒指,0,全职业,3,紫/稀世,槽位108,3001617,,0,,0,src/conf/conf_armor.erl:29125
防具,3001618,破境戒指,0,全职业,3,紫/稀世,槽位108,3001618,,0,,0,src/conf/conf_armor.erl:29143
防具,3001619,破境戒指,0,全职业,3,紫/稀世,槽位108,3001619,,0,,0,src/conf/conf_armor.erl:29161
防具,3001620,破境戒指,0,全职业,3,紫/稀世,槽位108,3001620,,0,,0,src/conf/conf_armor.erl:29179
防具,3001621,启程头盔,0,全职业,4,橙/传说,槽位104,3001621,,0,,0,src/conf/conf_armor.erl:29197
防具,3001622,启程头盔,0,全职业,4,橙/传说,槽位104,3001622,,0,,0,src/conf/conf_armor.erl:29215
防具,3001623,启程头盔,0,全职业,4,橙/传说,槽位104,3001623,,0,,0,src/conf/conf_armor.erl:29233
防具,3001624,启程头盔,0,全职业,4,橙/传说,槽位104,3001624,,0,,0,src/conf/conf_armor.erl:29251
防具,3001625,启程头盔,0,全职业,4,橙/传说,槽位104,3001625,,0,,0,src/conf/conf_armor.erl:29269
防具,3001626,启程头盔,0,全职业,4,橙/传说,槽位104,3001626,,0,,0,src/conf/conf_armor.erl:29287
防具,3001627,启程头盔,0,全职业,4,橙/传说,槽位104,3001627,,0,,0,src/conf/conf_armor.erl:29305
防具,3001628,启程头盔,0,全职业,4,橙/传说,槽位104,3001628,,0,,0,src/conf/conf_armor.erl:29323
防具,3001629,启程头盔,0,全职业,4,橙/传说,槽位104,3001629,,0,,0,src/conf/conf_armor.erl:29341
防具,3001630,启程头盔,0,全职业,4,橙/传说,槽位104,3001630,,0,,0,src/conf/conf_armor.erl:29359
防具,3001631,寻路头盔,0,全职业,4,橙/传说,槽位104,3001631,,0,,0,src/conf/conf_armor.erl:29377
防具,3001632,寻路头盔,0,全职业,4,橙/传说,槽位104,3001632,,0,,0,src/conf/conf_armor.erl:29395
防具,3001633,寻路头盔,0,全职业,4,橙/传说,槽位104,3001633,,0,,0,src/conf/conf_armor.erl:29413
防具,3001634,寻路头盔,0,全职业,4,橙/传说,槽位104,3001634,,0,,0,src/conf/conf_armor.erl:29431
防具,3001635,寻路头盔,0,全职业,4,橙/传说,槽位104,3001635,,0,,0,src/conf/conf_armor.erl:29449
防具,3001636,寻路头盔,0,全职业,4,橙/传说,槽位104,3001636,,0,,0,src/conf/conf_armor.erl:29467
防具,3001637,寻路头盔,0,全职业,4,橙/传说,槽位104,3001637,,0,,0,src/conf/conf_armor.erl:29485
防具,3001638,寻路头盔,0,全职业,4,橙/传说,槽位104,3001638,,0,,0,src/conf/conf_armor.erl:29503
防具,3001639,寻路头盔,0,全职业,4,橙/传说,槽位104,3001639,,0,,0,src/conf/conf_armor.erl:29521
防具,3001640,寻路头盔,0,全职业,4,橙/传说,槽位104,3001640,,0,,0,src/conf/conf_armor.erl:29539
防具,3001641,远行头盔,0,全职业,4,橙/传说,槽位104,3001641,,0,,0,src/conf/conf_armor.erl:29557
防具,3001642,远行头盔,0,全职业,4,橙/传说,槽位104,3001642,,0,,0,src/conf/conf_armor.erl:29575
防具,3001643,远行头盔,0,全职业,4,橙/传说,槽位104,3001643,,0,,0,src/conf/conf_armor.erl:29593
防具,3001644,远行头盔,0,全职业,4,橙/传说,槽位104,3001644,,0,,0,src/conf/conf_armor.erl:29611
防具,3001645,远行头盔,0,全职业,4,橙/传说,槽位104,3001645,,0,,0,src/conf/conf_armor.erl:29629
防具,3001646,远行头盔,0,全职业,4,橙/传说,槽位104,3001646,,0,,0,src/conf/conf_armor.erl:29647
防具,3001647,远行头盔,0,全职业,4,橙/传说,槽位104,3001647,,0,,0,src/conf/conf_armor.erl:29665
防具,3001648,远行头盔,0,全职业,4,橙/传说,槽位104,3001648,,0,,0,src/conf/conf_armor.erl:29683
防具,3001649,远行头盔,0,全职业,4,橙/传说,槽位104,3001649,,0,,0,src/conf/conf_armor.erl:29701
防具,3001650,远行头盔,0,全职业,4,橙/传说,槽位104,3001650,,0,,0,src/conf/conf_armor.erl:29719
防具,3001651,拓荒头盔,0,全职业,4,橙/传说,槽位104,3001651,,0,,0,src/conf/conf_armor.erl:29737
防具,3001652,拓荒头盔,0,全职业,4,橙/传说,槽位104,3001652,,0,,0,src/conf/conf_armor.erl:29755
防具,3001653,拓荒头盔,0,全职业,4,橙/传说,槽位104,3001653,,0,,0,src/conf/conf_armor.erl:29773
防具,3001654,拓荒头盔,0,全职业,4,橙/传说,槽位104,3001654,,0,,0,src/conf/conf_armor.erl:29791
防具,3001655,拓荒头盔,0,全职业,4,橙/传说,槽位104,3001655,,0,,0,src/conf/conf_armor.erl:29809
防具,3001656,拓荒头盔,0,全职业,4,橙/传说,槽位104,3001656,,0,,0,src/conf/conf_armor.erl:29827
防具,3001657,拓荒头盔,0,全职业,4,橙/传说,槽位104,3001657,,0,,0,src/conf/conf_armor.erl:29845
防具,3001658,拓荒头盔,0,全职业,4,橙/传说,槽位104,3001658,,0,,0,src/conf/conf_armor.erl:29863
防具,3001659,拓荒头盔,0,全职业,4,橙/传说,槽位104,3001659,,0,,0,src/conf/conf_armor.erl:29881
防具,3001660,拓荒头盔,0,全职业,4,橙/传说,槽位104,3001660,,0,,0,src/conf/conf_armor.erl:29899
防具,3001661,拓荒头盔,0,全职业,4,橙/传说,槽位104,3001661,,0,,0,src/conf/conf_armor.erl:29917
防具,3001662,拓荒头盔,0,全职业,4,橙/传说,槽位104,3001662,,0,,0,src/conf/conf_armor.erl:29935
防具,3001663,拓荒头盔,0,全职业,4,橙/传说,槽位104,3001663,,0,,0,src/conf/conf_armor.erl:29953
防具,3001664,拓荒头盔,0,全职业,4,橙/传说,槽位104,3001664,,0,,0,src/conf/conf_armor.erl:29971
防具,3001665,拓荒头盔,0,全职业,4,橙/传说,槽位104,3001665,,0,,0,src/conf/conf_armor.erl:29989
防具,3001666,拓荒头盔,0,全职业,4,橙/传说,槽位104,3001666,,0,,0,src/conf/conf_armor.erl:30007
防具,3001667,拓荒头盔,0,全职业,4,橙/传说,槽位104,3001667,,0,,0,src/conf/conf_armor.erl:30025
防具,3001668,拓荒头盔,0,全职业,4,橙/传说,槽位104,3001668,,0,,0,src/conf/conf_armor.erl:30043
防具,3001669,拓荒头盔,0,全职业,4,橙/传说,槽位104,3001669,,0,,0,src/conf/conf_armor.erl:30061
防具,3001670,拓荒头盔,0,全职业,4,橙/传说,槽位104,3001670,,0,,0,src/conf/conf_armor.erl:30079
防具,3001671,远征头盔,0,全职业,4,橙/传说,槽位104,3001671,,0,,0,src/conf/conf_armor.erl:30097
防具,3001672,远征头盔,0,全职业,4,橙/传说,槽位104,3001672,,0,,0,src/conf/conf_armor.erl:30115
防具,3001673,远征头盔,0,全职业,4,橙/传说,槽位104,3001673,,0,,0,src/conf/conf_armor.erl:30133
防具,3001674,远征头盔,0,全职业,4,橙/传说,槽位104,3001674,,0,,0,src/conf/conf_armor.erl:30151
防具,3001675,远征头盔,0,全职业,4,橙/传说,槽位104,3001675,,0,,0,src/conf/conf_armor.erl:30169
防具,3001676,远征头盔,0,全职业,4,橙/传说,槽位104,3001676,,0,,0,src/conf/conf_armor.erl:30187
防具,3001677,远征头盔,0,全职业,4,橙/传说,槽位104,3001677,,0,,0,src/conf/conf_armor.erl:30205
防具,3001678,远征头盔,0,全职业,4,橙/传说,槽位104,3001678,,0,,0,src/conf/conf_armor.erl:30223
防具,3001679,远征头盔,0,全职业,4,橙/传说,槽位104,3001679,,0,,0,src/conf/conf_armor.erl:30241
防具,3001680,远征头盔,0,全职业,4,橙/传说,槽位104,3001680,,0,,0,src/conf/conf_armor.erl:30259
防具,3001681,远征头盔,0,全职业,4,橙/传说,槽位104,3001681,,0,,0,src/conf/conf_armor.erl:30277
防具,3001682,远征头盔,0,全职业,4,橙/传说,槽位104,3001682,,0,,0,src/conf/conf_armor.erl:30295
防具,3001683,远征头盔,0,全职业,4,橙/传说,槽位104,3001683,,0,,0,src/conf/conf_armor.erl:30313
防具,3001684,远征头盔,0,全职业,4,橙/传说,槽位104,3001684,,0,,0,src/conf/conf_armor.erl:30331
防具,3001685,远征头盔,0,全职业,4,橙/传说,槽位104,3001685,,0,,0,src/conf/conf_armor.erl:30349
防具,3001686,远征头盔,0,全职业,4,橙/传说,槽位104,3001686,,0,,0,src/conf/conf_armor.erl:30367
防具,3001687,远征头盔,0,全职业,4,橙/传说,槽位104,3001687,,0,,0,src/conf/conf_armor.erl:30385
防具,3001688,远征头盔,0,全职业,4,橙/传说,槽位104,3001688,,0,,0,src/conf/conf_armor.erl:30403
防具,3001689,远征头盔,0,全职业,4,橙/传说,槽位104,3001689,,0,,0,src/conf/conf_armor.erl:30421
防具,3001690,远征头盔,0,全职业,4,橙/传说,槽位104,3001690,,0,,0,src/conf/conf_armor.erl:30439
防具,3001691,破境头盔,0,全职业,4,橙/传说,槽位104,3001691,,0,,0,src/conf/conf_armor.erl:30457
防具,3001692,破境头盔,0,全职业,4,橙/传说,槽位104,3001692,,0,,0,src/conf/conf_armor.erl:30475
防具,3001693,破境头盔,0,全职业,4,橙/传说,槽位104,3001693,,0,,0,src/conf/conf_armor.erl:30493
防具,3001694,破境头盔,0,全职业,4,橙/传说,槽位104,3001694,,0,,0,src/conf/conf_armor.erl:30511
防具,3001695,破境头盔,0,全职业,4,橙/传说,槽位104,3001695,,0,,0,src/conf/conf_armor.erl:30529
防具,3001696,破境头盔,0,全职业,4,橙/传说,槽位104,3001696,,0,,0,src/conf/conf_armor.erl:30547
防具,3001697,破境头盔,0,全职业,4,橙/传说,槽位104,3001697,,0,,0,src/conf/conf_armor.erl:30565
防具,3001698,破境头盔,0,全职业,4,橙/传说,槽位104,3001698,,0,,0,src/conf/conf_armor.erl:30583
防具,3001699,破境头盔,0,全职业,4,橙/传说,槽位104,3001699,,0,,0,src/conf/conf_armor.erl:30601
防具,3001700,破境头盔,0,全职业,4,橙/传说,槽位104,3001700,,0,,0,src/conf/conf_armor.erl:30619
防具,3001701,破境头盔,0,全职业,4,橙/传说,槽位104,3001701,,0,,0,src/conf/conf_armor.erl:30637
防具,3001702,破境头盔,0,全职业,4,橙/传说,槽位104,3001702,,0,,0,src/conf/conf_armor.erl:30655
防具,3001703,破境头盔,0,全职业,4,橙/传说,槽位104,3001703,,0,,0,src/conf/conf_armor.erl:30673
防具,3001704,破境头盔,0,全职业,4,橙/传说,槽位104,3001704,,0,,0,src/conf/conf_armor.erl:30691
防具,3001705,破境头盔,0,全职业,4,橙/传说,槽位104,3001705,,0,,0,src/conf/conf_armor.erl:30709
防具,3001706,破境头盔,0,全职业,4,橙/传说,槽位104,3001706,,0,,0,src/conf/conf_armor.erl:30727
防具,3001707,破境头盔,0,全职业,4,橙/传说,槽位104,3001707,,0,,0,src/conf/conf_armor.erl:30745
防具,3001708,破境头盔,0,全职业,4,橙/传说,槽位104,3001708,,0,,0,src/conf/conf_armor.erl:30763
防具,3001709,破境头盔,0,全职业,4,橙/传说,槽位104,3001709,,0,,0,src/conf/conf_armor.erl:30781
防具,3001710,破境头盔,0,全职业,4,橙/传说,槽位104,3001710,,0,,0,src/conf/conf_armor.erl:30799
防具,3001711,启程披风,0,全职业,4,橙/传说,槽位105,3001711,,0,,0,src/conf/conf_armor.erl:30817
防具,3001712,启程披风,0,全职业,4,橙/传说,槽位105,3001712,,0,,0,src/conf/conf_armor.erl:30835
防具,3001713,启程披风,0,全职业,4,橙/传说,槽位105,3001713,,0,,0,src/conf/conf_armor.erl:30853
防具,3001714,启程披风,0,全职业,4,橙/传说,槽位105,3001714,,0,,0,src/conf/conf_armor.erl:30871
防具,3001715,启程披风,0,全职业,4,橙/传说,槽位105,3001715,,0,,0,src/conf/conf_armor.erl:30889
防具,3001716,启程披风,0,全职业,4,橙/传说,槽位105,3001716,,0,,0,src/conf/conf_armor.erl:30907
防具,3001717,启程披风,0,全职业,4,橙/传说,槽位105,3001717,,0,,0,src/conf/conf_armor.erl:30925
防具,3001718,启程披风,0,全职业,4,橙/传说,槽位105,3001718,,0,,0,src/conf/conf_armor.erl:30943
防具,3001719,启程披风,0,全职业,4,橙/传说,槽位105,3001719,,0,,0,src/conf/conf_armor.erl:30961
防具,3001720,启程披风,0,全职业,4,橙/传说,槽位105,3001720,,0,,0,src/conf/conf_armor.erl:30979
防具,3001721,寻路披风,0,全职业,4,橙/传说,槽位105,3001721,,0,,0,src/conf/conf_armor.erl:30997
防具,3001722,寻路披风,0,全职业,4,橙/传说,槽位105,3001722,,0,,0,src/conf/conf_armor.erl:31015
防具,3001723,寻路披风,0,全职业,4,橙/传说,槽位105,3001723,,0,,0,src/conf/conf_armor.erl:31033
防具,3001724,寻路披风,0,全职业,4,橙/传说,槽位105,3001724,,0,,0,src/conf/conf_armor.erl:31051
防具,3001725,寻路披风,0,全职业,4,橙/传说,槽位105,3001725,,0,,0,src/conf/conf_armor.erl:31069
防具,3001726,寻路披风,0,全职业,4,橙/传说,槽位105,3001726,,0,,0,src/conf/conf_armor.erl:31087
防具,3001727,寻路披风,0,全职业,4,橙/传说,槽位105,3001727,,0,,0,src/conf/conf_armor.erl:31105
防具,3001728,寻路披风,0,全职业,4,橙/传说,槽位105,3001728,,0,,0,src/conf/conf_armor.erl:31123
防具,3001729,寻路披风,0,全职业,4,橙/传说,槽位105,3001729,,0,,0,src/conf/conf_armor.erl:31141
防具,3001730,寻路披风,0,全职业,4,橙/传说,槽位105,3001730,,0,,0,src/conf/conf_armor.erl:31159
防具,3001731,远行披风,0,全职业,4,橙/传说,槽位105,3001731,,0,,0,src/conf/conf_armor.erl:31177
防具,3001732,远行披风,0,全职业,4,橙/传说,槽位105,3001732,,0,,0,src/conf/conf_armor.erl:31195
防具,3001733,远行披风,0,全职业,4,橙/传说,槽位105,3001733,,0,,0,src/conf/conf_armor.erl:31213
防具,3001734,远行披风,0,全职业,4,橙/传说,槽位105,3001734,,0,,0,src/conf/conf_armor.erl:31231
防具,3001735,远行披风,0,全职业,4,橙/传说,槽位105,3001735,,0,,0,src/conf/conf_armor.erl:31249
防具,3001736,远行披风,0,全职业,4,橙/传说,槽位105,3001736,,0,,0,src/conf/conf_armor.erl:31267
防具,3001737,远行披风,0,全职业,4,橙/传说,槽位105,3001737,,0,,0,src/conf/conf_armor.erl:31285
防具,3001738,远行披风,0,全职业,4,橙/传说,槽位105,3001738,,0,,0,src/conf/conf_armor.erl:31303
防具,3001739,远行披风,0,全职业,4,橙/传说,槽位105,3001739,,0,,0,src/conf/conf_armor.erl:31321
防具,3001740,远行披风,0,全职业,4,橙/传说,槽位105,3001740,,0,,0,src/conf/conf_armor.erl:31339
防具,3001741,拓荒披风,0,全职业,4,橙/传说,槽位105,3001741,,0,,0,src/conf/conf_armor.erl:31357
防具,3001742,拓荒披风,0,全职业,4,橙/传说,槽位105,3001742,,0,,0,src/conf/conf_armor.erl:31375
防具,3001743,拓荒披风,0,全职业,4,橙/传说,槽位105,3001743,,0,,0,src/conf/conf_armor.erl:31393
防具,3001744,拓荒披风,0,全职业,4,橙/传说,槽位105,3001744,,0,,0,src/conf/conf_armor.erl:31411
防具,3001745,拓荒披风,0,全职业,4,橙/传说,槽位105,3001745,,0,,0,src/conf/conf_armor.erl:31429
防具,3001746,拓荒披风,0,全职业,4,橙/传说,槽位105,3001746,,0,,0,src/conf/conf_armor.erl:31447
防具,3001747,拓荒披风,0,全职业,4,橙/传说,槽位105,3001747,,0,,0,src/conf/conf_armor.erl:31465
防具,3001748,拓荒披风,0,全职业,4,橙/传说,槽位105,3001748,,0,,0,src/conf/conf_armor.erl:31483
防具,3001749,拓荒披风,0,全职业,4,橙/传说,槽位105,3001749,,0,,0,src/conf/conf_armor.erl:31501
防具,3001750,拓荒披风,0,全职业,4,橙/传说,槽位105,3001750,,0,,0,src/conf/conf_armor.erl:31519
防具,3001751,拓荒披风,0,全职业,4,橙/传说,槽位105,3001751,,0,,0,src/conf/conf_armor.erl:31537
防具,3001752,拓荒披风,0,全职业,4,橙/传说,槽位105,3001752,,0,,0,src/conf/conf_armor.erl:31555
防具,3001753,拓荒披风,0,全职业,4,橙/传说,槽位105,3001753,,0,,0,src/conf/conf_armor.erl:31573
防具,3001754,拓荒披风,0,全职业,4,橙/传说,槽位105,3001754,,0,,0,src/conf/conf_armor.erl:31591
防具,3001755,拓荒披风,0,全职业,4,橙/传说,槽位105,3001755,,0,,0,src/conf/conf_armor.erl:31609
防具,3001756,拓荒披风,0,全职业,4,橙/传说,槽位105,3001756,,0,,0,src/conf/conf_armor.erl:31627
防具,3001757,拓荒披风,0,全职业,4,橙/传说,槽位105,3001757,,0,,0,src/conf/conf_armor.erl:31645
防具,3001758,拓荒披风,0,全职业,4,橙/传说,槽位105,3001758,,0,,0,src/conf/conf_armor.erl:31663
防具,3001759,拓荒披风,0,全职业,4,橙/传说,槽位105,3001759,,0,,0,src/conf/conf_armor.erl:31681
防具,3001760,拓荒披风,0,全职业,4,橙/传说,槽位105,3001760,,0,,0,src/conf/conf_armor.erl:31699
防具,3001761,远征披风,0,全职业,4,橙/传说,槽位105,3001761,,0,,0,src/conf/conf_armor.erl:31717
防具,3001762,远征披风,0,全职业,4,橙/传说,槽位105,3001762,,0,,0,src/conf/conf_armor.erl:31735
防具,3001763,远征披风,0,全职业,4,橙/传说,槽位105,3001763,,0,,0,src/conf/conf_armor.erl:31753
防具,3001764,远征披风,0,全职业,4,橙/传说,槽位105,3001764,,0,,0,src/conf/conf_armor.erl:31771
防具,3001765,远征披风,0,全职业,4,橙/传说,槽位105,3001765,,0,,0,src/conf/conf_armor.erl:31789
防具,3001766,远征披风,0,全职业,4,橙/传说,槽位105,3001766,,0,,0,src/conf/conf_armor.erl:31807
防具,3001767,远征披风,0,全职业,4,橙/传说,槽位105,3001767,,0,,0,src/conf/conf_armor.erl:31825
防具,3001768,远征披风,0,全职业,4,橙/传说,槽位105,3001768,,0,,0,src/conf/conf_armor.erl:31843
防具,3001769,远征披风,0,全职业,4,橙/传说,槽位105,3001769,,0,,0,src/conf/conf_armor.erl:31861
防具,3001770,远征披风,0,全职业,4,橙/传说,槽位105,3001770,,0,,0,src/conf/conf_armor.erl:31879
防具,3001771,远征披风,0,全职业,4,橙/传说,槽位105,3001771,,0,,0,src/conf/conf_armor.erl:31897
防具,3001772,远征披风,0,全职业,4,橙/传说,槽位105,3001772,,0,,0,src/conf/conf_armor.erl:31915
防具,3001773,远征披风,0,全职业,4,橙/传说,槽位105,3001773,,0,,0,src/conf/conf_armor.erl:31933
防具,3001774,远征披风,0,全职业,4,橙/传说,槽位105,3001774,,0,,0,src/conf/conf_armor.erl:31951
防具,3001775,远征披风,0,全职业,4,橙/传说,槽位105,3001775,,0,,0,src/conf/conf_armor.erl:31969
防具,3001776,远征披风,0,全职业,4,橙/传说,槽位105,3001776,,0,,0,src/conf/conf_armor.erl:31987
防具,3001777,远征披风,0,全职业,4,橙/传说,槽位105,3001777,,0,,0,src/conf/conf_armor.erl:32005
防具,3001778,远征披风,0,全职业,4,橙/传说,槽位105,3001778,,0,,0,src/conf/conf_armor.erl:32023
防具,3001779,远征披风,0,全职业,4,橙/传说,槽位105,3001779,,0,,0,src/conf/conf_armor.erl:32041
防具,3001780,远征披风,0,全职业,4,橙/传说,槽位105,3001780,,0,,0,src/conf/conf_armor.erl:32059
防具,3001781,破境披风,0,全职业,4,橙/传说,槽位105,3001781,,0,,0,src/conf/conf_armor.erl:32077
防具,3001782,破境披风,0,全职业,4,橙/传说,槽位105,3001782,,0,,0,src/conf/conf_armor.erl:32095
防具,3001783,破境披风,0,全职业,4,橙/传说,槽位105,3001783,,0,,0,src/conf/conf_armor.erl:32113
防具,3001784,破境披风,0,全职业,4,橙/传说,槽位105,3001784,,0,,0,src/conf/conf_armor.erl:32131
防具,3001785,破境披风,0,全职业,4,橙/传说,槽位105,3001785,,0,,0,src/conf/conf_armor.erl:32149
防具,3001786,破境披风,0,全职业,4,橙/传说,槽位105,3001786,,0,,0,src/conf/conf_armor.erl:32167
防具,3001787,破境披风,0,全职业,4,橙/传说,槽位105,3001787,,0,,0,src/conf/conf_armor.erl:32185
防具,3001788,破境披风,0,全职业,4,橙/传说,槽位105,3001788,,0,,0,src/conf/conf_armor.erl:32203
防具,3001789,破境披风,0,全职业,4,橙/传说,槽位105,3001789,,0,,0,src/conf/conf_armor.erl:32221
防具,3001790,破境披风,0,全职业,4,橙/传说,槽位105,3001790,,0,,0,src/conf/conf_armor.erl:32239
防具,3001791,破境披风,0,全职业,4,橙/传说,槽位105,3001791,,0,,0,src/conf/conf_armor.erl:32257
防具,3001792,破境披风,0,全职业,4,橙/传说,槽位105,3001792,,0,,0,src/conf/conf_armor.erl:32275
防具,3001793,破境披风,0,全职业,4,橙/传说,槽位105,3001793,,0,,0,src/conf/conf_armor.erl:32293
防具,3001794,破境披风,0,全职业,4,橙/传说,槽位105,3001794,,0,,0,src/conf/conf_armor.erl:32311
防具,3001795,破境披风,0,全职业,4,橙/传说,槽位105,3001795,,0,,0,src/conf/conf_armor.erl:32329
防具,3001796,破境披风,0,全职业,4,橙/传说,槽位105,3001796,,0,,0,src/conf/conf_armor.erl:32347
防具,3001797,破境披风,0,全职业,4,橙/传说,槽位105,3001797,,0,,0,src/conf/conf_armor.erl:32365
防具,3001798,破境披风,0,全职业,4,橙/传说,槽位105,3001798,,0,,0,src/conf/conf_armor.erl:32383
防具,3001799,破境披风,0,全职业,4,橙/传说,槽位105,3001799,,0,,0,src/conf/conf_armor.erl:32401
防具,3001800,破境披风,0,全职业,4,橙/传说,槽位105,3001800,,0,,0,src/conf/conf_armor.erl:32419
防具,3001801,启程胸甲,0,全职业,4,橙/传说,槽位106,3001801,,0,,0,src/conf/conf_armor.erl:32437
防具,3001802,启程胸甲,0,全职业,4,橙/传说,槽位106,3001802,,0,,0,src/conf/conf_armor.erl:32455
防具,3001803,启程胸甲,0,全职业,4,橙/传说,槽位106,3001803,,0,,0,src/conf/conf_armor.erl:32473
防具,3001804,启程胸甲,0,全职业,4,橙/传说,槽位106,3001804,,0,,0,src/conf/conf_armor.erl:32491
防具,3001805,启程胸甲,0,全职业,4,橙/传说,槽位106,3001805,,0,,0,src/conf/conf_armor.erl:32509
防具,3001806,启程胸甲,0,全职业,4,橙/传说,槽位106,3001806,,0,,0,src/conf/conf_armor.erl:32527
防具,3001807,启程胸甲,0,全职业,4,橙/传说,槽位106,3001807,,0,,0,src/conf/conf_armor.erl:32545
防具,3001808,启程胸甲,0,全职业,4,橙/传说,槽位106,3001808,,0,,0,src/conf/conf_armor.erl:32563
防具,3001809,启程胸甲,0,全职业,4,橙/传说,槽位106,3001809,,0,,0,src/conf/conf_armor.erl:32581
防具,3001810,启程胸甲,0,全职业,4,橙/传说,槽位106,3001810,,0,,0,src/conf/conf_armor.erl:32599
防具,3001811,寻路胸甲,0,全职业,4,橙/传说,槽位106,3001811,,0,,0,src/conf/conf_armor.erl:32617
防具,3001812,寻路胸甲,0,全职业,4,橙/传说,槽位106,3001812,,0,,0,src/conf/conf_armor.erl:32635
防具,3001813,寻路胸甲,0,全职业,4,橙/传说,槽位106,3001813,,0,,0,src/conf/conf_armor.erl:32653
防具,3001814,寻路胸甲,0,全职业,4,橙/传说,槽位106,3001814,,0,,0,src/conf/conf_armor.erl:32671
防具,3001815,寻路胸甲,0,全职业,4,橙/传说,槽位106,3001815,,0,,0,src/conf/conf_armor.erl:32689
防具,3001816,寻路胸甲,0,全职业,4,橙/传说,槽位106,3001816,,0,,0,src/conf/conf_armor.erl:32707
防具,3001817,寻路胸甲,0,全职业,4,橙/传说,槽位106,3001817,,0,,0,src/conf/conf_armor.erl:32725
防具,3001818,寻路胸甲,0,全职业,4,橙/传说,槽位106,3001818,,0,,0,src/conf/conf_armor.erl:32743
防具,3001819,寻路胸甲,0,全职业,4,橙/传说,槽位106,3001819,,0,,0,src/conf/conf_armor.erl:32761
防具,3001820,寻路胸甲,0,全职业,4,橙/传说,槽位106,3001820,,0,,0,src/conf/conf_armor.erl:32779
防具,3001821,远行胸甲,0,全职业,4,橙/传说,槽位106,3001821,,0,,0,src/conf/conf_armor.erl:32797
防具,3001822,远行胸甲,0,全职业,4,橙/传说,槽位106,3001822,,0,,0,src/conf/conf_armor.erl:32815
防具,3001823,远行胸甲,0,全职业,4,橙/传说,槽位106,3001823,,0,,0,src/conf/conf_armor.erl:32833
防具,3001824,远行胸甲,0,全职业,4,橙/传说,槽位106,3001824,,0,,0,src/conf/conf_armor.erl:32851
防具,3001825,远行胸甲,0,全职业,4,橙/传说,槽位106,3001825,,0,,0,src/conf/conf_armor.erl:32869
防具,3001826,远行胸甲,0,全职业,4,橙/传说,槽位106,3001826,,0,,0,src/conf/conf_armor.erl:32887
防具,3001827,远行胸甲,0,全职业,4,橙/传说,槽位106,3001827,,0,,0,src/conf/conf_armor.erl:32905
防具,3001828,远行胸甲,0,全职业,4,橙/传说,槽位106,3001828,,0,,0,src/conf/conf_armor.erl:32923
防具,3001829,远行胸甲,0,全职业,4,橙/传说,槽位106,3001829,,0,,0,src/conf/conf_armor.erl:32941
防具,3001830,远行胸甲,0,全职业,4,橙/传说,槽位106,3001830,,0,,0,src/conf/conf_armor.erl:32959
防具,3001831,拓荒胸甲,0,全职业,4,橙/传说,槽位106,3001831,,0,,0,src/conf/conf_armor.erl:32977
防具,3001832,拓荒胸甲,0,全职业,4,橙/传说,槽位106,3001832,,0,,0,src/conf/conf_armor.erl:32995
防具,3001833,拓荒胸甲,0,全职业,4,橙/传说,槽位106,3001833,,0,,0,src/conf/conf_armor.erl:33013
防具,3001834,拓荒胸甲,0,全职业,4,橙/传说,槽位106,3001834,,0,,0,src/conf/conf_armor.erl:33031
防具,3001835,拓荒胸甲,0,全职业,4,橙/传说,槽位106,3001835,,0,,0,src/conf/conf_armor.erl:33049
防具,3001836,拓荒胸甲,0,全职业,4,橙/传说,槽位106,3001836,,0,,0,src/conf/conf_armor.erl:33067
防具,3001837,拓荒胸甲,0,全职业,4,橙/传说,槽位106,3001837,,0,,0,src/conf/conf_armor.erl:33085
防具,3001838,拓荒胸甲,0,全职业,4,橙/传说,槽位106,3001838,,0,,0,src/conf/conf_armor.erl:33103
防具,3001839,拓荒胸甲,0,全职业,4,橙/传说,槽位106,3001839,,0,,0,src/conf/conf_armor.erl:33121
防具,3001840,拓荒胸甲,0,全职业,4,橙/传说,槽位106,3001840,,0,,0,src/conf/conf_armor.erl:33139
防具,3001841,拓荒胸甲,0,全职业,4,橙/传说,槽位106,3001841,,0,,0,src/conf/conf_armor.erl:33157
防具,3001842,拓荒胸甲,0,全职业,4,橙/传说,槽位106,3001842,,0,,0,src/conf/conf_armor.erl:33175
防具,3001843,拓荒胸甲,0,全职业,4,橙/传说,槽位106,3001843,,0,,0,src/conf/conf_armor.erl:33193
防具,3001844,拓荒胸甲,0,全职业,4,橙/传说,槽位106,3001844,,0,,0,src/conf/conf_armor.erl:33211
防具,3001845,拓荒胸甲,0,全职业,4,橙/传说,槽位106,3001845,,0,,0,src/conf/conf_armor.erl:33229
防具,3001846,拓荒胸甲,0,全职业,4,橙/传说,槽位106,3001846,,0,,0,src/conf/conf_armor.erl:33247
防具,3001847,拓荒胸甲,0,全职业,4,橙/传说,槽位106,3001847,,0,,0,src/conf/conf_armor.erl:33265
防具,3001848,拓荒胸甲,0,全职业,4,橙/传说,槽位106,3001848,,0,,0,src/conf/conf_armor.erl:33283
防具,3001849,拓荒胸甲,0,全职业,4,橙/传说,槽位106,3001849,,0,,0,src/conf/conf_armor.erl:33301
防具,3001850,拓荒胸甲,0,全职业,4,橙/传说,槽位106,3001850,,0,,0,src/conf/conf_armor.erl:33319
防具,3001851,远征胸甲,0,全职业,4,橙/传说,槽位106,3001851,,0,,0,src/conf/conf_armor.erl:33337
防具,3001852,远征胸甲,0,全职业,4,橙/传说,槽位106,3001852,,0,,0,src/conf/conf_armor.erl:33355
防具,3001853,远征胸甲,0,全职业,4,橙/传说,槽位106,3001853,,0,,0,src/conf/conf_armor.erl:33373
防具,3001854,远征胸甲,0,全职业,4,橙/传说,槽位106,3001854,,0,,0,src/conf/conf_armor.erl:33391
防具,3001855,远征胸甲,0,全职业,4,橙/传说,槽位106,3001855,,0,,0,src/conf/conf_armor.erl:33409
防具,3001856,远征胸甲,0,全职业,4,橙/传说,槽位106,3001856,,0,,0,src/conf/conf_armor.erl:33427
防具,3001857,远征胸甲,0,全职业,4,橙/传说,槽位106,3001857,,0,,0,src/conf/conf_armor.erl:33445
防具,3001858,远征胸甲,0,全职业,4,橙/传说,槽位106,3001858,,0,,0,src/conf/conf_armor.erl:33463
防具,3001859,远征胸甲,0,全职业,4,橙/传说,槽位106,3001859,,0,,0,src/conf/conf_armor.erl:33481
防具,3001860,远征胸甲,0,全职业,4,橙/传说,槽位106,3001860,,0,,0,src/conf/conf_armor.erl:33499
防具,3001861,远征胸甲,0,全职业,4,橙/传说,槽位106,3001861,,0,,0,src/conf/conf_armor.erl:33517
防具,3001862,远征胸甲,0,全职业,4,橙/传说,槽位106,3001862,,0,,0,src/conf/conf_armor.erl:33535
防具,3001863,远征胸甲,0,全职业,4,橙/传说,槽位106,3001863,,0,,0,src/conf/conf_armor.erl:33553
防具,3001864,远征胸甲,0,全职业,4,橙/传说,槽位106,3001864,,0,,0,src/conf/conf_armor.erl:33571
防具,3001865,远征胸甲,0,全职业,4,橙/传说,槽位106,3001865,,0,,0,src/conf/conf_armor.erl:33589
防具,3001866,远征胸甲,0,全职业,4,橙/传说,槽位106,3001866,,0,,0,src/conf/conf_armor.erl:33607
防具,3001867,远征胸甲,0,全职业,4,橙/传说,槽位106,3001867,,0,,0,src/conf/conf_armor.erl:33625
防具,3001868,远征胸甲,0,全职业,4,橙/传说,槽位106,3001868,,0,,0,src/conf/conf_armor.erl:33643
防具,3001869,远征胸甲,0,全职业,4,橙/传说,槽位106,3001869,,0,,0,src/conf/conf_armor.erl:33661
防具,3001870,远征胸甲,0,全职业,4,橙/传说,槽位106,3001870,,0,,0,src/conf/conf_armor.erl:33679
防具,3001871,破境胸甲,0,全职业,4,橙/传说,槽位106,3001871,,0,,0,src/conf/conf_armor.erl:33697
防具,3001872,破境胸甲,0,全职业,4,橙/传说,槽位106,3001872,,0,,0,src/conf/conf_armor.erl:33715
防具,3001873,破境胸甲,0,全职业,4,橙/传说,槽位106,3001873,,0,,0,src/conf/conf_armor.erl:33733
防具,3001874,破境胸甲,0,全职业,4,橙/传说,槽位106,3001874,,0,,0,src/conf/conf_armor.erl:33751
防具,3001875,破境胸甲,0,全职业,4,橙/传说,槽位106,3001875,,0,,0,src/conf/conf_armor.erl:33769
防具,3001876,破境胸甲,0,全职业,4,橙/传说,槽位106,3001876,,0,,0,src/conf/conf_armor.erl:33787
防具,3001877,破境胸甲,0,全职业,4,橙/传说,槽位106,3001877,,0,,0,src/conf/conf_armor.erl:33805
防具,3001878,破境胸甲,0,全职业,4,橙/传说,槽位106,3001878,,0,,0,src/conf/conf_armor.erl:33823
防具,3001879,破境胸甲,0,全职业,4,橙/传说,槽位106,3001879,,0,,0,src/conf/conf_armor.erl:33841
防具,3001880,破境胸甲,0,全职业,4,橙/传说,槽位106,3001880,,0,,0,src/conf/conf_armor.erl:33859
防具,3001881,破境胸甲,0,全职业,4,橙/传说,槽位106,3001881,,0,,0,src/conf/conf_armor.erl:33877
防具,3001882,破境胸甲,0,全职业,4,橙/传说,槽位106,3001882,,0,,0,src/conf/conf_armor.erl:33895
防具,3001883,破境胸甲,0,全职业,4,橙/传说,槽位106,3001883,,0,,0,src/conf/conf_armor.erl:33913
防具,3001884,破境胸甲,0,全职业,4,橙/传说,槽位106,3001884,,0,,0,src/conf/conf_armor.erl:33931
防具,3001885,破境胸甲,0,全职业,4,橙/传说,槽位106,3001885,,0,,0,src/conf/conf_armor.erl:33949
防具,3001886,破境胸甲,0,全职业,4,橙/传说,槽位106,3001886,,0,,0,src/conf/conf_armor.erl:33967
防具,3001887,破境胸甲,0,全职业,4,橙/传说,槽位106,3001887,,0,,0,src/conf/conf_armor.erl:33985
防具,3001888,破境胸甲,0,全职业,4,橙/传说,槽位106,3001888,,0,,0,src/conf/conf_armor.erl:34003
防具,3001889,破境胸甲,0,全职业,4,橙/传说,槽位106,3001889,,0,,0,src/conf/conf_armor.erl:34021
防具,3001890,破境胸甲,0,全职业,4,橙/传说,槽位106,3001890,,0,,0,src/conf/conf_armor.erl:34039
防具,3001891,启程鞋子,0,全职业,4,橙/传说,槽位107,3001891,,0,,0,src/conf/conf_armor.erl:34057
防具,3001892,启程鞋子,0,全职业,4,橙/传说,槽位107,3001892,,0,,0,src/conf/conf_armor.erl:34075
防具,3001893,启程鞋子,0,全职业,4,橙/传说,槽位107,3001893,,0,,0,src/conf/conf_armor.erl:34093
防具,3001894,启程鞋子,0,全职业,4,橙/传说,槽位107,3001894,,0,,0,src/conf/conf_armor.erl:34111
防具,3001895,启程鞋子,0,全职业,4,橙/传说,槽位107,3001895,,0,,0,src/conf/conf_armor.erl:34129
防具,3001896,启程鞋子,0,全职业,4,橙/传说,槽位107,3001896,,0,,0,src/conf/conf_armor.erl:34147
防具,3001897,启程鞋子,0,全职业,4,橙/传说,槽位107,3001897,,0,,0,src/conf/conf_armor.erl:34165
防具,3001898,启程鞋子,0,全职业,4,橙/传说,槽位107,3001898,,0,,0,src/conf/conf_armor.erl:34183
防具,3001899,启程鞋子,0,全职业,4,橙/传说,槽位107,3001899,,0,,0,src/conf/conf_armor.erl:34201
防具,3001900,启程鞋子,0,全职业,4,橙/传说,槽位107,3001900,,0,,0,src/conf/conf_armor.erl:34219
防具,3001901,寻路鞋子,0,全职业,4,橙/传说,槽位107,3001901,,0,,0,src/conf/conf_armor.erl:34237
防具,3001902,寻路鞋子,0,全职业,4,橙/传说,槽位107,3001902,,0,,0,src/conf/conf_armor.erl:34255
防具,3001903,寻路鞋子,0,全职业,4,橙/传说,槽位107,3001903,,0,,0,src/conf/conf_armor.erl:34273
防具,3001904,寻路鞋子,0,全职业,4,橙/传说,槽位107,3001904,,0,,0,src/conf/conf_armor.erl:34291
防具,3001905,寻路鞋子,0,全职业,4,橙/传说,槽位107,3001905,,0,,0,src/conf/conf_armor.erl:34309
防具,3001906,寻路鞋子,0,全职业,4,橙/传说,槽位107,3001906,,0,,0,src/conf/conf_armor.erl:34327
防具,3001907,寻路鞋子,0,全职业,4,橙/传说,槽位107,3001907,,0,,0,src/conf/conf_armor.erl:34345
防具,3001908,寻路鞋子,0,全职业,4,橙/传说,槽位107,3001908,,0,,0,src/conf/conf_armor.erl:34363
防具,3001909,寻路鞋子,0,全职业,4,橙/传说,槽位107,3001909,,0,,0,src/conf/conf_armor.erl:34381
防具,3001910,寻路鞋子,0,全职业,4,橙/传说,槽位107,3001910,,0,,0,src/conf/conf_armor.erl:34399
防具,3001911,远行鞋子,0,全职业,4,橙/传说,槽位107,3001911,,0,,0,src/conf/conf_armor.erl:34417
防具,3001912,远行鞋子,0,全职业,4,橙/传说,槽位107,3001912,,0,,0,src/conf/conf_armor.erl:34435
防具,3001913,远行鞋子,0,全职业,4,橙/传说,槽位107,3001913,,0,,0,src/conf/conf_armor.erl:34453
防具,3001914,远行鞋子,0,全职业,4,橙/传说,槽位107,3001914,,0,,0,src/conf/conf_armor.erl:34471
防具,3001915,远行鞋子,0,全职业,4,橙/传说,槽位107,3001915,,0,,0,src/conf/conf_armor.erl:34489
防具,3001916,远行鞋子,0,全职业,4,橙/传说,槽位107,3001916,,0,,0,src/conf/conf_armor.erl:34507
防具,3001917,远行鞋子,0,全职业,4,橙/传说,槽位107,3001917,,0,,0,src/conf/conf_armor.erl:34525
防具,3001918,远行鞋子,0,全职业,4,橙/传说,槽位107,3001918,,0,,0,src/conf/conf_armor.erl:34543
防具,3001919,远行鞋子,0,全职业,4,橙/传说,槽位107,3001919,,0,,0,src/conf/conf_armor.erl:34561
防具,3001920,远行鞋子,0,全职业,4,橙/传说,槽位107,3001920,,0,,0,src/conf/conf_armor.erl:34579
防具,3001921,拓荒鞋子,0,全职业,4,橙/传说,槽位107,3001921,,0,,0,src/conf/conf_armor.erl:34597
防具,3001922,拓荒鞋子,0,全职业,4,橙/传说,槽位107,3001922,,0,,0,src/conf/conf_armor.erl:34615
防具,3001923,拓荒鞋子,0,全职业,4,橙/传说,槽位107,3001923,,0,,0,src/conf/conf_armor.erl:34633
防具,3001924,拓荒鞋子,0,全职业,4,橙/传说,槽位107,3001924,,0,,0,src/conf/conf_armor.erl:34651
防具,3001925,拓荒鞋子,0,全职业,4,橙/传说,槽位107,3001925,,0,,0,src/conf/conf_armor.erl:34669
防具,3001926,拓荒鞋子,0,全职业,4,橙/传说,槽位107,3001926,,0,,0,src/conf/conf_armor.erl:34687
防具,3001927,拓荒鞋子,0,全职业,4,橙/传说,槽位107,3001927,,0,,0,src/conf/conf_armor.erl:34705
防具,3001928,拓荒鞋子,0,全职业,4,橙/传说,槽位107,3001928,,0,,0,src/conf/conf_armor.erl:34723
防具,3001929,拓荒鞋子,0,全职业,4,橙/传说,槽位107,3001929,,0,,0,src/conf/conf_armor.erl:34741
防具,3001930,拓荒鞋子,0,全职业,4,橙/传说,槽位107,3001930,,0,,0,src/conf/conf_armor.erl:34759
防具,3001931,拓荒鞋子,0,全职业,4,橙/传说,槽位107,3001931,,0,,0,src/conf/conf_armor.erl:34777
防具,3001932,拓荒鞋子,0,全职业,4,橙/传说,槽位107,3001932,,0,,0,src/conf/conf_armor.erl:34795
防具,3001933,拓荒鞋子,0,全职业,4,橙/传说,槽位107,3001933,,0,,0,src/conf/conf_armor.erl:34813
防具,3001934,拓荒鞋子,0,全职业,4,橙/传说,槽位107,3001934,,0,,0,src/conf/conf_armor.erl:34831
防具,3001935,拓荒鞋子,0,全职业,4,橙/传说,槽位107,3001935,,0,,0,src/conf/conf_armor.erl:34849
防具,3001936,拓荒鞋子,0,全职业,4,橙/传说,槽位107,3001936,,0,,0,src/conf/conf_armor.erl:34867
防具,3001937,拓荒鞋子,0,全职业,4,橙/传说,槽位107,3001937,,0,,0,src/conf/conf_armor.erl:34885
防具,3001938,拓荒鞋子,0,全职业,4,橙/传说,槽位107,3001938,,0,,0,src/conf/conf_armor.erl:34903
防具,3001939,拓荒鞋子,0,全职业,4,橙/传说,槽位107,3001939,,0,,0,src/conf/conf_armor.erl:34921
防具,3001940,拓荒鞋子,0,全职业,4,橙/传说,槽位107,3001940,,0,,0,src/conf/conf_armor.erl:34939
防具,3001941,远征鞋子,0,全职业,4,橙/传说,槽位107,3001941,,0,,0,src/conf/conf_armor.erl:34957
防具,3001942,远征鞋子,0,全职业,4,橙/传说,槽位107,3001942,,0,,0,src/conf/conf_armor.erl:34975
防具,3001943,远征鞋子,0,全职业,4,橙/传说,槽位107,3001943,,0,,0,src/conf/conf_armor.erl:34993
防具,3001944,远征鞋子,0,全职业,4,橙/传说,槽位107,3001944,,0,,0,src/conf/conf_armor.erl:35011
防具,3001945,远征鞋子,0,全职业,4,橙/传说,槽位107,3001945,,0,,0,src/conf/conf_armor.erl:35029
防具,3001946,远征鞋子,0,全职业,4,橙/传说,槽位107,3001946,,0,,0,src/conf/conf_armor.erl:35047
防具,3001947,远征鞋子,0,全职业,4,橙/传说,槽位107,3001947,,0,,0,src/conf/conf_armor.erl:35065
防具,3001948,远征鞋子,0,全职业,4,橙/传说,槽位107,3001948,,0,,0,src/conf/conf_armor.erl:35083
防具,3001949,远征鞋子,0,全职业,4,橙/传说,槽位107,3001949,,0,,0,src/conf/conf_armor.erl:35101
防具,3001950,远征鞋子,0,全职业,4,橙/传说,槽位107,3001950,,0,,0,src/conf/conf_armor.erl:35119
防具,3001951,远征鞋子,0,全职业,4,橙/传说,槽位107,3001951,,0,,0,src/conf/conf_armor.erl:35137
防具,3001952,远征鞋子,0,全职业,4,橙/传说,槽位107,3001952,,0,,0,src/conf/conf_armor.erl:35155
防具,3001953,远征鞋子,0,全职业,4,橙/传说,槽位107,3001953,,0,,0,src/conf/conf_armor.erl:35173
防具,3001954,远征鞋子,0,全职业,4,橙/传说,槽位107,3001954,,0,,0,src/conf/conf_armor.erl:35191
防具,3001955,远征鞋子,0,全职业,4,橙/传说,槽位107,3001955,,0,,0,src/conf/conf_armor.erl:35209
防具,3001956,远征鞋子,0,全职业,4,橙/传说,槽位107,3001956,,0,,0,src/conf/conf_armor.erl:35227
防具,3001957,远征鞋子,0,全职业,4,橙/传说,槽位107,3001957,,0,,0,src/conf/conf_armor.erl:35245
防具,3001958,远征鞋子,0,全职业,4,橙/传说,槽位107,3001958,,0,,0,src/conf/conf_armor.erl:35263
防具,3001959,远征鞋子,0,全职业,4,橙/传说,槽位107,3001959,,0,,0,src/conf/conf_armor.erl:35281
防具,3001960,远征鞋子,0,全职业,4,橙/传说,槽位107,3001960,,0,,0,src/conf/conf_armor.erl:35299
防具,3001961,破境鞋子,0,全职业,4,橙/传说,槽位107,3001961,,0,,0,src/conf/conf_armor.erl:35317
防具,3001962,破境鞋子,0,全职业,4,橙/传说,槽位107,3001962,,0,,0,src/conf/conf_armor.erl:35335
防具,3001963,破境鞋子,0,全职业,4,橙/传说,槽位107,3001963,,0,,0,src/conf/conf_armor.erl:35353
防具,3001964,破境鞋子,0,全职业,4,橙/传说,槽位107,3001964,,0,,0,src/conf/conf_armor.erl:35371
防具,3001965,破境鞋子,0,全职业,4,橙/传说,槽位107,3001965,,0,,0,src/conf/conf_armor.erl:35389
防具,3001966,破境鞋子,0,全职业,4,橙/传说,槽位107,3001966,,0,,0,src/conf/conf_armor.erl:35407
防具,3001967,破境鞋子,0,全职业,4,橙/传说,槽位107,3001967,,0,,0,src/conf/conf_armor.erl:35425
防具,3001968,破境鞋子,0,全职业,4,橙/传说,槽位107,3001968,,0,,0,src/conf/conf_armor.erl:35443
防具,3001969,破境鞋子,0,全职业,4,橙/传说,槽位107,3001969,,0,,0,src/conf/conf_armor.erl:35461
防具,3001970,破境鞋子,0,全职业,4,橙/传说,槽位107,3001970,,0,,0,src/conf/conf_armor.erl:35479
防具,3001971,破境鞋子,0,全职业,4,橙/传说,槽位107,3001971,,0,,0,src/conf/conf_armor.erl:35497
防具,3001972,破境鞋子,0,全职业,4,橙/传说,槽位107,3001972,,0,,0,src/conf/conf_armor.erl:35515
防具,3001973,破境鞋子,0,全职业,4,橙/传说,槽位107,3001973,,0,,0,src/conf/conf_armor.erl:35533
防具,3001974,破境鞋子,0,全职业,4,橙/传说,槽位107,3001974,,0,,0,src/conf/conf_armor.erl:35551
防具,3001975,破境鞋子,0,全职业,4,橙/传说,槽位107,3001975,,0,,0,src/conf/conf_armor.erl:35569
防具,3001976,破境鞋子,0,全职业,4,橙/传说,槽位107,3001976,,0,,0,src/conf/conf_armor.erl:35587
防具,3001977,破境鞋子,0,全职业,4,橙/传说,槽位107,3001977,,0,,0,src/conf/conf_armor.erl:35605
防具,3001978,破境鞋子,0,全职业,4,橙/传说,槽位107,3001978,,0,,0,src/conf/conf_armor.erl:35623
防具,3001979,破境鞋子,0,全职业,4,橙/传说,槽位107,3001979,,0,,0,src/conf/conf_armor.erl:35641
防具,3001980,破境鞋子,0,全职业,4,橙/传说,槽位107,3001980,,0,,0,src/conf/conf_armor.erl:35659
防具,3001981,启程项链,0,全职业,4,橙/传说,槽位109,3001981,,0,,0,src/conf/conf_armor.erl:35677
防具,3001982,启程项链,0,全职业,4,橙/传说,槽位109,3001982,,0,,0,src/conf/conf_armor.erl:35695
防具,3001983,启程项链,0,全职业,4,橙/传说,槽位109,3001983,,0,,0,src/conf/conf_armor.erl:35713
防具,3001984,启程项链,0,全职业,4,橙/传说,槽位109,3001984,,0,,0,src/conf/conf_armor.erl:35731
防具,3001985,启程项链,0,全职业,4,橙/传说,槽位109,3001985,,0,,0,src/conf/conf_armor.erl:35749
防具,3001986,启程项链,0,全职业,4,橙/传说,槽位109,3001986,,0,,0,src/conf/conf_armor.erl:35767
防具,3001987,启程项链,0,全职业,4,橙/传说,槽位109,3001987,,0,,0,src/conf/conf_armor.erl:35785
防具,3001988,启程项链,0,全职业,4,橙/传说,槽位109,3001988,,0,,0,src/conf/conf_armor.erl:35803
防具,3001989,启程项链,0,全职业,4,橙/传说,槽位109,3001989,,0,,0,src/conf/conf_armor.erl:35821
防具,3001990,启程项链,0,全职业,4,橙/传说,槽位109,3001990,,0,,0,src/conf/conf_armor.erl:35839
防具,3001991,寻路项链,0,全职业,4,橙/传说,槽位109,3001991,,0,,0,src/conf/conf_armor.erl:35857
防具,3001992,寻路项链,0,全职业,4,橙/传说,槽位109,3001992,,0,,0,src/conf/conf_armor.erl:35875
防具,3001993,寻路项链,0,全职业,4,橙/传说,槽位109,3001993,,0,,0,src/conf/conf_armor.erl:35893
防具,3001994,寻路项链,0,全职业,4,橙/传说,槽位109,3001994,,0,,0,src/conf/conf_armor.erl:35911
防具,3001995,寻路项链,0,全职业,4,橙/传说,槽位109,3001995,,0,,0,src/conf/conf_armor.erl:35929
防具,3001996,寻路项链,0,全职业,4,橙/传说,槽位109,3001996,,0,,0,src/conf/conf_armor.erl:35947
防具,3001997,寻路项链,0,全职业,4,橙/传说,槽位109,3001997,,0,,0,src/conf/conf_armor.erl:35965
防具,3001998,寻路项链,0,全职业,4,橙/传说,槽位109,3001998,,0,,0,src/conf/conf_armor.erl:35983
防具,3001999,寻路项链,0,全职业,4,橙/传说,槽位109,3001999,,0,,0,src/conf/conf_armor.erl:36001
防具,3002000,寻路项链,0,全职业,4,橙/传说,槽位109,3002000,,0,,0,src/conf/conf_armor.erl:36019
防具,3002001,远行项链,0,全职业,4,橙/传说,槽位109,3002001,,0,,0,src/conf/conf_armor.erl:36037
防具,3002002,远行项链,0,全职业,4,橙/传说,槽位109,3002002,,0,,0,src/conf/conf_armor.erl:36055
防具,3002003,远行项链,0,全职业,4,橙/传说,槽位109,3002003,,0,,0,src/conf/conf_armor.erl:36073
防具,3002004,远行项链,0,全职业,4,橙/传说,槽位109,3002004,,0,,0,src/conf/conf_armor.erl:36091
防具,3002005,远行项链,0,全职业,4,橙/传说,槽位109,3002005,,0,,0,src/conf/conf_armor.erl:36109
防具,3002006,远行项链,0,全职业,4,橙/传说,槽位109,3002006,,0,,0,src/conf/conf_armor.erl:36127
防具,3002007,远行项链,0,全职业,4,橙/传说,槽位109,3002007,,0,,0,src/conf/conf_armor.erl:36145
防具,3002008,远行项链,0,全职业,4,橙/传说,槽位109,3002008,,0,,0,src/conf/conf_armor.erl:36163
防具,3002009,远行项链,0,全职业,4,橙/传说,槽位109,3002009,,0,,0,src/conf/conf_armor.erl:36181
防具,3002010,远行项链,0,全职业,4,橙/传说,槽位109,3002010,,0,,0,src/conf/conf_armor.erl:36199
防具,3002011,拓荒项链,0,全职业,4,橙/传说,槽位109,3002011,,0,,0,src/conf/conf_armor.erl:36217
防具,3002012,拓荒项链,0,全职业,4,橙/传说,槽位109,3002012,,0,,0,src/conf/conf_armor.erl:36235
防具,3002013,拓荒项链,0,全职业,4,橙/传说,槽位109,3002013,,0,,0,src/conf/conf_armor.erl:36253
防具,3002014,拓荒项链,0,全职业,4,橙/传说,槽位109,3002014,,0,,0,src/conf/conf_armor.erl:36271
防具,3002015,拓荒项链,0,全职业,4,橙/传说,槽位109,3002015,,0,,0,src/conf/conf_armor.erl:36289
防具,3002016,拓荒项链,0,全职业,4,橙/传说,槽位109,3002016,,0,,0,src/conf/conf_armor.erl:36307
防具,3002017,拓荒项链,0,全职业,4,橙/传说,槽位109,3002017,,0,,0,src/conf/conf_armor.erl:36325
防具,3002018,拓荒项链,0,全职业,4,橙/传说,槽位109,3002018,,0,,0,src/conf/conf_armor.erl:36343
防具,3002019,拓荒项链,0,全职业,4,橙/传说,槽位109,3002019,,0,,0,src/conf/conf_armor.erl:36361
防具,3002020,拓荒项链,0,全职业,4,橙/传说,槽位109,3002020,,0,,0,src/conf/conf_armor.erl:36379
防具,3002021,拓荒项链,0,全职业,4,橙/传说,槽位109,3002021,,0,,0,src/conf/conf_armor.erl:36397
防具,3002022,拓荒项链,0,全职业,4,橙/传说,槽位109,3002022,,0,,0,src/conf/conf_armor.erl:36415
防具,3002023,拓荒项链,0,全职业,4,橙/传说,槽位109,3002023,,0,,0,src/conf/conf_armor.erl:36433
防具,3002024,拓荒项链,0,全职业,4,橙/传说,槽位109,3002024,,0,,0,src/conf/conf_armor.erl:36451
防具,3002025,拓荒项链,0,全职业,4,橙/传说,槽位109,3002025,,0,,0,src/conf/conf_armor.erl:36469
防具,3002026,拓荒项链,0,全职业,4,橙/传说,槽位109,3002026,,0,,0,src/conf/conf_armor.erl:36487
防具,3002027,拓荒项链,0,全职业,4,橙/传说,槽位109,3002027,,0,,0,src/conf/conf_armor.erl:36505
防具,3002028,拓荒项链,0,全职业,4,橙/传说,槽位109,3002028,,0,,0,src/conf/conf_armor.erl:36523
防具,3002029,拓荒项链,0,全职业,4,橙/传说,槽位109,3002029,,0,,0,src/conf/conf_armor.erl:36541
防具,3002030,拓荒项链,0,全职业,4,橙/传说,槽位109,3002030,,0,,0,src/conf/conf_armor.erl:36559
防具,3002031,远征项链,0,全职业,4,橙/传说,槽位109,3002031,,0,,0,src/conf/conf_armor.erl:36577
防具,3002032,远征项链,0,全职业,4,橙/传说,槽位109,3002032,,0,,0,src/conf/conf_armor.erl:36595
防具,3002033,远征项链,0,全职业,4,橙/传说,槽位109,3002033,,0,,0,src/conf/conf_armor.erl:36613
防具,3002034,远征项链,0,全职业,4,橙/传说,槽位109,3002034,,0,,0,src/conf/conf_armor.erl:36631
防具,3002035,远征项链,0,全职业,4,橙/传说,槽位109,3002035,,0,,0,src/conf/conf_armor.erl:36649
防具,3002036,远征项链,0,全职业,4,橙/传说,槽位109,3002036,,0,,0,src/conf/conf_armor.erl:36667
防具,3002037,远征项链,0,全职业,4,橙/传说,槽位109,3002037,,0,,0,src/conf/conf_armor.erl:36685
防具,3002038,远征项链,0,全职业,4,橙/传说,槽位109,3002038,,0,,0,src/conf/conf_armor.erl:36703
防具,3002039,远征项链,0,全职业,4,橙/传说,槽位109,3002039,,0,,0,src/conf/conf_armor.erl:36721
防具,3002040,远征项链,0,全职业,4,橙/传说,槽位109,3002040,,0,,0,src/conf/conf_armor.erl:36739
防具,3002041,远征项链,0,全职业,4,橙/传说,槽位109,3002041,,0,,0,src/conf/conf_armor.erl:36757
防具,3002042,远征项链,0,全职业,4,橙/传说,槽位109,3002042,,0,,0,src/conf/conf_armor.erl:36775
防具,3002043,远征项链,0,全职业,4,橙/传说,槽位109,3002043,,0,,0,src/conf/conf_armor.erl:36793
防具,3002044,远征项链,0,全职业,4,橙/传说,槽位109,3002044,,0,,0,src/conf/conf_armor.erl:36811
防具,3002045,远征项链,0,全职业,4,橙/传说,槽位109,3002045,,0,,0,src/conf/conf_armor.erl:36829
防具,3002046,远征项链,0,全职业,4,橙/传说,槽位109,3002046,,0,,0,src/conf/conf_armor.erl:36847
防具,3002047,远征项链,0,全职业,4,橙/传说,槽位109,3002047,,0,,0,src/conf/conf_armor.erl:36865
防具,3002048,远征项链,0,全职业,4,橙/传说,槽位109,3002048,,0,,0,src/conf/conf_armor.erl:36883
防具,3002049,远征项链,0,全职业,4,橙/传说,槽位109,3002049,,0,,0,src/conf/conf_armor.erl:36901
防具,3002050,远征项链,0,全职业,4,橙/传说,槽位109,3002050,,0,,0,src/conf/conf_armor.erl:36919
防具,3002051,破境项链,0,全职业,4,橙/传说,槽位109,3002051,,0,,0,src/conf/conf_armor.erl:36937
防具,3002052,破境项链,0,全职业,4,橙/传说,槽位109,3002052,,0,,0,src/conf/conf_armor.erl:36955
防具,3002053,破境项链,0,全职业,4,橙/传说,槽位109,3002053,,0,,0,src/conf/conf_armor.erl:36973
防具,3002054,破境项链,0,全职业,4,橙/传说,槽位109,3002054,,0,,0,src/conf/conf_armor.erl:36991
防具,3002055,破境项链,0,全职业,4,橙/传说,槽位109,3002055,,0,,0,src/conf/conf_armor.erl:37009
防具,3002056,破境项链,0,全职业,4,橙/传说,槽位109,3002056,,0,,0,src/conf/conf_armor.erl:37027
防具,3002057,破境项链,0,全职业,4,橙/传说,槽位109,3002057,,0,,0,src/conf/conf_armor.erl:37045
防具,3002058,破境项链,0,全职业,4,橙/传说,槽位109,3002058,,0,,0,src/conf/conf_armor.erl:37063
防具,3002059,破境项链,0,全职业,4,橙/传说,槽位109,3002059,,0,,0,src/conf/conf_armor.erl:37081
防具,3002060,破境项链,0,全职业,4,橙/传说,槽位109,3002060,,0,,0,src/conf/conf_armor.erl:37099
防具,3002061,破境项链,0,全职业,4,橙/传说,槽位109,3002061,,0,,0,src/conf/conf_armor.erl:37117
防具,3002062,破境项链,0,全职业,4,橙/传说,槽位109,3002062,,0,,0,src/conf/conf_armor.erl:37135
防具,3002063,破境项链,0,全职业,4,橙/传说,槽位109,3002063,,0,,0,src/conf/conf_armor.erl:37153
防具,3002064,破境项链,0,全职业,4,橙/传说,槽位109,3002064,,0,,0,src/conf/conf_armor.erl:37171
防具,3002065,破境项链,0,全职业,4,橙/传说,槽位109,3002065,,0,,0,src/conf/conf_armor.erl:37189
防具,3002066,破境项链,0,全职业,4,橙/传说,槽位109,3002066,,0,,0,src/conf/conf_armor.erl:37207
防具,3002067,破境项链,0,全职业,4,橙/传说,槽位109,3002067,,0,,0,src/conf/conf_armor.erl:37225
防具,3002068,破境项链,0,全职业,4,橙/传说,槽位109,3002068,,0,,0,src/conf/conf_armor.erl:37243
防具,3002069,破境项链,0,全职业,4,橙/传说,槽位109,3002069,,0,,0,src/conf/conf_armor.erl:37261
防具,3002070,破境项链,0,全职业,4,橙/传说,槽位109,3002070,,0,,0,src/conf/conf_armor.erl:37279
防具,3002071,启程戒指,0,全职业,4,橙/传说,槽位108,3002071,,0,,0,src/conf/conf_armor.erl:37297
防具,3002072,启程戒指,0,全职业,4,橙/传说,槽位108,3002072,,0,,0,src/conf/conf_armor.erl:37315
防具,3002073,启程戒指,0,全职业,4,橙/传说,槽位108,3002073,,0,,0,src/conf/conf_armor.erl:37333
防具,3002074,启程戒指,0,全职业,4,橙/传说,槽位108,3002074,,0,,0,src/conf/conf_armor.erl:37351
防具,3002075,启程戒指,0,全职业,4,橙/传说,槽位108,3002075,,0,,0,src/conf/conf_armor.erl:37369
防具,3002076,启程戒指,0,全职业,4,橙/传说,槽位108,3002076,,0,,0,src/conf/conf_armor.erl:37387
防具,3002077,启程戒指,0,全职业,4,橙/传说,槽位108,3002077,,0,,0,src/conf/conf_armor.erl:37405
防具,3002078,启程戒指,0,全职业,4,橙/传说,槽位108,3002078,,0,,0,src/conf/conf_armor.erl:37423
防具,3002079,启程戒指,0,全职业,4,橙/传说,槽位108,3002079,,0,,0,src/conf/conf_armor.erl:37441
防具,3002080,启程戒指,0,全职业,4,橙/传说,槽位108,3002080,,0,,0,src/conf/conf_armor.erl:37459
防具,3002081,寻路戒指,0,全职业,4,橙/传说,槽位108,3002081,,0,,0,src/conf/conf_armor.erl:37477
防具,3002082,寻路戒指,0,全职业,4,橙/传说,槽位108,3002082,,0,,0,src/conf/conf_armor.erl:37495
防具,3002083,寻路戒指,0,全职业,4,橙/传说,槽位108,3002083,,0,,0,src/conf/conf_armor.erl:37513
防具,3002084,寻路戒指,0,全职业,4,橙/传说,槽位108,3002084,,0,,0,src/conf/conf_armor.erl:37531
防具,3002085,寻路戒指,0,全职业,4,橙/传说,槽位108,3002085,,0,,0,src/conf/conf_armor.erl:37549
防具,3002086,寻路戒指,0,全职业,4,橙/传说,槽位108,3002086,,0,,0,src/conf/conf_armor.erl:37567
防具,3002087,寻路戒指,0,全职业,4,橙/传说,槽位108,3002087,,0,,0,src/conf/conf_armor.erl:37585
防具,3002088,寻路戒指,0,全职业,4,橙/传说,槽位108,3002088,,0,,0,src/conf/conf_armor.erl:37603
防具,3002089,寻路戒指,0,全职业,4,橙/传说,槽位108,3002089,,0,,0,src/conf/conf_armor.erl:37621
防具,3002090,寻路戒指,0,全职业,4,橙/传说,槽位108,3002090,,0,,0,src/conf/conf_armor.erl:37639
防具,3002091,远行戒指,0,全职业,4,橙/传说,槽位108,3002091,,0,,0,src/conf/conf_armor.erl:37657
防具,3002092,远行戒指,0,全职业,4,橙/传说,槽位108,3002092,,0,,0,src/conf/conf_armor.erl:37675
防具,3002093,远行戒指,0,全职业,4,橙/传说,槽位108,3002093,,0,,0,src/conf/conf_armor.erl:37693
防具,3002094,远行戒指,0,全职业,4,橙/传说,槽位108,3002094,,0,,0,src/conf/conf_armor.erl:37711
防具,3002095,远行戒指,0,全职业,4,橙/传说,槽位108,3002095,,0,,0,src/conf/conf_armor.erl:37729
防具,3002096,远行戒指,0,全职业,4,橙/传说,槽位108,3002096,,0,,0,src/conf/conf_armor.erl:37747
防具,3002097,远行戒指,0,全职业,4,橙/传说,槽位108,3002097,,0,,0,src/conf/conf_armor.erl:37765
防具,3002098,远行戒指,0,全职业,4,橙/传说,槽位108,3002098,,0,,0,src/conf/conf_armor.erl:37783
防具,3002099,远行戒指,0,全职业,4,橙/传说,槽位108,3002099,,0,,0,src/conf/conf_armor.erl:37801
防具,3002100,远行戒指,0,全职业,4,橙/传说,槽位108,3002100,,0,,0,src/conf/conf_armor.erl:37819
防具,3002101,拓荒戒指,0,全职业,4,橙/传说,槽位108,3002101,,0,,0,src/conf/conf_armor.erl:37837
防具,3002102,拓荒戒指,0,全职业,4,橙/传说,槽位108,3002102,,0,,0,src/conf/conf_armor.erl:37855
防具,3002103,拓荒戒指,0,全职业,4,橙/传说,槽位108,3002103,,0,,0,src/conf/conf_armor.erl:37873
防具,3002104,拓荒戒指,0,全职业,4,橙/传说,槽位108,3002104,,0,,0,src/conf/conf_armor.erl:37891
防具,3002105,拓荒戒指,0,全职业,4,橙/传说,槽位108,3002105,,0,,0,src/conf/conf_armor.erl:37909
防具,3002106,拓荒戒指,0,全职业,4,橙/传说,槽位108,3002106,,0,,0,src/conf/conf_armor.erl:37927
防具,3002107,拓荒戒指,0,全职业,4,橙/传说,槽位108,3002107,,0,,0,src/conf/conf_armor.erl:37945
防具,3002108,拓荒戒指,0,全职业,4,橙/传说,槽位108,3002108,,0,,0,src/conf/conf_armor.erl:37963
防具,3002109,拓荒戒指,0,全职业,4,橙/传说,槽位108,3002109,,0,,0,src/conf/conf_armor.erl:37981
防具,3002110,拓荒戒指,0,全职业,4,橙/传说,槽位108,3002110,,0,,0,src/conf/conf_armor.erl:37999
防具,3002111,拓荒戒指,0,全职业,4,橙/传说,槽位108,3002111,,0,,0,src/conf/conf_armor.erl:38017
防具,3002112,拓荒戒指,0,全职业,4,橙/传说,槽位108,3002112,,0,,0,src/conf/conf_armor.erl:38035
防具,3002113,拓荒戒指,0,全职业,4,橙/传说,槽位108,3002113,,0,,0,src/conf/conf_armor.erl:38053
防具,3002114,拓荒戒指,0,全职业,4,橙/传说,槽位108,3002114,,0,,0,src/conf/conf_armor.erl:38071
防具,3002115,拓荒戒指,0,全职业,4,橙/传说,槽位108,3002115,,0,,0,src/conf/conf_armor.erl:38089
防具,3002116,拓荒戒指,0,全职业,4,橙/传说,槽位108,3002116,,0,,0,src/conf/conf_armor.erl:38107
防具,3002117,拓荒戒指,0,全职业,4,橙/传说,槽位108,3002117,,0,,0,src/conf/conf_armor.erl:38125
防具,3002118,拓荒戒指,0,全职业,4,橙/传说,槽位108,3002118,,0,,0,src/conf/conf_armor.erl:38143
防具,3002119,拓荒戒指,0,全职业,4,橙/传说,槽位108,3002119,,0,,0,src/conf/conf_armor.erl:38161
防具,3002120,拓荒戒指,0,全职业,4,橙/传说,槽位108,3002120,,0,,0,src/conf/conf_armor.erl:38179
防具,3002121,远征戒指,0,全职业,4,橙/传说,槽位108,3002121,,0,,0,src/conf/conf_armor.erl:38197
防具,3002122,远征戒指,0,全职业,4,橙/传说,槽位108,3002122,,0,,0,src/conf/conf_armor.erl:38215
防具,3002123,远征戒指,0,全职业,4,橙/传说,槽位108,3002123,,0,,0,src/conf/conf_armor.erl:38233
防具,3002124,远征戒指,0,全职业,4,橙/传说,槽位108,3002124,,0,,0,src/conf/conf_armor.erl:38251
防具,3002125,远征戒指,0,全职业,4,橙/传说,槽位108,3002125,,0,,0,src/conf/conf_armor.erl:38269
防具,3002126,远征戒指,0,全职业,4,橙/传说,槽位108,3002126,,0,,0,src/conf/conf_armor.erl:38287
防具,3002127,远征戒指,0,全职业,4,橙/传说,槽位108,3002127,,0,,0,src/conf/conf_armor.erl:38305
防具,3002128,远征戒指,0,全职业,4,橙/传说,槽位108,3002128,,0,,0,src/conf/conf_armor.erl:38323
防具,3002129,远征戒指,0,全职业,4,橙/传说,槽位108,3002129,,0,,0,src/conf/conf_armor.erl:38341
防具,3002130,远征戒指,0,全职业,4,橙/传说,槽位108,3002130,,0,,0,src/conf/conf_armor.erl:38359
防具,3002131,远征戒指,0,全职业,4,橙/传说,槽位108,3002131,,0,,0,src/conf/conf_armor.erl:38377
防具,3002132,远征戒指,0,全职业,4,橙/传说,槽位108,3002132,,0,,0,src/conf/conf_armor.erl:38395
防具,3002133,远征戒指,0,全职业,4,橙/传说,槽位108,3002133,,0,,0,src/conf/conf_armor.erl:38413
防具,3002134,远征戒指,0,全职业,4,橙/传说,槽位108,3002134,,0,,0,src/conf/conf_armor.erl:38431
防具,3002135,远征戒指,0,全职业,4,橙/传说,槽位108,3002135,,0,,0,src/conf/conf_armor.erl:38449
防具,3002136,远征戒指,0,全职业,4,橙/传说,槽位108,3002136,,0,,0,src/conf/conf_armor.erl:38467
防具,3002137,远征戒指,0,全职业,4,橙/传说,槽位108,3002137,,0,,0,src/conf/conf_armor.erl:38485
防具,3002138,远征戒指,0,全职业,4,橙/传说,槽位108,3002138,,0,,0,src/conf/conf_armor.erl:38503
防具,3002139,远征戒指,0,全职业,4,橙/传说,槽位108,3002139,,0,,0,src/conf/conf_armor.erl:38521
防具,3002140,远征戒指,0,全职业,4,橙/传说,槽位108,3002140,,0,,0,src/conf/conf_armor.erl:38539
防具,3002141,破境戒指,0,全职业,4,橙/传说,槽位108,3002141,,0,,0,src/conf/conf_armor.erl:38557
防具,3002142,破境戒指,0,全职业,4,橙/传说,槽位108,3002142,,0,,0,src/conf/conf_armor.erl:38575
防具,3002143,破境戒指,0,全职业,4,橙/传说,槽位108,3002143,,0,,0,src/conf/conf_armor.erl:38593
防具,3002144,破境戒指,0,全职业,4,橙/传说,槽位108,3002144,,0,,0,src/conf/conf_armor.erl:38611
防具,3002145,破境戒指,0,全职业,4,橙/传说,槽位108,3002145,,0,,0,src/conf/conf_armor.erl:38629
防具,3002146,破境戒指,0,全职业,4,橙/传说,槽位108,3002146,,0,,0,src/conf/conf_armor.erl:38647
防具,3002147,破境戒指,0,全职业,4,橙/传说,槽位108,3002147,,0,,0,src/conf/conf_armor.erl:38665
防具,3002148,破境戒指,0,全职业,4,橙/传说,槽位108,3002148,,0,,0,src/conf/conf_armor.erl:38683
防具,3002149,破境戒指,0,全职业,4,橙/传说,槽位108,3002149,,0,,0,src/conf/conf_armor.erl:38701
防具,3002150,破境戒指,0,全职业,4,橙/传说,槽位108,3002150,,0,,0,src/conf/conf_armor.erl:38719
防具,3002151,破境戒指,0,全职业,4,橙/传说,槽位108,3002151,,0,,0,src/conf/conf_armor.erl:38737
防具,3002152,破境戒指,0,全职业,4,橙/传说,槽位108,3002152,,0,,0,src/conf/conf_armor.erl:38755
防具,3002153,破境戒指,0,全职业,4,橙/传说,槽位108,3002153,,0,,0,src/conf/conf_armor.erl:38773
防具,3002154,破境戒指,0,全职业,4,橙/传说,槽位108,3002154,,0,,0,src/conf/conf_armor.erl:38791
防具,3002155,破境戒指,0,全职业,4,橙/传说,槽位108,3002155,,0,,0,src/conf/conf_armor.erl:38809
防具,3002156,破境戒指,0,全职业,4,橙/传说,槽位108,3002156,,0,,0,src/conf/conf_armor.erl:38827
防具,3002157,破境戒指,0,全职业,4,橙/传说,槽位108,3002157,,0,,0,src/conf/conf_armor.erl:38845
防具,3002158,破境戒指,0,全职业,4,橙/传说,槽位108,3002158,,0,,0,src/conf/conf_armor.erl:38863
防具,3002159,破境戒指,0,全职业,4,橙/传说,槽位108,3002159,,0,,0,src/conf/conf_armor.erl:38881
防具,3002160,破境戒指,0,全职业,4,橙/传说,槽位108,3002160,,0,,0,src/conf/conf_armor.erl:38899
防具,3002161,30级全职业远征之誓头盔,0,全职业,5,黄/神铸,槽位104,3002161,,0,,1,src/conf/conf_armor.erl:38917
防具,3002162,30级全职业远征之誓披风,0,全职业,5,黄/神铸,槽位105,3002162,,0,,1,src/conf/conf_armor.erl:38935
防具,3002163,30级全职业远征之誓胸甲,0,全职业,5,黄/神铸,槽位106,3002163,,0,,1,src/conf/conf_armor.erl:38953
防具,3002164,30级全职业远征之誓鞋子,0,全职业,5,黄/神铸,槽位107,3002164,,0,,1,src/conf/conf_armor.erl:38971
防具,3002165,50级战士百战铁律头盔,1,战士,5,黄/神铸,槽位104,3002165,,0,,2,src/conf/conf_armor.erl:38989
防具,3002166,50级战士百战铁律披风,1,战士,5,黄/神铸,槽位105,3002166,,0,,2,src/conf/conf_armor.erl:39007
防具,3002167,50级战士百战铁律胸甲,1,战士,5,黄/神铸,槽位106,3002167,,0,,2,src/conf/conf_armor.erl:39025
防具,3002168,50级战士百战铁律鞋子,1,战士,5,黄/神铸,槽位107,3002168,,0,,2,src/conf/conf_armor.erl:39043
防具,3002169,70级战士逆战坚城头盔,1,战士,5,黄/神铸,槽位104,3002169,,0,,5,src/conf/conf_armor.erl:39061
防具,3002170,70级战士逆战坚城披风,1,战士,5,黄/神铸,槽位105,3002170,,0,,5,src/conf/conf_armor.erl:39079
防具,3002171,70级战士逆战坚城胸甲,1,战士,5,黄/神铸,槽位106,3002171,,0,,5,src/conf/conf_armor.erl:39097
防具,3002172,70级战士逆战坚城鞋子,1,战士,5,黄/神铸,槽位107,3002172,,0,,5,src/conf/conf_armor.erl:39115
防具,3002173,90级战士焚血战魂头盔,1,战士,5,黄/神铸,槽位104,3002173,,0,,8,src/conf/conf_armor.erl:39133
防具,3002174,90级战士焚血战魂披风,1,战士,5,黄/神铸,槽位105,3002174,,0,,8,src/conf/conf_armor.erl:39151
防具,3002175,90级战士焚血战魂胸甲,1,战士,5,黄/神铸,槽位106,3002175,,0,,8,src/conf/conf_armor.erl:39169
防具,3002176,90级战士焚血战魂鞋子,1,战士,5,黄/神铸,槽位107,3002176,,0,,8,src/conf/conf_armor.erl:39187
防具,3002177,50级牧师圣盾祷歌头盔,2,牧师,5,黄/神铸,槽位104,3002177,,0,,4,src/conf/conf_armor.erl:39205
防具,3002178,50级牧师圣盾祷歌披风,2,牧师,5,黄/神铸,槽位105,3002178,,0,,4,src/conf/conf_armor.erl:39223
防具,3002179,50级牧师圣盾祷歌胸甲,2,牧师,5,黄/神铸,槽位106,3002179,,0,,4,src/conf/conf_armor.erl:39241
防具,3002180,50级牧师圣盾祷歌鞋子,2,牧师,5,黄/神铸,槽位107,3002180,,0,,4,src/conf/conf_armor.erl:39259
防具,3002181,70级牧师守誓圣壁头盔,2,牧师,5,黄/神铸,槽位104,3002181,,0,,7,src/conf/conf_armor.erl:39277
防具,3002182,70级牧师守誓圣壁披风,2,牧师,5,黄/神铸,槽位105,3002182,,0,,7,src/conf/conf_armor.erl:39295
防具,3002183,70级牧师守誓圣壁胸甲,2,牧师,5,黄/神铸,槽位106,3002183,,0,,7,src/conf/conf_armor.erl:39313
防具,3002184,70级牧师守誓圣壁鞋子,2,牧师,5,黄/神铸,槽位107,3002184,,0,,7,src/conf/conf_armor.erl:39331
防具,3002185,90级牧师圣域祷甲头盔,2,牧师,5,黄/神铸,槽位104,3002185,,0,,10,src/conf/conf_armor.erl:39349
防具,3002186,90级牧师圣域祷甲披风,2,牧师,5,黄/神铸,槽位105,3002186,,0,,10,src/conf/conf_armor.erl:39367
防具,3002187,90级牧师圣域祷甲胸甲,2,牧师,5,黄/神铸,槽位106,3002187,,0,,10,src/conf/conf_armor.erl:39385
防具,3002188,90级牧师圣域祷甲鞋子,2,牧师,5,黄/神铸,槽位107,3002188,,0,,10,src/conf/conf_armor.erl:39403
防具,3002189,50级游侠逐风狩影头盔,3,游侠,5,黄/神铸,槽位104,3002189,,0,,3,src/conf/conf_armor.erl:39421
防具,3002190,50级游侠逐风狩影披风,3,游侠,5,黄/神铸,槽位105,3002190,,0,,3,src/conf/conf_armor.erl:39439
防具,3002191,50级游侠逐风狩影胸甲,3,游侠,5,黄/神铸,槽位106,3002191,,0,,3,src/conf/conf_armor.erl:39457
防具,3002192,50级游侠逐风狩影鞋子,3,游侠,5,黄/神铸,槽位107,3002192,,0,,3,src/conf/conf_armor.erl:39475
防具,3002193,70级游侠连矢战律头盔,3,游侠,5,黄/神铸,槽位104,3002193,,0,,6,src/conf/conf_armor.erl:39493
防具,3002194,70级游侠连矢战律披风,3,游侠,5,黄/神铸,槽位105,3002194,,0,,6,src/conf/conf_armor.erl:39511
防具,3002195,70级游侠连矢战律胸甲,3,游侠,5,黄/神铸,槽位106,3002195,,0,,6,src/conf/conf_armor.erl:39529
防具,3002196,70级游侠连矢战律鞋子,3,游侠,5,黄/神铸,槽位107,3002196,,0,,6,src/conf/conf_armor.erl:39547
防具,3002197,90级游侠狂藤猎影头盔,3,游侠,5,黄/神铸,槽位104,3002197,,0,,9,src/conf/conf_armor.erl:39565
防具,3002198,90级游侠狂藤猎影披风,3,游侠,5,黄/神铸,槽位105,3002198,,0,,9,src/conf/conf_armor.erl:39583
防具,3002199,90级游侠狂藤猎影胸甲,3,游侠,5,黄/神铸,槽位106,3002199,,0,,9,src/conf/conf_armor.erl:39601
防具,3002200,90级游侠狂藤猎影鞋子,3,游侠,5,黄/神铸,槽位107,3002200,,0,,9,src/conf/conf_armor.erl:39619
防具,3002201,50级战士百战铁律头盔,1,战士,5,黄/神铸,槽位104,3002201,,0,,2,src/conf/conf_armor.erl:39637
防具,3002202,50级战士百战铁律披风,1,战士,5,黄/神铸,槽位105,3002202,,0,,2,src/conf/conf_armor.erl:39655
防具,3002203,50级战士百战铁律胸甲,1,战士,5,黄/神铸,槽位106,3002203,,0,,2,src/conf/conf_armor.erl:39673
防具,3002204,50级战士百战铁律鞋子,1,战士,5,黄/神铸,槽位107,3002204,,0,,2,src/conf/conf_armor.erl:39691
防具,3002205,70级战士逆战坚城头盔,1,战士,5,黄/神铸,槽位104,3002205,,0,,5,src/conf/conf_armor.erl:39709
防具,3002206,70级战士逆战坚城披风,1,战士,5,黄/神铸,槽位105,3002206,,0,,5,src/conf/conf_armor.erl:39727
防具,3002207,70级战士逆战坚城胸甲,1,战士,5,黄/神铸,槽位106,3002207,,0,,5,src/conf/conf_armor.erl:39745
防具,3002208,70级战士逆战坚城鞋子,1,战士,5,黄/神铸,槽位107,3002208,,0,,5,src/conf/conf_armor.erl:39763
防具,3002209,90级战士焚血战魂头盔,1,战士,5,黄/神铸,槽位104,3002209,,0,,8,src/conf/conf_armor.erl:39781
防具,3002210,90级战士焚血战魂披风,1,战士,5,黄/神铸,槽位105,3002210,,0,,8,src/conf/conf_armor.erl:39799
防具,3002211,90级战士焚血战魂胸甲,1,战士,5,黄/神铸,槽位106,3002211,,0,,8,src/conf/conf_armor.erl:39817
防具,3002212,90级战士焚血战魂鞋子,1,战士,5,黄/神铸,槽位107,3002212,,0,,8,src/conf/conf_armor.erl:39835
防具,3002213,50级牧师圣盾祷歌头盔,2,牧师,5,黄/神铸,槽位104,3002213,,0,,4,src/conf/conf_armor.erl:39853
防具,3002214,50级牧师圣盾祷歌披风,2,牧师,5,黄/神铸,槽位105,3002214,,0,,4,src/conf/conf_armor.erl:39871
防具,3002215,50级牧师圣盾祷歌胸甲,2,牧师,5,黄/神铸,槽位106,3002215,,0,,4,src/conf/conf_armor.erl:39889
防具,3002216,50级牧师圣盾祷歌鞋子,2,牧师,5,黄/神铸,槽位107,3002216,,0,,4,src/conf/conf_armor.erl:39907
防具,3002217,70级牧师守誓圣壁头盔,2,牧师,5,黄/神铸,槽位104,3002217,,0,,7,src/conf/conf_armor.erl:39925
防具,3002218,70级牧师守誓圣壁披风,2,牧师,5,黄/神铸,槽位105,3002218,,0,,7,src/conf/conf_armor.erl:39943
防具,3002219,70级牧师守誓圣壁胸甲,2,牧师,5,黄/神铸,槽位106,3002219,,0,,7,src/conf/conf_armor.erl:39961
防具,3002220,70级牧师守誓圣壁鞋子,2,牧师,5,黄/神铸,槽位107,3002220,,0,,7,src/conf/conf_armor.erl:39979
防具,3002221,90级牧师圣域祷甲头盔,2,牧师,5,黄/神铸,槽位104,3002221,,0,,10,src/conf/conf_armor.erl:39997
防具,3002222,90级牧师圣域祷甲披风,2,牧师,5,黄/神铸,槽位105,3002222,,0,,10,src/conf/conf_armor.erl:40015
防具,3002223,90级牧师圣域祷甲胸甲,2,牧师,5,黄/神铸,槽位106,3002223,,0,,10,src/conf/conf_armor.erl:40033
防具,3002224,90级牧师圣域祷甲鞋子,2,牧师,5,黄/神铸,槽位107,3002224,,0,,10,src/conf/conf_armor.erl:40051
防具,3002225,50级游侠逐风狩影头盔,3,游侠,5,黄/神铸,槽位104,3002225,,0,,3,src/conf/conf_armor.erl:40069
防具,3002226,50级游侠逐风狩影披风,3,游侠,5,黄/神铸,槽位105,3002226,,0,,3,src/conf/conf_armor.erl:40087
防具,3002227,50级游侠逐风狩影胸甲,3,游侠,5,黄/神铸,槽位106,3002227,,0,,3,src/conf/conf_armor.erl:40105
防具,3002228,50级游侠逐风狩影鞋子,3,游侠,5,黄/神铸,槽位107,3002228,,0,,3,src/conf/conf_armor.erl:40123
防具,3002229,70级游侠连矢战律头盔,3,游侠,5,黄/神铸,槽位104,3002229,,0,,6,src/conf/conf_armor.erl:40141
防具,3002230,70级游侠连矢战律披风,3,游侠,5,黄/神铸,槽位105,3002230,,0,,6,src/conf/conf_armor.erl:40159
防具,3002231,70级游侠连矢战律胸甲,3,游侠,5,黄/神铸,槽位106,3002231,,0,,6,src/conf/conf_armor.erl:40177
防具,3002232,70级游侠连矢战律鞋子,3,游侠,5,黄/神铸,槽位107,3002232,,0,,6,src/conf/conf_armor.erl:40195
防具,3002233,90级游侠狂藤猎影头盔,3,游侠,5,黄/神铸,槽位104,3002233,,0,,9,src/conf/conf_armor.erl:40213
防具,3002234,90级游侠狂藤猎影披风,3,游侠,5,黄/神铸,槽位105,3002234,,0,,9,src/conf/conf_armor.erl:40231
防具,3002235,90级游侠狂藤猎影胸甲,3,游侠,5,黄/神铸,槽位106,3002235,,0,,9,src/conf/conf_armor.erl:40249
防具,3002236,90级游侠狂藤猎影鞋子,3,游侠,5,黄/神铸,槽位107,3002236,,0,,9,src/conf/conf_armor.erl:40267
防具,3002237,50级战士百战铁律头盔,1,战士,5,黄/神铸,槽位104,3002237,,0,,2,src/conf/conf_armor.erl:40285
防具,3002238,50级战士百战铁律披风,1,战士,5,黄/神铸,槽位105,3002238,,0,,2,src/conf/conf_armor.erl:40303
防具,3002239,50级战士百战铁律胸甲,1,战士,5,黄/神铸,槽位106,3002239,,0,,2,src/conf/conf_armor.erl:40321
防具,3002240,50级战士百战铁律鞋子,1,战士,5,黄/神铸,槽位107,3002240,,0,,2,src/conf/conf_armor.erl:40339
防具,3002241,70级战士逆战坚城头盔,1,战士,5,黄/神铸,槽位104,3002241,,0,,5,src/conf/conf_armor.erl:40357
防具,3002242,70级战士逆战坚城披风,1,战士,5,黄/神铸,槽位105,3002242,,0,,5,src/conf/conf_armor.erl:40375
防具,3002243,70级战士逆战坚城胸甲,1,战士,5,黄/神铸,槽位106,3002243,,0,,5,src/conf/conf_armor.erl:40393
防具,3002244,70级战士逆战坚城鞋子,1,战士,5,黄/神铸,槽位107,3002244,,0,,5,src/conf/conf_armor.erl:40411
防具,3002245,90级战士焚血战魂头盔,1,战士,5,黄/神铸,槽位104,3002245,,0,,8,src/conf/conf_armor.erl:40429
防具,3002246,90级战士焚血战魂披风,1,战士,5,黄/神铸,槽位105,3002246,,0,,8,src/conf/conf_armor.erl:40447
防具,3002247,90级战士焚血战魂胸甲,1,战士,5,黄/神铸,槽位106,3002247,,0,,8,src/conf/conf_armor.erl:40465
防具,3002248,90级战士焚血战魂鞋子,1,战士,5,黄/神铸,槽位107,3002248,,0,,8,src/conf/conf_armor.erl:40483
防具,3002249,50级牧师圣盾祷歌头盔,2,牧师,5,黄/神铸,槽位104,3002249,,0,,4,src/conf/conf_armor.erl:40501
防具,3002250,50级牧师圣盾祷歌披风,2,牧师,5,黄/神铸,槽位105,3002250,,0,,4,src/conf/conf_armor.erl:40519
防具,3002251,50级牧师圣盾祷歌胸甲,2,牧师,5,黄/神铸,槽位106,3002251,,0,,4,src/conf/conf_armor.erl:40537
防具,3002252,50级牧师圣盾祷歌鞋子,2,牧师,5,黄/神铸,槽位107,3002252,,0,,4,src/conf/conf_armor.erl:40555
防具,3002253,70级牧师守誓圣壁头盔,2,牧师,5,黄/神铸,槽位104,3002253,,0,,7,src/conf/conf_armor.erl:40573
防具,3002254,70级牧师守誓圣壁披风,2,牧师,5,黄/神铸,槽位105,3002254,,0,,7,src/conf/conf_armor.erl:40591
防具,3002255,70级牧师守誓圣壁胸甲,2,牧师,5,黄/神铸,槽位106,3002255,,0,,7,src/conf/conf_armor.erl:40609
防具,3002256,70级牧师守誓圣壁鞋子,2,牧师,5,黄/神铸,槽位107,3002256,,0,,7,src/conf/conf_armor.erl:40627
防具,3002257,90级牧师圣域祷甲头盔,2,牧师,5,黄/神铸,槽位104,3002257,,0,,10,src/conf/conf_armor.erl:40645
防具,3002258,90级牧师圣域祷甲披风,2,牧师,5,黄/神铸,槽位105,3002258,,0,,10,src/conf/conf_armor.erl:40663
防具,3002259,90级牧师圣域祷甲胸甲,2,牧师,5,黄/神铸,槽位106,3002259,,0,,10,src/conf/conf_armor.erl:40681
防具,3002260,90级牧师圣域祷甲鞋子,2,牧师,5,黄/神铸,槽位107,3002260,,0,,10,src/conf/conf_armor.erl:40699
防具,3002261,50级游侠逐风狩影头盔,3,游侠,5,黄/神铸,槽位104,3002261,,0,,3,src/conf/conf_armor.erl:40717
防具,3002262,50级游侠逐风狩影披风,3,游侠,5,黄/神铸,槽位105,3002262,,0,,3,src/conf/conf_armor.erl:40735
防具,3002263,50级游侠逐风狩影胸甲,3,游侠,5,黄/神铸,槽位106,3002263,,0,,3,src/conf/conf_armor.erl:40753
防具,3002264,50级游侠逐风狩影鞋子,3,游侠,5,黄/神铸,槽位107,3002264,,0,,3,src/conf/conf_armor.erl:40771
防具,3002265,70级游侠连矢战律头盔,3,游侠,5,黄/神铸,槽位104,3002265,,0,,6,src/conf/conf_armor.erl:40789
防具,3002266,70级游侠连矢战律披风,3,游侠,5,黄/神铸,槽位105,3002266,,0,,6,src/conf/conf_armor.erl:40807
防具,3002267,70级游侠连矢战律胸甲,3,游侠,5,黄/神铸,槽位106,3002267,,0,,6,src/conf/conf_armor.erl:40825
防具,3002268,70级游侠连矢战律鞋子,3,游侠,5,黄/神铸,槽位107,3002268,,0,,6,src/conf/conf_armor.erl:40843
防具,3002269,90级游侠狂藤猎影头盔,3,游侠,5,黄/神铸,槽位104,3002269,,0,,9,src/conf/conf_armor.erl:40861
防具,3002270,90级游侠狂藤猎影披风,3,游侠,5,黄/神铸,槽位105,3002270,,0,,9,src/conf/conf_armor.erl:40879
防具,3002271,90级游侠狂藤猎影胸甲,3,游侠,5,黄/神铸,槽位106,3002271,,0,,9,src/conf/conf_armor.erl:40897
防具,3002272,90级游侠狂藤猎影鞋子,3,游侠,5,黄/神铸,槽位107,3002272,,0,,9,src/conf/conf_armor.erl:40915
防具,3002273,镇岳戒指,0,全职业,5,黄/神铸,槽位108,3002273,,60001,,0,src/conf/conf_armor.erl:40933
防具,3002274,逐风戒指,0,全职业,5,黄/神铸,槽位108,3002274,,60002,,0,src/conf/conf_armor.erl:40951
防具,3002275,回风项链,0,全职业,5,黄/神铸,槽位109,3002275,,60003,,0,src/conf/conf_armor.erl:40969
防具,3002276,锐星项链,0,全职业,5,黄/神铸,槽位109,3002276,,60004,,0,src/conf/conf_armor.erl:40987
防具,3002277,战魂戒指,0,全职业,5,黄/神铸,槽位108,3002277,,60005,,0,src/conf/conf_armor.erl:41005
防具,3002278,风翎戒指,0,全职业,5,黄/神铸,槽位108,3002278,,60009,,0,src/conf/conf_armor.erl:41023
防具,3002279,圣环戒指,0,全职业,5,黄/神铸,槽位108,3002279,,60007,,0,src/conf/conf_armor.erl:41041
防具,3002280,圣泉戒指,0,全职业,5,黄/神铸,槽位108,3002280,,60014,,0,src/conf/conf_armor.erl:41059
防具,3002281,掠影戒指,0,全职业,5,黄/神铸,槽位108,3002281,,60016,,0,src/conf/conf_armor.erl:41077
防具,3002282,蛇牙戒指,0,全职业,5,黄/神铸,槽位108,3002282,,60010,,0,src/conf/conf_armor.erl:41095
防具,3002283,战潮项链,0,全职业,5,黄/神铸,槽位109,3002283,,60011,,0,src/conf/conf_armor.erl:41113
防具,3002284,鹰眼项链,0,全职业,5,黄/神铸,槽位109,3002284,,60015,,0,src/conf/conf_armor.erl:41131
防具,3002285,晨祷项链,0,全职业,5,黄/神铸,槽位109,3002285,,60013,,0,src/conf/conf_armor.erl:41149
防具,3002286,宣判项链,0,全职业,5,黄/神铸,槽位109,3002286,,60008,,0,src/conf/conf_armor.erl:41167
防具,3002287,不屈项链,0,全职业,5,黄/神铸,槽位109,3002287,,60012,,0,src/conf/conf_armor.erl:41185
防具,3002288,狂锋项链,0,全职业,5,黄/神铸,槽位109,3002288,,60006,,0,src/conf/conf_armor.erl:41203
防具,3002289,逆焰戒指,0,全职业,5,黄/神铸,槽位108,3002289,,60017,,0,src/conf/conf_armor.erl:41221
防具,3002290,繁生戒指,0,全职业,5,黄/神铸,槽位108,3002290,,60018,,0,src/conf/conf_armor.erl:41239
防具,3002291,霜坠戒指,0,全职业,5,黄/神铸,槽位108,3002291,,60019,,0,src/conf/conf_armor.erl:41257
防具,3002292,灼心项链,0,全职业,5,黄/神铸,槽位109,3002292,,60020,,0,src/conf/conf_armor.erl:41275
防具,3002293,逐叶项链,0,全职业,5,黄/神铸,槽位109,3002293,,60021,,0,src/conf/conf_armor.erl:41293
防具,3002294,回澜项链,0,全职业,5,黄/神铸,槽位109,3002294,,60022,,0,src/conf/conf_armor.erl:41311
防具,3002295,残火戒指,0,全职业,5,黄/神铸,槽位108,3002295,,60023,,0,src/conf/conf_armor.erl:41329
防具,3002296,斩炎戒指,0,全职业,5,黄/神铸,槽位108,3002296,,60024,,0,src/conf/conf_armor.erl:41347
防具,3002297,毒藤戒指,0,全职业,5,黄/神铸,槽位108,3002297,,60027,,0,src/conf/conf_armor.erl:41365
防具,3002298,藤蔓戒指,0,全职业,5,黄/神铸,槽位108,3002298,,60028,,0,src/conf/conf_armor.erl:41383
防具,3002299,慷慨之戒,0,全职业,5,黄/神铸,槽位108,3002299,,60031,,0,src/conf/conf_armor.erl:41401
防具,3002300,裁决之戒,0,全职业,5,黄/神铸,槽位108,3002300,,60032,,0,src/conf/conf_armor.erl:41419
防具,3002301,愤怒项链,0,全职业,5,黄/神铸,槽位109,3002301,,60025,,0,src/conf/conf_armor.erl:41437
防具,3002302,动量项链,0,全职业,5,黄/神铸,槽位109,3002302,,60026,,0,src/conf/conf_armor.erl:41455
防具,3002303,藤蔓项链,0,全职业,5,黄/神铸,槽位109,3002303,,60029,,0,src/conf/conf_armor.erl:41473
防具,3002304,寄生之心,0,全职业,5,黄/神铸,槽位109,3002304,,60030,,0,src/conf/conf_armor.erl:41491
防具,3002305,正义之心,0,全职业,5,黄/神铸,槽位109,3002305,,60033,,0,src/conf/conf_armor.erl:41509
防具,3002306,救赎之心,0,全职业,5,黄/神铸,槽位109,3002306,,60034,,0,src/conf/conf_armor.erl:41527
防具,3002307,战魂戒指,0,全职业,5,黄/神铸,槽位108,3002307,,60005,,0,src/conf/conf_armor.erl:41545
防具,3002308,风翎戒指,0,全职业,5,黄/神铸,槽位108,3002308,,60009,,0,src/conf/conf_armor.erl:41563
防具,3002309,圣环戒指,0,全职业,5,黄/神铸,槽位108,3002309,,60007,,0,src/conf/conf_armor.erl:41581
防具,3002310,圣泉戒指,0,全职业,5,黄/神铸,槽位108,3002310,,60014,,0,src/conf/conf_armor.erl:41599
防具,3002311,掠影戒指,0,全职业,5,黄/神铸,槽位108,3002311,,60016,,0,src/conf/conf_armor.erl:41617
防具,3002312,蛇牙戒指,0,全职业,5,黄/神铸,槽位108,3002312,,60010,,0,src/conf/conf_armor.erl:41635
防具,3002313,战潮项链,0,全职业,5,黄/神铸,槽位109,3002313,,60011,,0,src/conf/conf_armor.erl:41653
防具,3002314,鹰眼项链,0,全职业,5,黄/神铸,槽位109,3002314,,60015,,0,src/conf/conf_armor.erl:41671
防具,3002315,晨祷项链,0,全职业,5,黄/神铸,槽位109,3002315,,60013,,0,src/conf/conf_armor.erl:41689
防具,3002316,宣判项链,0,全职业,5,黄/神铸,槽位109,3002316,,60008,,0,src/conf/conf_armor.erl:41707
防具,3002317,不屈项链,0,全职业,5,黄/神铸,槽位109,3002317,,60012,,0,src/conf/conf_armor.erl:41725
防具,3002318,狂锋项链,0,全职业,5,黄/神铸,槽位109,3002318,,60006,,0,src/conf/conf_armor.erl:41743
防具,3002319,逆焰戒指,0,全职业,5,黄/神铸,槽位108,3002319,,60017,,0,src/conf/conf_armor.erl:41761
防具,3002320,繁生戒指,0,全职业,5,黄/神铸,槽位108,3002320,,60018,,0,src/conf/conf_armor.erl:41779
防具,3002321,霜坠戒指,0,全职业,5,黄/神铸,槽位108,3002321,,60019,,0,src/conf/conf_armor.erl:41797
防具,3002322,灼心项链,0,全职业,5,黄/神铸,槽位109,3002322,,60020,,0,src/conf/conf_armor.erl:41815
防具,3002323,逐叶项链,0,全职业,5,黄/神铸,槽位109,3002323,,60021,,0,src/conf/conf_armor.erl:41833
防具,3002324,回澜项链,0,全职业,5,黄/神铸,槽位109,3002324,,60022,,0,src/conf/conf_armor.erl:41851
防具,3002325,残火戒指,0,全职业,5,黄/神铸,槽位108,3002325,,60023,,0,src/conf/conf_armor.erl:41869
防具,3002326,斩炎戒指,0,全职业,5,黄/神铸,槽位108,3002326,,60024,,0,src/conf/conf_armor.erl:41887
防具,3002327,毒藤戒指,0,全职业,5,黄/神铸,槽位108,3002327,,60027,,0,src/conf/conf_armor.erl:41905
防具,3002328,藤蔓戒指,0,全职业,5,黄/神铸,槽位108,3002328,,60028,,0,src/conf/conf_armor.erl:41923
防具,3002329,慷慨之戒,0,全职业,5,黄/神铸,槽位108,3002329,,60031,,0,src/conf/conf_armor.erl:41941
防具,3002330,裁决之戒,0,全职业,5,黄/神铸,槽位108,3002330,,60032,,0,src/conf/conf_armor.erl:41959
防具,3002331,愤怒项链,0,全职业,5,黄/神铸,槽位109,3002331,,60025,,0,src/conf/conf_armor.erl:41977
防具,3002332,动量项链,0,全职业,5,黄/神铸,槽位109,3002332,,60026,,0,src/conf/conf_armor.erl:41995
防具,3002333,藤蔓项链,0,全职业,5,黄/神铸,槽位109,3002333,,60029,,0,src/conf/conf_armor.erl:42013
防具,3002334,寄生之心,0,全职业,5,黄/神铸,槽位109,3002334,,60030,,0,src/conf/conf_armor.erl:42031
防具,3002335,正义之心,0,全职业,5,黄/神铸,槽位109,3002335,,60033,,0,src/conf/conf_armor.erl:42049
防具,3002336,救赎之心,0,全职业,5,黄/神铸,槽位109,3002336,,60034,,0,src/conf/conf_armor.erl:42067
防具,3002337,战魂戒指,0,全职业,5,黄/神铸,槽位108,3002337,,60005,,0,src/conf/conf_armor.erl:42085
防具,3002338,风翎戒指,0,全职业,5,黄/神铸,槽位108,3002338,,60009,,0,src/conf/conf_armor.erl:42103
防具,3002339,圣环戒指,0,全职业,5,黄/神铸,槽位108,3002339,,60007,,0,src/conf/conf_armor.erl:42121
防具,3002340,圣泉戒指,0,全职业,5,黄/神铸,槽位108,3002340,,60014,,0,src/conf/conf_armor.erl:42139
防具,3002341,掠影戒指,0,全职业,5,黄/神铸,槽位108,3002341,,60016,,0,src/conf/conf_armor.erl:42157
防具,3002342,蛇牙戒指,0,全职业,5,黄/神铸,槽位108,3002342,,60010,,0,src/conf/conf_armor.erl:42175
防具,3002343,战潮项链,0,全职业,5,黄/神铸,槽位109,3002343,,60011,,0,src/conf/conf_armor.erl:42193
防具,3002344,鹰眼项链,0,全职业,5,黄/神铸,槽位109,3002344,,60015,,0,src/conf/conf_armor.erl:42211
防具,3002345,晨祷项链,0,全职业,5,黄/神铸,槽位109,3002345,,60013,,0,src/conf/conf_armor.erl:42229
防具,3002346,宣判项链,0,全职业,5,黄/神铸,槽位109,3002346,,60008,,0,src/conf/conf_armor.erl:42247
防具,3002347,不屈项链,0,全职业,5,黄/神铸,槽位109,3002347,,60012,,0,src/conf/conf_armor.erl:42265
防具,3002348,狂锋项链,0,全职业,5,黄/神铸,槽位109,3002348,,60006,,0,src/conf/conf_armor.erl:42283
防具,3002349,逆焰戒指,0,全职业,5,黄/神铸,槽位108,3002349,,60017,,0,src/conf/conf_armor.erl:42301
防具,3002350,繁生戒指,0,全职业,5,黄/神铸,槽位108,3002350,,60018,,0,src/conf/conf_armor.erl:42319
防具,3002351,霜坠戒指,0,全职业,5,黄/神铸,槽位108,3002351,,60019,,0,src/conf/conf_armor.erl:42337
防具,3002352,灼心项链,0,全职业,5,黄/神铸,槽位109,3002352,,60020,,0,src/conf/conf_armor.erl:42355
防具,3002353,逐叶项链,0,全职业,5,黄/神铸,槽位109,3002353,,60021,,0,src/conf/conf_armor.erl:42373
防具,3002354,回澜项链,0,全职业,5,黄/神铸,槽位109,3002354,,60022,,0,src/conf/conf_armor.erl:42391
防具,3002355,残火戒指,0,全职业,5,黄/神铸,槽位108,3002355,,60023,,0,src/conf/conf_armor.erl:42409
防具,3002356,斩炎戒指,0,全职业,5,黄/神铸,槽位108,3002356,,60024,,0,src/conf/conf_armor.erl:42427
防具,3002357,毒藤戒指,0,全职业,5,黄/神铸,槽位108,3002357,,60027,,0,src/conf/conf_armor.erl:42445
防具,3002358,藤蔓戒指,0,全职业,5,黄/神铸,槽位108,3002358,,60028,,0,src/conf/conf_armor.erl:42463
防具,3002359,慷慨之戒,0,全职业,5,黄/神铸,槽位108,3002359,,60031,,0,src/conf/conf_armor.erl:42481
防具,3002360,裁决之戒,0,全职业,5,黄/神铸,槽位108,3002360,,60032,,0,src/conf/conf_armor.erl:42499
防具,3002361,愤怒项链,0,全职业,5,黄/神铸,槽位109,3002361,,60025,,0,src/conf/conf_armor.erl:42517
防具,3002362,动量项链,0,全职业,5,黄/神铸,槽位109,3002362,,60026,,0,src/conf/conf_armor.erl:42535
防具,3002363,藤蔓项链,0,全职业,5,黄/神铸,槽位109,3002363,,60029,,0,src/conf/conf_armor.erl:42553
防具,3002364,寄生之心,0,全职业,5,黄/神铸,槽位109,3002364,,60030,,0,src/conf/conf_armor.erl:42571
防具,3002365,正义之心,0,全职业,5,黄/神铸,槽位109,3002365,,60033,,0,src/conf/conf_armor.erl:42589
防具,3002366,救赎之心,0,全职业,5,黄/神铸,槽位109,3002366,,60034,,0,src/conf/conf_armor.erl:42607
防具,3002367,蕴潮戒指,0,全职业,5,黄/神铸,槽位108,3002367,,60035,,0,src/conf/conf_armor.erl:42625
防具,3002368,恒流戒指,0,全职业,5,黄/神铸,槽位108,3002368,,60036,,0,src/conf/conf_armor.erl:42643
防具,3002369,双生项链,0,全职业,5,黄/神铸,槽位109,3002369,,60037,,0,src/conf/conf_armor.erl:42661
防具,3002370,流矢项链,0,全职业,5,黄/神铸,槽位109,3002370,,60038,,0,src/conf/conf_armor.erl:42679
防具,3002371,镇岳戒指,0,全职业,5,黄/神铸,槽位108,3002371,,60001,,0,src/conf/conf_armor.erl:42697
防具,3002372,逐风戒指,0,全职业,5,黄/神铸,槽位108,3002372,,60002,,0,src/conf/conf_armor.erl:42715
防具,3002373,回风项链,0,全职业,5,黄/神铸,槽位109,3002373,,60003,,0,src/conf/conf_armor.erl:42733
防具,3002374,锐星项链,0,全职业,5,黄/神铸,槽位109,3002374,,60004,,0,src/conf/conf_armor.erl:42751
防具,3002375,蕴潮戒指,0,全职业,5,黄/神铸,槽位108,3002375,,60035,,0,src/conf/conf_armor.erl:42769
防具,3002376,恒流戒指,0,全职业,5,黄/神铸,槽位108,3002376,,60036,,0,src/conf/conf_armor.erl:42787
防具,3002377,双生项链,0,全职业,5,黄/神铸,槽位109,3002377,,60037,,0,src/conf/conf_armor.erl:42805
防具,3002378,流矢项链,0,全职业,5,黄/神铸,槽位109,3002378,,60038,,0,src/conf/conf_armor.erl:42823
防具,3002379,镇岳戒指,0,全职业,5,黄/神铸,槽位108,3002379,,60001,,0,src/conf/conf_armor.erl:42841
防具,3002380,逐风戒指,0,全职业,5,黄/神铸,槽位108,3002380,,60002,,0,src/conf/conf_armor.erl:42859
防具,3002381,回风项链,0,全职业,5,黄/神铸,槽位109,3002381,,60003,,0,src/conf/conf_armor.erl:42877
防具,3002382,锐星项链,0,全职业,5,黄/神铸,槽位109,3002382,,60004,,0,src/conf/conf_armor.erl:42895
防具,3002383,蕴潮戒指,0,全职业,5,黄/神铸,槽位108,3002383,,60035,,0,src/conf/conf_armor.erl:42913
防具,3002384,恒流戒指,0,全职业,5,黄/神铸,槽位108,3002384,,60036,,0,src/conf/conf_armor.erl:42931
防具,3002385,双生项链,0,全职业,5,黄/神铸,槽位109,3002385,,60037,,0,src/conf/conf_armor.erl:42949
防具,3002386,流矢项链,0,全职业,5,黄/神铸,槽位109,3002386,,60038,,0,src/conf/conf_armor.erl:42967
防具,3002387,30级全职业远征之誓头盔,0,全职业,5,黄/神铸,槽位104,3002387,,0,,1,src/conf/conf_armor.erl:42985
防具,3002388,30级全职业远征之誓披风,0,全职业,5,黄/神铸,槽位105,3002388,,0,,1,src/conf/conf_armor.erl:43003
防具,3002389,30级全职业远征之誓胸甲,0,全职业,5,黄/神铸,槽位106,3002389,,0,,1,src/conf/conf_armor.erl:43021
防具,3002390,30级全职业远征之誓鞋子,0,全职业,5,黄/神铸,槽位107,3002390,,0,,1,src/conf/conf_armor.erl:43039
防具,3002391,30级全职业远征之誓头盔,0,全职业,5,黄/神铸,槽位104,3002391,,0,,1,src/conf/conf_armor.erl:43057
防具,3002392,30级全职业远征之誓披风,0,全职业,5,黄/神铸,槽位105,3002392,,0,,1,src/conf/conf_armor.erl:43075
防具,3002393,30级全职业远征之誓胸甲,0,全职业,5,黄/神铸,槽位106,3002393,,0,,1,src/conf/conf_armor.erl:43093
防具,3002394,30级全职业远征之誓鞋子,0,全职业,5,黄/神铸,槽位107,3002394,,0,,1,src/conf/conf_armor.erl:43111
