item_id,服务端名称,多语言键,type,类型说明,quality,品质说明,获得去向,珍品,指令可获得,记录后台日志,param,来源
1001,经验,10001,1,技能物品类型,4,橙/传说,2,0,1,1,1,src/conf/conf_item.erl:37
1002,金币,10003,1002,货币/材料（type 与 item_id 对齐）,1,白（灰）/凡品,2,0,1,1,1,src/conf/conf_item.erl:54
1003,初级技能素材,10005,1003,货币/材料（type 与 item_id 对齐）,3,紫/稀世,2,0,1,1,1,src/conf/conf_item.erl:71
1004,蓝钻,10007,1004,货币/材料（type 与 item_id 对齐）,4,橙/传说,2,0,1,1,1,src/conf/conf_item.erl:88
1005,粉钻,10009,1005,货币/材料（type 与 item_id 对齐）,4,橙/传说,2,0,1,1,1,src/conf/conf_item.erl:105
1006,30级凡品装备预览项,10011,1006,货币/材料（type 与 item_id 对齐）,1,白（灰）/凡品,1,0,1,1,1,src/conf/conf_item.erl:122
1007,30级精良装备预览项,10012,1006,货币/材料（type 与 item_id 对齐）,2,蓝/精良,1,0,1,1,1,src/conf/conf_item.erl:139
1008,30级稀世装备预览项,10013,1006,货币/材料（type 与 item_id 对齐）,3,紫/稀世,1,0,1,1,1,src/conf/conf_item.erl:156
1009,30级传说装备预览项,10014,1006,货币/材料（type 与 item_id 对齐）,4,橙/传说,1,0,1,1,1,src/conf/conf_item.erl:173
1010,30级神铸装备预览项,10015,1006,货币/材料（type 与 item_id 对齐）,5,黄/神铸,1,0,1,1,1,src/conf/conf_item.erl:190
1011,30级不朽装备预览项,10016,1006,货币/材料（type 与 item_id 对齐）,6,红/不朽,1,0,1,1,1,src/conf/conf_item.erl:207
1012,30级虹彩装备预览项,10017,1006,货币/材料（type 与 item_id 对齐）,7,彩/虹彩,1,0,1,1,1,src/conf/conf_item.erl:224
1013,TEST待删_挂机装备掉落假道具,10019,1006,货币/材料（type 与 item_id 对齐）,4,橙/传说,1,0,1,1,1,src/conf/conf_item.erl:241
1014,50级凡品装备预览项,10021,1006,货币/材料（type 与 item_id 对齐）,1,白（灰）/凡品,1,0,1,1,1,src/conf/conf_item.erl:258
1015,50级精良装备预览项,10022,1006,货币/材料（type 与 item_id 对齐）,2,蓝/精良,1,0,1,1,1,src/conf/conf_item.erl:275
1016,50级稀世装备预览项,10023,1006,货币/材料（type 与 item_id 对齐）,3,紫/稀世,1,0,1,1,1,src/conf/conf_item.erl:292
1017,50级传说装备预览项,10024,1006,货币/材料（type 与 item_id 对齐）,4,橙/传说,1,0,1,1,1,src/conf/conf_item.erl:309
1018,50级神铸装备预览项,10025,1006,货币/材料（type 与 item_id 对齐）,5,黄/神铸,1,0,1,1,1,src/conf/conf_item.erl:326
1019,50级不朽装备预览项,10026,1006,货币/材料（type 与 item_id 对齐）,6,红/不朽,1,0,1,1,1,src/conf/conf_item.erl:343
1020,50级虹彩装备预览项,10027,1006,货币/材料（type 与 item_id 对齐）,7,彩/虹彩,1,0,1,1,1,src/conf/conf_item.erl:360
1021,70级凡品装备预览项,10028,1006,货币/材料（type 与 item_id 对齐）,1,白（灰）/凡品,1,0,1,1,1,src/conf/conf_item.erl:377
1022,70级精良装备预览项,10029,1006,货币/材料（type 与 item_id 对齐）,2,蓝/精良,1,0,1,1,1,src/conf/conf_item.erl:394
1023,70级稀世装备预览项,10030,1006,货币/材料（type 与 item_id 对齐）,3,紫/稀世,1,0,1,1,1,src/conf/conf_item.erl:411
1024,70级传说装备预览项,10031,1006,货币/材料（type 与 item_id 对齐）,4,橙/传说,1,0,1,1,1,src/conf/conf_item.erl:428
1025,70级神铸装备预览项,10032,1006,货币/材料（type 与 item_id 对齐）,5,黄/神铸,1,0,1,1,1,src/conf/conf_item.erl:445
1026,70级不朽装备预览项,10033,1006,货币/材料（type 与 item_id 对齐）,6,红/不朽,1,0,1,1,1,src/conf/conf_item.erl:462
1027,70级虹彩装备预览项,10034,1006,货币/材料（type 与 item_id 对齐）,7,彩/虹彩,1,0,1,1,1,src/conf/conf_item.erl:479
1028,90级凡品装备预览项,10035,1006,货币/材料（type 与 item_id 对齐）,1,白（灰）/凡品,1,0,1,1,1,src/conf/conf_item.erl:496
1029,90级精良装备预览项,10036,1006,货币/材料（type 与 item_id 对齐）,2,蓝/精良,1,0,1,1,1,src/conf/conf_item.erl:513
1030,90级稀世装备预览项,10037,1006,货币/材料（type 与 item_id 对齐）,3,紫/稀世,1,0,1,1,1,src/conf/conf_item.erl:530
1031,90级传说装备预览项,10038,1006,货币/材料（type 与 item_id 对齐）,4,橙/传说,1,0,1,1,1,src/conf/conf_item.erl:547
1032,90级神铸装备预览项,10039,1006,货币/材料（type 与 item_id 对齐）,5,黄/神铸,1,0,1,1,1,src/conf/conf_item.erl:564
1033,90级不朽装备预览项,10040,1006,货币/材料（type 与 item_id 对齐）,6,红/不朽,1,0,1,1,1,src/conf/conf_item.erl:581
1034,90级虹彩装备预览项,10041,1006,货币/材料（type 与 item_id 对齐）,7,彩/虹彩,1,0,1,1,1,src/conf/conf_item.erl:598
1035,50级珍品装备预览项,10042,1006,货币/材料（type 与 item_id 对齐）,4,橙/传说,1,1,1,1,1,src/conf/conf_item.erl:615
1036,70级珍品装备预览项,10043,1006,货币/材料（type 与 item_id 对齐）,4,橙/传说,1,1,1,1,1,src/conf/conf_item.erl:632
1037,90级珍品装备预览项,10044,1006,货币/材料（type 与 item_id 对齐）,4,橙/传说,1,1,1,1,1,src/conf/conf_item.erl:649
1038,TEST待删_装备本共享领奖次数,10045,1038,货币/材料（type 与 item_id 对齐）,4,橙/传说,2,0,1,1,1,src/conf/conf_item.erl:666
1039,金币挑战券,10047,1038,货币/材料（type 与 item_id 对齐）,4,橙/传说,2,0,1,1,1,src/conf/conf_item.erl:683
1040,武器挑战券,10049,1038,货币/材料（type 与 item_id 对齐）,4,橙/传说,2,0,1,1,1,src/conf/conf_item.erl:700
1041,防具挑战券,10051,1038,货币/材料（type 与 item_id 对齐）,4,橙/传说,2,0,1,1,1,src/conf/conf_item.erl:717
1042,技能挑战券,10053,1038,货币/材料（type 与 item_id 对齐）,4,橙/传说,2,0,1,1,1,src/conf/conf_item.erl:734
1043,高级技能素材,10055,1003,货币/材料（type 与 item_id 对齐）,4,橙/传说,2,0,1,1,1,src/conf/conf_item.erl:751
1044,黄金武器币,10057,1044,货币/材料（type 与 item_id 对齐）,4,橙/传说,2,0,1,1,1,src/conf/conf_item.erl:768
1045,抽卡券,10059,1045,货币/材料（type 与 item_id 对齐）,4,橙/传说,2,0,1,1,1,src/conf/conf_item.erl:785
1046,钱袋,10061,1046,货币/材料（type 与 item_id 对齐）,4,橙/传说,2,0,1,1,1,src/conf/conf_item.erl:802
1047,初级血源矿,10063,1047,货币/材料（type 与 item_id 对齐）,3,紫/稀世,2,0,1,1,1,src/conf/conf_item.erl:819
1048,高级血源矿,10065,1047,货币/材料（type 与 item_id 对齐）,4,橙/传说,2,0,1,1,1,src/conf/conf_item.erl:836
1049,初级坚甲晶石,10067,1049,货币/材料（type 与 item_id 对齐）,3,紫/稀世,2,0,1,1,1,src/conf/conf_item.erl:853
1050,高级坚甲晶石,10069,1049,货币/材料（type 与 item_id 对齐）,4,橙/传说,2,0,1,1,1,src/conf/conf_item.erl:870
1051,星币,10071,1051,货币/材料（type 与 item_id 对齐）,4,橙/传说,2,0,1,1,1,src/conf/conf_item.erl:887
1052,血源矿,10073,1052,货币/材料（type 与 item_id 对齐）,4,橙/传说,2,0,1,1,1,src/conf/conf_item.erl:904
1053,印记,10075,1053,货币/材料（type 与 item_id 对齐）,4,橙/传说,2,0,1,1,1,src/conf/conf_item.erl:921
10001,TEST待删_随机礼包,10908,1055,物品包,4,橙/传说,1,0,1,1,900002,src/conf/conf_item.erl:938
10002,TEST待删_固定奖励礼包,10910,1055,物品包,4,橙/传说,1,0,1,1,900001,src/conf/conf_item.erl:955
10003,TEST待删_自选礼包,10912,1056,自选物品包,4,橙/传说,1,0,1,1,900003,src/conf/conf_item.erl:972
40001,破损的剑·碎片,10087,1054,货币/材料（type 与 item_id 对齐）,2,蓝/精良,1,0,1,1,1040001,src/conf/conf_item.erl:989
40002,香蕉·碎片,10088,1054,货币/材料（type 与 item_id 对齐）,2,蓝/精良,1,0,1,1,1040002,src/conf/conf_item.erl:1006
40003,小型星镖·碎片,10089,1054,货币/材料（type 与 item_id 对齐）,2,蓝/精良,1,0,1,1,1040003,src/conf/conf_item.erl:1023
40004,铁权杖·碎片,10090,1054,货币/材料（type 与 item_id 对齐）,2,蓝/精良,1,0,1,1,1040004,src/conf/conf_item.erl:1040
40005,木制权杖·碎片,10091,1054,货币/材料（type 与 item_id 对齐）,2,蓝/精良,1,0,1,1,1040005,src/conf/conf_item.erl:1057
40006,精钢长剑·碎片,10092,1054,货币/材料（type 与 item_id 对齐）,3,紫/稀世,1,0,1,1,1040006,src/conf/conf_item.erl:1074
40007,鱼骨·碎片,10093,1054,货币/材料（type 与 item_id 对齐）,3,紫/稀世,1,0,1,1,1040007,src/conf/conf_item.erl:1091
40008,风行星镖·碎片,10094,1054,货币/材料（type 与 item_id 对齐）,3,紫/稀世,1,0,1,1,1040008,src/conf/conf_item.erl:1108
40009,奥能权杖·碎片,10095,1054,货币/材料（type 与 item_id 对齐）,3,紫/稀世,1,0,1,1,1040009,src/conf/conf_item.erl:1125
40010,水灵权杖·碎片,10096,1054,货币/材料（type 与 item_id 对齐）,3,紫/稀世,1,0,1,1,1040010,src/conf/conf_item.erl:1142
40011,秘银大剑·碎片,10097,1054,货币/材料（type 与 item_id 对齐）,4,橙/传说,1,0,1,1,1040011,src/conf/conf_item.erl:1159
40012,樱花·碎片,10098,1054,货币/材料（type 与 item_id 对齐）,4,橙/传说,1,0,1,1,1040012,src/conf/conf_item.erl:1176
40013,曜光星镖·碎片,10099,1054,货币/材料（type 与 item_id 对齐）,4,橙/传说,1,0,1,1,1040013,src/conf/conf_item.erl:1193
40014,翠晶权杖·碎片,10100,1054,货币/材料（type 与 item_id 对齐）,4,橙/传说,1,0,1,1,1040014,src/conf/conf_item.erl:1210
40015,星辉权杖·碎片,10101,1054,货币/材料（type 与 item_id 对齐）,4,橙/传说,1,0,1,1,1040015,src/conf/conf_item.erl:1227
40016,炎息·碎片,10102,1054,货币/材料（type 与 item_id 对齐）,5,黄/神铸,1,0,1,1,1040016,src/conf/conf_item.erl:1244
40017,撒利的电泵·碎片,10103,1054,货币/材料（type 与 item_id 对齐）,5,黄/神铸,1,0,1,1,1040017,src/conf/conf_item.erl:1261
40018,苏醒者耶梦加得·碎片,10104,1054,货币/材料（type 与 item_id 对齐）,5,黄/神铸,1,0,1,1,1040018,src/conf/conf_item.erl:1278
40019,炽天之刃·碎片（TEST待删）,10105,1054,货币/材料（type 与 item_id 对齐）,6,红/不朽,1,0,1,1,1040019,src/conf/conf_item.erl:1295
40020,轰雷圣槌·碎片（TEST待删）,10106,1054,货币/材料（type 与 item_id 对齐）,6,红/不朽,1,0,1,1,1040020,src/conf/conf_item.erl:1312
40021,蚀界魔弓·碎片（TEST待删）,10107,1054,货币/材料（type 与 item_id 对齐）,6,红/不朽,1,0,1,1,1040021,src/conf/conf_item.erl:1329
900001,TEST待删_固定奖励礼包,10910,1055,物品包,4,橙/传说,1,0,1,1,900001,src/conf/conf_item.erl:1346
900002,TEST待删_随机礼包,10908,1055,物品包,4,橙/传说,1,0,1,1,900002,src/conf/conf_item.erl:1363
900003,TEST待删_自选礼包,10912,1056,自选物品包,4,橙/传说,1,0,1,1,900003,src/conf/conf_item.erl:1380
1000001,剑,50001,101,武器,1,白（灰）/凡品,1,0,1,1,0,src/conf/conf_item.erl:1397
1000002,权杖,50012,101,武器,1,白（灰）/凡品,1,0,1,1,0,src/conf/conf_item.erl:1414
1000003,弓,50014,101,武器,1,白（灰）/凡品,1,0,1,1,0,src/conf/conf_item.erl:1431
1001001,极·炎息,50003,101,武器,6,红/不朽,1,0,1,1,0,src/conf/conf_item.erl:1448
1002001,极·撒利的电泵,50016,101,武器,6,红/不朽,1,0,1,1,0,src/conf/conf_item.erl:1465
1003001,极·苏醒者耶梦加得,50018,101,武器,6,红/不朽,1,0,1,1,0,src/conf/conf_item.erl:1482
1040001,破损的剑,50020,101,武器,2,蓝/精良,1,0,1,1,0,src/conf/conf_item.erl:1499
1040002,香蕉,50022,101,武器,2,蓝/精良,1,0,1,1,0,src/conf/conf_item.erl:1516
1040003,小型星镖,50024,101,武器,2,蓝/精良,1,0,1,1,0,src/conf/conf_item.erl:1533
1040004,铁权杖,50026,101,武器,2,蓝/精良,1,0,1,1,0,src/conf/conf_item.erl:1550
1040005,木制权杖,50028,101,武器,2,蓝/精良,1,0,1,1,0,src/conf/conf_item.erl:1567
1040006,精钢长剑,50030,101,武器,3,紫/稀世,1,0,1,1,0,src/conf/conf_item.erl:1584
1040007,鱼骨,50032,101,武器,3,紫/稀世,1,0,1,1,0,src/conf/conf_item.erl:1601
1040008,风行星镖,50034,101,武器,3,紫/稀世,1,0,1,1,0,src/conf/conf_item.erl:1618
1040009,奥能权杖,50036,101,武器,3,紫/稀世,1,0,1,1,0,src/conf/conf_item.erl:1635
1040010,水灵权杖,50038,101,武器,3,紫/稀世,1,0,1,1,0,src/conf/conf_item.erl:1652
1040011,秘银大剑,50040,101,武器,4,橙/传说,1,0,1,1,0,src/conf/conf_item.erl:1669
1040012,樱花,50042,101,武器,4,橙/传说,1,0,1,1,0,src/conf/conf_item.erl:1686
1040013,曜光星镖,50044,101,武器,4,橙/传说,1,0,1,1,0,src/conf/conf_item.erl:1703
1040014,翠晶权杖,50046,101,武器,4,橙/传说,1,0,1,1,0,src/conf/conf_item.erl:1720
1040015,星辉权杖,50048,101,武器,4,橙/传说,1,0,1,1,0,src/conf/conf_item.erl:1737
1040016,炎息,50050,101,武器,5,黄/神铸,1,0,1,1,0,src/conf/conf_item.erl:1754
1040017,撒利的电泵,50052,101,武器,5,黄/神铸,1,0,1,1,0,src/conf/conf_item.erl:1771
1040018,苏醒者耶梦加得,50054,101,武器,5,黄/神铸,1,0,1,1,0,src/conf/conf_item.erl:1788
1040019,炽天之刃（TEST待删）,50056,101,武器,6,红/不朽,1,0,1,1,0,src/conf/conf_item.erl:1805
1040020,轰雷圣槌（TEST待删）,50058,101,武器,6,红/不朽,1,0,1,1,0,src/conf/conf_item.erl:1822
1040021,蚀界魔弓（TEST待删）,50060,101,武器,6,红/不朽,1,0,1,1,0,src/conf/conf_item.erl:1839
1100001,剑·碎片,10081,1054,货币/材料（type 与 item_id 对齐）,1,白（灰）/凡品,1,0,1,1,1000001,src/conf/conf_item.erl:1856
1100002,权杖·碎片,10082,1054,货币/材料（type 与 item_id 对齐）,1,白（灰）/凡品,1,0,1,1,1000002,src/conf/conf_item.erl:1873
1100003,弓·碎片,10083,1054,货币/材料（type 与 item_id 对齐）,1,白（灰）/凡品,1,0,1,1,1000003,src/conf/conf_item.erl:1890
1101001,极·炎息·碎片,10084,1054,货币/材料（type 与 item_id 对齐）,6,红/不朽,1,0,1,1,1001001,src/conf/conf_item.erl:1907
1102001,极·撒利的电泵·碎片,10085,1054,货币/材料（type 与 item_id 对齐）,6,红/不朽,1,0,1,1,1002001,src/conf/conf_item.erl:1924
1103001,极·苏醒者耶梦加得·碎片,10086,1054,货币/材料（type 与 item_id 对齐）,6,红/不朽,1,0,1,1,1003001,src/conf/conf_item.erl:1941
3000001,启程头盔,150118,104,头部,1,白（灰）/凡品,1,0,1,1,1,src/conf/conf_item.erl:1958
3000002,启程头盔,150118,104,头部,1,白（灰）/凡品,1,0,1,1,2,src/conf/conf_item.erl:1975
3000003,启程头盔,150118,104,头部,1,白（灰）/凡品,1,0,1,1,3,src/conf/conf_item.erl:1992
3000004,启程头盔,150118,104,头部,1,白（灰）/凡品,1,0,1,1,4,src/conf/conf_item.erl:2009
3000005,启程头盔,150118,104,头部,1,白（灰）/凡品,1,0,1,1,5,src/conf/conf_item.erl:2026
3000006,启程头盔,150118,104,头部,1,白（灰）/凡品,1,0,1,1,6,src/conf/conf_item.erl:2043
3000007,启程头盔,150118,104,头部,1,白（灰）/凡品,1,0,1,1,7,src/conf/conf_item.erl:2060
3000008,启程头盔,150118,104,头部,1,白（灰）/凡品,1,0,1,1,8,src/conf/conf_item.erl:2077
3000009,启程头盔,150118,104,头部,1,白（灰）/凡品,1,0,1,1,9,src/conf/conf_item.erl:2094
3000010,启程头盔,150118,104,头部,1,白（灰）/凡品,1,0,1,1,10,src/conf/conf_item.erl:2111
3000011,寻路头盔,150125,104,头部,1,白（灰）/凡品,1,0,1,1,11,src/conf/conf_item.erl:2128
3000012,寻路头盔,150125,104,头部,1,白（灰）/凡品,1,0,1,1,12,src/conf/conf_item.erl:2145
3000013,寻路头盔,150125,104,头部,1,白（灰）/凡品,1,0,1,1,13,src/conf/conf_item.erl:2162
3000014,寻路头盔,150125,104,头部,1,白（灰）/凡品,1,0,1,1,14,src/conf/conf_item.erl:2179
3000015,寻路头盔,150125,104,头部,1,白（灰）/凡品,1,0,1,1,15,src/conf/conf_item.erl:2196
3000016,寻路头盔,150125,104,头部,1,白（灰）/凡品,1,0,1,1,16,src/conf/conf_item.erl:2213
3000017,寻路头盔,150125,104,头部,1,白（灰）/凡品,1,0,1,1,17,src/conf/conf_item.erl:2230
3000018,寻路头盔,150125,104,头部,1,白（灰）/凡品,1,0,1,1,18,src/conf/conf_item.erl:2247
3000019,寻路头盔,150125,104,头部,1,白（灰）/凡品,1,0,1,1,19,src/conf/conf_item.erl:2264
3000020,寻路头盔,150125,104,头部,1,白（灰）/凡品,1,0,1,1,20,src/conf/conf_item.erl:2281
3000021,远行头盔,150132,104,头部,1,白（灰）/凡品,1,0,1,1,21,src/conf/conf_item.erl:2298
3000022,远行头盔,150132,104,头部,1,白（灰）/凡品,1,0,1,1,22,src/conf/conf_item.erl:2315
3000023,远行头盔,150132,104,头部,1,白（灰）/凡品,1,0,1,1,23,src/conf/conf_item.erl:2332
3000024,远行头盔,150132,104,头部,1,白（灰）/凡品,1,0,1,1,24,src/conf/conf_item.erl:2349
3000025,远行头盔,150132,104,头部,1,白（灰）/凡品,1,0,1,1,25,src/conf/conf_item.erl:2366
3000026,远行头盔,150132,104,头部,1,白（灰）/凡品,1,0,1,1,26,src/conf/conf_item.erl:2383
3000027,远行头盔,150132,104,头部,1,白（灰）/凡品,1,0,1,1,27,src/conf/conf_item.erl:2400
3000028,远行头盔,150132,104,头部,1,白（灰）/凡品,1,0,1,1,28,src/conf/conf_item.erl:2417
3000029,远行头盔,150132,104,头部,1,白（灰）/凡品,1,0,1,1,29,src/conf/conf_item.erl:2434
3000030,远行头盔,150132,104,头部,1,白（灰）/凡品,1,0,1,1,30,src/conf/conf_item.erl:2451
3000031,拓荒头盔,150139,104,头部,1,白（灰）/凡品,1,0,1,1,31,src/conf/conf_item.erl:2468
3000032,拓荒头盔,150139,104,头部,1,白（灰）/凡品,1,0,1,1,32,src/conf/conf_item.erl:2485
3000033,拓荒头盔,150139,104,头部,1,白（灰）/凡品,1,0,1,1,33,src/conf/conf_item.erl:2502
3000034,拓荒头盔,150139,104,头部,1,白（灰）/凡品,1,0,1,1,34,src/conf/conf_item.erl:2519
3000035,拓荒头盔,150139,104,头部,1,白（灰）/凡品,1,0,1,1,35,src/conf/conf_item.erl:2536
3000036,拓荒头盔,150139,104,头部,1,白（灰）/凡品,1,0,1,1,36,src/conf/conf_item.erl:2553
3000037,拓荒头盔,150139,104,头部,1,白（灰）/凡品,1,0,1,1,37,src/conf/conf_item.erl:2570
3000038,拓荒头盔,150139,104,头部,1,白（灰）/凡品,1,0,1,1,38,src/conf/conf_item.erl:2587
3000039,拓荒头盔,150139,104,头部,1,白（灰）/凡品,1,0,1,1,39,src/conf/conf_item.erl:2604
3000040,拓荒头盔,150139,104,头部,1,白（灰）/凡品,1,0,1,1,40,src/conf/conf_item.erl:2621
3000041,拓荒头盔,150139,104,头部,1,白（灰）/凡品,1,0,1,1,41,src/conf/conf_item.erl:2638
3000042,拓荒头盔,150139,104,头部,1,白（灰）/凡品,1,0,1,1,42,src/conf/conf_item.erl:2655
3000043,拓荒头盔,150139,104,头部,1,白（灰）/凡品,1,0,1,1,43,src/conf/conf_item.erl:2672
3000044,拓荒头盔,150139,104,头部,1,白（灰）/凡品,1,0,1,1,44,src/conf/conf_item.erl:2689
3000045,拓荒头盔,150139,104,头部,1,白（灰）/凡品,1,0,1,1,45,src/conf/conf_item.erl:2706
3000046,拓荒头盔,150139,104,头部,1,白（灰）/凡品,1,0,1,1,46,src/conf/conf_item.erl:2723
3000047,拓荒头盔,150139,104,头部,1,白（灰）/凡品,1,0,1,1,47,src/conf/conf_item.erl:2740
3000048,拓荒头盔,150139,104,头部,1,白（灰）/凡品,1,0,1,1,48,src/conf/conf_item.erl:2757
3000049,拓荒头盔,150139,104,头部,1,白（灰）/凡品,1,0,1,1,49,src/conf/conf_item.erl:2774
3000050,拓荒头盔,150139,104,头部,1,白（灰）/凡品,1,0,1,1,50,src/conf/conf_item.erl:2791
3000051,远征头盔,150146,104,头部,1,白（灰）/凡品,1,0,1,1,51,src/conf/conf_item.erl:2808
3000052,远征头盔,150146,104,头部,1,白（灰）/凡品,1,0,1,1,52,src/conf/conf_item.erl:2825
3000053,远征头盔,150146,104,头部,1,白（灰）/凡品,1,0,1,1,53,src/conf/conf_item.erl:2842
3000054,远征头盔,150146,104,头部,1,白（灰）/凡品,1,0,1,1,54,src/conf/conf_item.erl:2859
3000055,远征头盔,150146,104,头部,1,白（灰）/凡品,1,0,1,1,55,src/conf/conf_item.erl:2876
3000056,远征头盔,150146,104,头部,1,白（灰）/凡品,1,0,1,1,56,src/conf/conf_item.erl:2893
3000057,远征头盔,150146,104,头部,1,白（灰）/凡品,1,0,1,1,57,src/conf/conf_item.erl:2910
3000058,远征头盔,150146,104,头部,1,白（灰）/凡品,1,0,1,1,58,src/conf/conf_item.erl:2927
3000059,远征头盔,150146,104,头部,1,白（灰）/凡品,1,0,1,1,59,src/conf/conf_item.erl:2944
3000060,远征头盔,150146,104,头部,1,白（灰）/凡品,1,0,1,1,60,src/conf/conf_item.erl:2961
3000061,远征头盔,150146,104,头部,1,白（灰）/凡品,1,0,1,1,61,src/conf/conf_item.erl:2978
3000062,远征头盔,150146,104,头部,1,白（灰）/凡品,1,0,1,1,62,src/conf/conf_item.erl:2995
3000063,远征头盔,150146,104,头部,1,白（灰）/凡品,1,0,1,1,63,src/conf/conf_item.erl:3012
3000064,远征头盔,150146,104,头部,1,白（灰）/凡品,1,0,1,1,64,src/conf/conf_item.erl:3029
3000065,远征头盔,150146,104,头部,1,白（灰）/凡品,1,0,1,1,65,src/conf/conf_item.erl:3046
3000066,远征头盔,150146,104,头部,1,白（灰）/凡品,1,0,1,1,66,src/conf/conf_item.erl:3063
3000067,远征头盔,150146,104,头部,1,白（灰）/凡品,1,0,1,1,67,src/conf/conf_item.erl:3080
3000068,远征头盔,150146,104,头部,1,白（灰）/凡品,1,0,1,1,68,src/conf/conf_item.erl:3097
3000069,远征头盔,150146,104,头部,1,白（灰）/凡品,1,0,1,1,69,src/conf/conf_item.erl:3114
3000070,远征头盔,150146,104,头部,1,白（灰）/凡品,1,0,1,1,70,src/conf/conf_item.erl:3131
3000071,破境头盔,150153,104,头部,1,白（灰）/凡品,1,0,1,1,71,src/conf/conf_item.erl:3148
3000072,破境头盔,150153,104,头部,1,白（灰）/凡品,1,0,1,1,72,src/conf/conf_item.erl:3165
3000073,破境头盔,150153,104,头部,1,白（灰）/凡品,1,0,1,1,73,src/conf/conf_item.erl:3182
3000074,破境头盔,150153,104,头部,1,白（灰）/凡品,1,0,1,1,74,src/conf/conf_item.erl:3199
3000075,破境头盔,150153,104,头部,1,白（灰）/凡品,1,0,1,1,75,src/conf/conf_item.erl:3216
3000076,破境头盔,150153,104,头部,1,白（灰）/凡品,1,0,1,1,76,src/conf/conf_item.erl:3233
3000077,破境头盔,150153,104,头部,1,白（灰）/凡品,1,0,1,1,77,src/conf/conf_item.erl:3250
3000078,破境头盔,150153,104,头部,1,白（灰）/凡品,1,0,1,1,78,src/conf/conf_item.erl:3267
3000079,破境头盔,150153,104,头部,1,白（灰）/凡品,1,0,1,1,79,src/conf/conf_item.erl:3284
3000080,破境头盔,150153,104,头部,1,白（灰）/凡品,1,0,1,1,80,src/conf/conf_item.erl:3301
3000081,破境头盔,150153,104,头部,1,白（灰）/凡品,1,0,1,1,81,src/conf/conf_item.erl:3318
3000082,破境头盔,150153,104,头部,1,白（灰）/凡品,1,0,1,1,82,src/conf/conf_item.erl:3335
3000083,破境头盔,150153,104,头部,1,白（灰）/凡品,1,0,1,1,83,src/conf/conf_item.erl:3352
3000084,破境头盔,150153,104,头部,1,白（灰）/凡品,1,0,1,1,84,src/conf/conf_item.erl:3369
3000085,破境头盔,150153,104,头部,1,白（灰）/凡品,1,0,1,1,85,src/conf/conf_item.erl:3386
3000086,破境头盔,150153,104,头部,1,白（灰）/凡品,1,0,1,1,86,src/conf/conf_item.erl:3403
3000087,破境头盔,150153,104,头部,1,白（灰）/凡品,1,0,1,1,87,src/conf/conf_item.erl:3420
3000088,破境头盔,150153,104,头部,1,白（灰）/凡品,1,0,1,1,88,src/conf/conf_item.erl:3437
3000089,破境头盔,150153,104,头部,1,白（灰）/凡品,1,0,1,1,89,src/conf/conf_item.erl:3454
3000090,破境头盔,150153,104,头部,1,白（灰）/凡品,1,0,1,1,90,src/conf/conf_item.erl:3471
3000091,启程披风,150119,105,披风,1,白（灰）/凡品,1,0,1,1,1,src/conf/conf_item.erl:3488
3000092,启程披风,150119,105,披风,1,白（灰）/凡品,1,0,1,1,2,src/conf/conf_item.erl:3505
3000093,启程披风,150119,105,披风,1,白（灰）/凡品,1,0,1,1,3,src/conf/conf_item.erl:3522
3000094,启程披风,150119,105,披风,1,白（灰）/凡品,1,0,1,1,4,src/conf/conf_item.erl:3539
3000095,启程披风,150119,105,披风,1,白（灰）/凡品,1,0,1,1,5,src/conf/conf_item.erl:3556
3000096,启程披风,150119,105,披风,1,白（灰）/凡品,1,0,1,1,6,src/conf/conf_item.erl:3573
3000097,启程披风,150119,105,披风,1,白（灰）/凡品,1,0,1,1,7,src/conf/conf_item.erl:3590
3000098,启程披风,150119,105,披风,1,白（灰）/凡品,1,0,1,1,8,src/conf/conf_item.erl:3607
3000099,启程披风,150119,105,披风,1,白（灰）/凡品,1,0,1,1,9,src/conf/conf_item.erl:3624
3000100,启程披风,150119,105,披风,1,白（灰）/凡品,1,0,1,1,10,src/conf/conf_item.erl:3641
3000101,寻路披风,150126,105,披风,1,白（灰）/凡品,1,0,1,1,11,src/conf/conf_item.erl:3658
3000102,寻路披风,150126,105,披风,1,白（灰）/凡品,1,0,1,1,12,src/conf/conf_item.erl:3675
3000103,寻路披风,150126,105,披风,1,白（灰）/凡品,1,0,1,1,13,src/conf/conf_item.erl:3692
3000104,寻路披风,150126,105,披风,1,白（灰）/凡品,1,0,1,1,14,src/conf/conf_item.erl:3709
3000105,寻路披风,150126,105,披风,1,白（灰）/凡品,1,0,1,1,15,src/conf/conf_item.erl:3726
3000106,寻路披风,150126,105,披风,1,白（灰）/凡品,1,0,1,1,16,src/conf/conf_item.erl:3743
3000107,寻路披风,150126,105,披风,1,白（灰）/凡品,1,0,1,1,17,src/conf/conf_item.erl:3760
3000108,寻路披风,150126,105,披风,1,白（灰）/凡品,1,0,1,1,18,src/conf/conf_item.erl:3777
3000109,寻路披风,150126,105,披风,1,白（灰）/凡品,1,0,1,1,19,src/conf/conf_item.erl:3794
3000110,寻路披风,150126,105,披风,1,白（灰）/凡品,1,0,1,1,20,src/conf/conf_item.erl:3811
3000111,远行披风,150133,105,披风,1,白（灰）/凡品,1,0,1,1,21,src/conf/conf_item.erl:3828
3000112,远行披风,150133,105,披风,1,白（灰）/凡品,1,0,1,1,22,src/conf/conf_item.erl:3845
3000113,远行披风,150133,105,披风,1,白（灰）/凡品,1,0,1,1,23,src/conf/conf_item.erl:3862
3000114,远行披风,150133,105,披风,1,白（灰）/凡品,1,0,1,1,24,src/conf/conf_item.erl:3879
3000115,远行披风,150133,105,披风,1,白（灰）/凡品,1,0,1,1,25,src/conf/conf_item.erl:3896
3000116,远行披风,150133,105,披风,1,白（灰）/凡品,1,0,1,1,26,src/conf/conf_item.erl:3913
3000117,远行披风,150133,105,披风,1,白（灰）/凡品,1,0,1,1,27,src/conf/conf_item.erl:3930
3000118,远行披风,150133,105,披风,1,白（灰）/凡品,1,0,1,1,28,src/conf/conf_item.erl:3947
3000119,远行披风,150133,105,披风,1,白（灰）/凡品,1,0,1,1,29,src/conf/conf_item.erl:3964
3000120,远行披风,150133,105,披风,1,白（灰）/凡品,1,0,1,1,30,src/conf/conf_item.erl:3981
3000121,拓荒披风,150140,105,披风,1,白（灰）/凡品,1,0,1,1,31,src/conf/conf_item.erl:3998
3000122,拓荒披风,150140,105,披风,1,白（灰）/凡品,1,0,1,1,32,src/conf/conf_item.erl:4015
3000123,拓荒披风,150140,105,披风,1,白（灰）/凡品,1,0,1,1,33,src/conf/conf_item.erl:4032
3000124,拓荒披风,150140,105,披风,1,白（灰）/凡品,1,0,1,1,34,src/conf/conf_item.erl:4049
3000125,拓荒披风,150140,105,披风,1,白（灰）/凡品,1,0,1,1,35,src/conf/conf_item.erl:4066
3000126,拓荒披风,150140,105,披风,1,白（灰）/凡品,1,0,1,1,36,src/conf/conf_item.erl:4083
3000127,拓荒披风,150140,105,披风,1,白（灰）/凡品,1,0,1,1,37,src/conf/conf_item.erl:4100
3000128,拓荒披风,150140,105,披风,1,白（灰）/凡品,1,0,1,1,38,src/conf/conf_item.erl:4117
3000129,拓荒披风,150140,105,披风,1,白（灰）/凡品,1,0,1,1,39,src/conf/conf_item.erl:4134
3000130,拓荒披风,150140,105,披风,1,白（灰）/凡品,1,0,1,1,40,src/conf/conf_item.erl:4151
3000131,拓荒披风,150140,105,披风,1,白（灰）/凡品,1,0,1,1,41,src/conf/conf_item.erl:4168
3000132,拓荒披风,150140,105,披风,1,白（灰）/凡品,1,0,1,1,42,src/conf/conf_item.erl:4185
3000133,拓荒披风,150140,105,披风,1,白（灰）/凡品,1,0,1,1,43,src/conf/conf_item.erl:4202
3000134,拓荒披风,150140,105,披风,1,白（灰）/凡品,1,0,1,1,44,src/conf/conf_item.erl:4219
3000135,拓荒披风,150140,105,披风,1,白（灰）/凡品,1,0,1,1,45,src/conf/conf_item.erl:4236
3000136,拓荒披风,150140,105,披风,1,白（灰）/凡品,1,0,1,1,46,src/conf/conf_item.erl:4253
3000137,拓荒披风,150140,105,披风,1,白（灰）/凡品,1,0,1,1,47,src/conf/conf_item.erl:4270
3000138,拓荒披风,150140,105,披风,1,白（灰）/凡品,1,0,1,1,48,src/conf/conf_item.erl:4287
3000139,拓荒披风,150140,105,披风,1,白（灰）/凡品,1,0,1,1,49,src/conf/conf_item.erl:4304
3000140,拓荒披风,150140,105,披风,1,白（灰）/凡品,1,0,1,1,50,src/conf/conf_item.erl:4321
3000141,远征披风,150147,105,披风,1,白（灰）/凡品,1,0,1,1,51,src/conf/conf_item.erl:4338
3000142,远征披风,150147,105,披风,1,白（灰）/凡品,1,0,1,1,52,src/conf/conf_item.erl:4355
3000143,远征披风,150147,105,披风,1,白（灰）/凡品,1,0,1,1,53,src/conf/conf_item.erl:4372
3000144,远征披风,150147,105,披风,1,白（灰）/凡品,1,0,1,1,54,src/conf/conf_item.erl:4389
3000145,远征披风,150147,105,披风,1,白（灰）/凡品,1,0,1,1,55,src/conf/conf_item.erl:4406
3000146,远征披风,150147,105,披风,1,白（灰）/凡品,1,0,1,1,56,src/conf/conf_item.erl:4423
3000147,远征披风,150147,105,披风,1,白（灰）/凡品,1,0,1,1,57,src/conf/conf_item.erl:4440
3000148,远征披风,150147,105,披风,1,白（灰）/凡品,1,0,1,1,58,src/conf/conf_item.erl:4457
3000149,远征披风,150147,105,披风,1,白（灰）/凡品,1,0,1,1,59,src/conf/conf_item.erl:4474
3000150,远征披风,150147,105,披风,1,白（灰）/凡品,1,0,1,1,60,src/conf/conf_item.erl:4491
3000151,远征披风,150147,105,披风,1,白（灰）/凡品,1,0,1,1,61,src/conf/conf_item.erl:4508
3000152,远征披风,150147,105,披风,1,白（灰）/凡品,1,0,1,1,62,src/conf/conf_item.erl:4525
3000153,远征披风,150147,105,披风,1,白（灰）/凡品,1,0,1,1,63,src/conf/conf_item.erl:4542
3000154,远征披风,150147,105,披风,1,白（灰）/凡品,1,0,1,1,64,src/conf/conf_item.erl:4559
3000155,远征披风,150147,105,披风,1,白（灰）/凡品,1,0,1,1,65,src/conf/conf_item.erl:4576
3000156,远征披风,150147,105,披风,1,白（灰）/凡品,1,0,1,1,66,src/conf/conf_item.erl:4593
3000157,远征披风,150147,105,披风,1,白（灰）/凡品,1,0,1,1,67,src/conf/conf_item.erl:4610
3000158,远征披风,150147,105,披风,1,白（灰）/凡品,1,0,1,1,68,src/conf/conf_item.erl:4627
3000159,远征披风,150147,105,披风,1,白（灰）/凡品,1,0,1,1,69,src/conf/conf_item.erl:4644
3000160,远征披风,150147,105,披风,1,白（灰）/凡品,1,0,1,1,70,src/conf/conf_item.erl:4661
3000161,破境披风,150154,105,披风,1,白（灰）/凡品,1,0,1,1,71,src/conf/conf_item.erl:4678
3000162,破境披风,150154,105,披风,1,白（灰）/凡品,1,0,1,1,72,src/conf/conf_item.erl:4695
3000163,破境披风,150154,105,披风,1,白（灰）/凡品,1,0,1,1,73,src/conf/conf_item.erl:4712
3000164,破境披风,150154,105,披风,1,白（灰）/凡品,1,0,1,1,74,src/conf/conf_item.erl:4729
3000165,破境披风,150154,105,披风,1,白（灰）/凡品,1,0,1,1,75,src/conf/conf_item.erl:4746
3000166,破境披风,150154,105,披风,1,白（灰）/凡品,1,0,1,1,76,src/conf/conf_item.erl:4763
3000167,破境披风,150154,105,披风,1,白（灰）/凡品,1,0,1,1,77,src/conf/conf_item.erl:4780
3000168,破境披风,150154,105,披风,1,白（灰）/凡品,1,0,1,1,78,src/conf/conf_item.erl:4797
3000169,破境披风,150154,105,披风,1,白（灰）/凡品,1,0,1,1,79,src/conf/conf_item.erl:4814
3000170,破境披风,150154,105,披风,1,白（灰）/凡品,1,0,1,1,80,src/conf/conf_item.erl:4831
3000171,破境披风,150154,105,披风,1,白（灰）/凡品,1,0,1,1,81,src/conf/conf_item.erl:4848
3000172,破境披风,150154,105,披风,1,白（灰）/凡品,1,0,1,1,82,src/conf/conf_item.erl:4865
3000173,破境披风,150154,105,披风,1,白（灰）/凡品,1,0,1,1,83,src/conf/conf_item.erl:4882
3000174,破境披风,150154,105,披风,1,白（灰）/凡品,1,0,1,1,84,src/conf/conf_item.erl:4899
3000175,破境披风,150154,105,披风,1,白（灰）/凡品,1,0,1,1,85,src/conf/conf_item.erl:4916
3000176,破境披风,150154,105,披风,1,白（灰）/凡品,1,0,1,1,86,src/conf/conf_item.erl:4933
3000177,破境披风,150154,105,披风,1,白（灰）/凡品,1,0,1,1,87,src/conf/conf_item.erl:4950
3000178,破境披风,150154,105,披风,1,白（灰）/凡品,1,0,1,1,88,src/conf/conf_item.erl:4967
3000179,破境披风,150154,105,披风,1,白（灰）/凡品,1,0,1,1,89,src/conf/conf_item.erl:4984
3000180,破境披风,150154,105,披风,1,白（灰）/凡品,1,0,1,1,90,src/conf/conf_item.erl:5001
3000181,启程胸甲,150120,106,胸部,1,白（灰）/凡品,1,0,1,1,1,src/conf/conf_item.erl:5018
3000182,启程胸甲,150120,106,胸部,1,白（灰）/凡品,1,0,1,1,2,src/conf/conf_item.erl:5035
3000183,启程胸甲,150120,106,胸部,1,白（灰）/凡品,1,0,1,1,3,src/conf/conf_item.erl:5052
3000184,启程胸甲,150120,106,胸部,1,白（灰）/凡品,1,0,1,1,4,src/conf/conf_item.erl:5069
3000185,启程胸甲,150120,106,胸部,1,白（灰）/凡品,1,0,1,1,5,src/conf/conf_item.erl:5086
3000186,启程胸甲,150120,106,胸部,1,白（灰）/凡品,1,0,1,1,6,src/conf/conf_item.erl:5103
3000187,启程胸甲,150120,106,胸部,1,白（灰）/凡品,1,0,1,1,7,src/conf/conf_item.erl:5120
3000188,启程胸甲,150120,106,胸部,1,白（灰）/凡品,1,0,1,1,8,src/conf/conf_item.erl:5137
3000189,启程胸甲,150120,106,胸部,1,白（灰）/凡品,1,0,1,1,9,src/conf/conf_item.erl:5154
3000190,启程胸甲,150120,106,胸部,1,白（灰）/凡品,1,0,1,1,10,src/conf/conf_item.erl:5171
3000191,寻路胸甲,150127,106,胸部,1,白（灰）/凡品,1,0,1,1,11,src/conf/conf_item.erl:5188
3000192,寻路胸甲,150127,106,胸部,1,白（灰）/凡品,1,0,1,1,12,src/conf/conf_item.erl:5205
3000193,寻路胸甲,150127,106,胸部,1,白（灰）/凡品,1,0,1,1,13,src/conf/conf_item.erl:5222
3000194,寻路胸甲,150127,106,胸部,1,白（灰）/凡品,1,0,1,1,14,src/conf/conf_item.erl:5239
3000195,寻路胸甲,150127,106,胸部,1,白（灰）/凡品,1,0,1,1,15,src/conf/conf_item.erl:5256
3000196,寻路胸甲,150127,106,胸部,1,白（灰）/凡品,1,0,1,1,16,src/conf/conf_item.erl:5273
3000197,寻路胸甲,150127,106,胸部,1,白（灰）/凡品,1,0,1,1,17,src/conf/conf_item.erl:5290
3000198,寻路胸甲,150127,106,胸部,1,白（灰）/凡品,1,0,1,1,18,src/conf/conf_item.erl:5307
3000199,寻路胸甲,150127,106,胸部,1,白（灰）/凡品,1,0,1,1,19,src/conf/conf_item.erl:5324
3000200,寻路胸甲,150127,106,胸部,1,白（灰）/凡品,1,0,1,1,20,src/conf/conf_item.erl:5341
3000201,远行胸甲,150134,106,胸部,1,白（灰）/凡品,1,0,1,1,21,src/conf/conf_item.erl:5358
3000202,远行胸甲,150134,106,胸部,1,白（灰）/凡品,1,0,1,1,22,src/conf/conf_item.erl:5375
3000203,远行胸甲,150134,106,胸部,1,白（灰）/凡品,1,0,1,1,23,src/conf/conf_item.erl:5392
3000204,远行胸甲,150134,106,胸部,1,白（灰）/凡品,1,0,1,1,24,src/conf/conf_item.erl:5409
3000205,远行胸甲,150134,106,胸部,1,白（灰）/凡品,1,0,1,1,25,src/conf/conf_item.erl:5426
3000206,远行胸甲,150134,106,胸部,1,白（灰）/凡品,1,0,1,1,26,src/conf/conf_item.erl:5443
3000207,远行胸甲,150134,106,胸部,1,白（灰）/凡品,1,0,1,1,27,src/conf/conf_item.erl:5460
3000208,远行胸甲,150134,106,胸部,1,白（灰）/凡品,1,0,1,1,28,src/conf/conf_item.erl:5477
3000209,远行胸甲,150134,106,胸部,1,白（灰）/凡品,1,0,1,1,29,src/conf/conf_item.erl:5494
3000210,远行胸甲,150134,106,胸部,1,白（灰）/凡品,1,0,1,1,30,src/conf/conf_item.erl:5511
3000211,拓荒胸甲,150141,106,胸部,1,白（灰）/凡品,1,0,1,1,31,src/conf/conf_item.erl:5528
3000212,拓荒胸甲,150141,106,胸部,1,白（灰）/凡品,1,0,1,1,32,src/conf/conf_item.erl:5545
3000213,拓荒胸甲,150141,106,胸部,1,白（灰）/凡品,1,0,1,1,33,src/conf/conf_item.erl:5562
3000214,拓荒胸甲,150141,106,胸部,1,白（灰）/凡品,1,0,1,1,34,src/conf/conf_item.erl:5579
3000215,拓荒胸甲,150141,106,胸部,1,白（灰）/凡品,1,0,1,1,35,src/conf/conf_item.erl:5596
3000216,拓荒胸甲,150141,106,胸部,1,白（灰）/凡品,1,0,1,1,36,src/conf/conf_item.erl:5613
3000217,拓荒胸甲,150141,106,胸部,1,白（灰）/凡品,1,0,1,1,37,src/conf/conf_item.erl:5630
3000218,拓荒胸甲,150141,106,胸部,1,白（灰）/凡品,1,0,1,1,38,src/conf/conf_item.erl:5647
3000219,拓荒胸甲,150141,106,胸部,1,白（灰）/凡品,1,0,1,1,39,src/conf/conf_item.erl:5664
3000220,拓荒胸甲,150141,106,胸部,1,白（灰）/凡品,1,0,1,1,40,src/conf/conf_item.erl:5681
3000221,拓荒胸甲,150141,106,胸部,1,白（灰）/凡品,1,0,1,1,41,src/conf/conf_item.erl:5698
3000222,拓荒胸甲,150141,106,胸部,1,白（灰）/凡品,1,0,1,1,42,src/conf/conf_item.erl:5715
3000223,拓荒胸甲,150141,106,胸部,1,白（灰）/凡品,1,0,1,1,43,src/conf/conf_item.erl:5732
3000224,拓荒胸甲,150141,106,胸部,1,白（灰）/凡品,1,0,1,1,44,src/conf/conf_item.erl:5749
3000225,拓荒胸甲,150141,106,胸部,1,白（灰）/凡品,1,0,1,1,45,src/conf/conf_item.erl:5766
3000226,拓荒胸甲,150141,106,胸部,1,白（灰）/凡品,1,0,1,1,46,src/conf/conf_item.erl:5783
3000227,拓荒胸甲,150141,106,胸部,1,白（灰）/凡品,1,0,1,1,47,src/conf/conf_item.erl:5800
3000228,拓荒胸甲,150141,106,胸部,1,白（灰）/凡品,1,0,1,1,48,src/conf/conf_item.erl:5817
3000229,拓荒胸甲,150141,106,胸部,1,白（灰）/凡品,1,0,1,1,49,src/conf/conf_item.erl:5834
3000230,拓荒胸甲,150141,106,胸部,1,白（灰）/凡品,1,0,1,1,50,src/conf/conf_item.erl:5851
3000231,远征胸甲,150148,106,胸部,1,白（灰）/凡品,1,0,1,1,51,src/conf/conf_item.erl:5868
3000232,远征胸甲,150148,106,胸部,1,白（灰）/凡品,1,0,1,1,52,src/conf/conf_item.erl:5885
3000233,远征胸甲,150148,106,胸部,1,白（灰）/凡品,1,0,1,1,53,src/conf/conf_item.erl:5902
3000234,远征胸甲,150148,106,胸部,1,白（灰）/凡品,1,0,1,1,54,src/conf/conf_item.erl:5919
3000235,远征胸甲,150148,106,胸部,1,白（灰）/凡品,1,0,1,1,55,src/conf/conf_item.erl:5936
3000236,远征胸甲,150148,106,胸部,1,白（灰）/凡品,1,0,1,1,56,src/conf/conf_item.erl:5953
3000237,远征胸甲,150148,106,胸部,1,白（灰）/凡品,1,0,1,1,57,src/conf/conf_item.erl:5970
3000238,远征胸甲,150148,106,胸部,1,白（灰）/凡品,1,0,1,1,58,src/conf/conf_item.erl:5987
3000239,远征胸甲,150148,106,胸部,1,白（灰）/凡品,1,0,1,1,59,src/conf/conf_item.erl:6004
3000240,远征胸甲,150148,106,胸部,1,白（灰）/凡品,1,0,1,1,60,src/conf/conf_item.erl:6021
3000241,远征胸甲,150148,106,胸部,1,白（灰）/凡品,1,0,1,1,61,src/conf/conf_item.erl:6038
3000242,远征胸甲,150148,106,胸部,1,白（灰）/凡品,1,0,1,1,62,src/conf/conf_item.erl:6055
3000243,远征胸甲,150148,106,胸部,1,白（灰）/凡品,1,0,1,1,63,src/conf/conf_item.erl:6072
3000244,远征胸甲,150148,106,胸部,1,白（灰）/凡品,1,0,1,1,64,src/conf/conf_item.erl:6089
3000245,远征胸甲,150148,106,胸部,1,白（灰）/凡品,1,0,1,1,65,src/conf/conf_item.erl:6106
3000246,远征胸甲,150148,106,胸部,1,白（灰）/凡品,1,0,1,1,66,src/conf/conf_item.erl:6123
3000247,远征胸甲,150148,106,胸部,1,白（灰）/凡品,1,0,1,1,67,src/conf/conf_item.erl:6140
3000248,远征胸甲,150148,106,胸部,1,白（灰）/凡品,1,0,1,1,68,src/conf/conf_item.erl:6157
3000249,远征胸甲,150148,106,胸部,1,白（灰）/凡品,1,0,1,1,69,src/conf/conf_item.erl:6174
3000250,远征胸甲,150148,106,胸部,1,白（灰）/凡品,1,0,1,1,70,src/conf/conf_item.erl:6191
3000251,破境胸甲,150155,106,胸部,1,白（灰）/凡品,1,0,1,1,71,src/conf/conf_item.erl:6208
3000252,破境胸甲,150155,106,胸部,1,白（灰）/凡品,1,0,1,1,72,src/conf/conf_item.erl:6225
3000253,破境胸甲,150155,106,胸部,1,白（灰）/凡品,1,0,1,1,73,src/conf/conf_item.erl:6242
3000254,破境胸甲,150155,106,胸部,1,白（灰）/凡品,1,0,1,1,74,src/conf/conf_item.erl:6259
3000255,破境胸甲,150155,106,胸部,1,白（灰）/凡品,1,0,1,1,75,src/conf/conf_item.erl:6276
3000256,破境胸甲,150155,106,胸部,1,白（灰）/凡品,1,0,1,1,76,src/conf/conf_item.erl:6293
3000257,破境胸甲,150155,106,胸部,1,白（灰）/凡品,1,0,1,1,77,src/conf/conf_item.erl:6310
3000258,破境胸甲,150155,106,胸部,1,白（灰）/凡品,1,0,1,1,78,src/conf/conf_item.erl:6327
3000259,破境胸甲,150155,106,胸部,1,白（灰）/凡品,1,0,1,1,79,src/conf/conf_item.erl:6344
3000260,破境胸甲,150155,106,胸部,1,白（灰）/凡品,1,0,1,1,80,src/conf/conf_item.erl:6361
3000261,破境胸甲,150155,106,胸部,1,白（灰）/凡品,1,0,1,1,81,src/conf/conf_item.erl:6378
3000262,破境胸甲,150155,106,胸部,1,白（灰）/凡品,1,0,1,1,82,src/conf/conf_item.erl:6395
3000263,破境胸甲,150155,106,胸部,1,白（灰）/凡品,1,0,1,1,83,src/conf/conf_item.erl:6412
3000264,破境胸甲,150155,106,胸部,1,白（灰）/凡品,1,0,1,1,84,src/conf/conf_item.erl:6429
3000265,破境胸甲,150155,106,胸部,1,白（灰）/凡品,1,0,1,1,85,src/conf/conf_item.erl:6446
3000266,破境胸甲,150155,106,胸部,1,白（灰）/凡品,1,0,1,1,86,src/conf/conf_item.erl:6463
3000267,破境胸甲,150155,106,胸部,1,白（灰）/凡品,1,0,1,1,87,src/conf/conf_item.erl:6480
3000268,破境胸甲,150155,106,胸部,1,白（灰）/凡品,1,0,1,1,88,src/conf/conf_item.erl:6497
3000269,破境胸甲,150155,106,胸部,1,白（灰）/凡品,1,0,1,1,89,src/conf/conf_item.erl:6514
3000270,破境胸甲,150155,106,胸部,1,白（灰）/凡品,1,0,1,1,90,src/conf/conf_item.erl:6531
3000271,启程鞋子,150121,107,脚,1,白（灰）/凡品,1,0,1,1,1,src/conf/conf_item.erl:6548
3000272,启程鞋子,150121,107,脚,1,白（灰）/凡品,1,0,1,1,2,src/conf/conf_item.erl:6565
3000273,启程鞋子,150121,107,脚,1,白（灰）/凡品,1,0,1,1,3,src/conf/conf_item.erl:6582
3000274,启程鞋子,150121,107,脚,1,白（灰）/凡品,1,0,1,1,4,src/conf/conf_item.erl:6599
3000275,启程鞋子,150121,107,脚,1,白（灰）/凡品,1,0,1,1,5,src/conf/conf_item.erl:6616
3000276,启程鞋子,150121,107,脚,1,白（灰）/凡品,1,0,1,1,6,src/conf/conf_item.erl:6633
3000277,启程鞋子,150121,107,脚,1,白（灰）/凡品,1,0,1,1,7,src/conf/conf_item.erl:6650
3000278,启程鞋子,150121,107,脚,1,白（灰）/凡品,1,0,1,1,8,src/conf/conf_item.erl:6667
3000279,启程鞋子,150121,107,脚,1,白（灰）/凡品,1,0,1,1,9,src/conf/conf_item.erl:6684
3000280,启程鞋子,150121,107,脚,1,白（灰）/凡品,1,0,1,1,10,src/conf/conf_item.erl:6701
3000281,寻路鞋子,150128,107,脚,1,白（灰）/凡品,1,0,1,1,11,src/conf/conf_item.erl:6718
3000282,寻路鞋子,150128,107,脚,1,白（灰）/凡品,1,0,1,1,12,src/conf/conf_item.erl:6735
3000283,寻路鞋子,150128,107,脚,1,白（灰）/凡品,1,0,1,1,13,src/conf/conf_item.erl:6752
3000284,寻路鞋子,150128,107,脚,1,白（灰）/凡品,1,0,1,1,14,src/conf/conf_item.erl:6769
3000285,寻路鞋子,150128,107,脚,1,白（灰）/凡品,1,0,1,1,15,src/conf/conf_item.erl:6786
3000286,寻路鞋子,150128,107,脚,1,白（灰）/凡品,1,0,1,1,16,src/conf/conf_item.erl:6803
3000287,寻路鞋子,150128,107,脚,1,白（灰）/凡品,1,0,1,1,17,src/conf/conf_item.erl:6820
3000288,寻路鞋子,150128,107,脚,1,白（灰）/凡品,1,0,1,1,18,src/conf/conf_item.erl:6837
3000289,寻路鞋子,150128,107,脚,1,白（灰）/凡品,1,0,1,1,19,src/conf/conf_item.erl:6854
3000290,寻路鞋子,150128,107,脚,1,白（灰）/凡品,1,0,1,1,20,src/conf/conf_item.erl:6871
3000291,远行鞋子,150135,107,脚,1,白（灰）/凡品,1,0,1,1,21,src/conf/conf_item.erl:6888
3000292,远行鞋子,150135,107,脚,1,白（灰）/凡品,1,0,1,1,22,src/conf/conf_item.erl:6905
3000293,远行鞋子,150135,107,脚,1,白（灰）/凡品,1,0,1,1,23,src/conf/conf_item.erl:6922
3000294,远行鞋子,150135,107,脚,1,白（灰）/凡品,1,0,1,1,24,src/conf/conf_item.erl:6939
3000295,远行鞋子,150135,107,脚,1,白（灰）/凡品,1,0,1,1,25,src/conf/conf_item.erl:6956
3000296,远行鞋子,150135,107,脚,1,白（灰）/凡品,1,0,1,1,26,src/conf/conf_item.erl:6973
3000297,远行鞋子,150135,107,脚,1,白（灰）/凡品,1,0,1,1,27,src/conf/conf_item.erl:6990
3000298,远行鞋子,150135,107,脚,1,白（灰）/凡品,1,0,1,1,28,src/conf/conf_item.erl:7007
3000299,远行鞋子,150135,107,脚,1,白（灰）/凡品,1,0,1,1,29,src/conf/conf_item.erl:7024
3000300,远行鞋子,150135,107,脚,1,白（灰）/凡品,1,0,1,1,30,src/conf/conf_item.erl:7041
3000301,拓荒鞋子,150142,107,脚,1,白（灰）/凡品,1,0,1,1,31,src/conf/conf_item.erl:7058
3000302,拓荒鞋子,150142,107,脚,1,白（灰）/凡品,1,0,1,1,32,src/conf/conf_item.erl:7075
3000303,拓荒鞋子,150142,107,脚,1,白（灰）/凡品,1,0,1,1,33,src/conf/conf_item.erl:7092
3000304,拓荒鞋子,150142,107,脚,1,白（灰）/凡品,1,0,1,1,34,src/conf/conf_item.erl:7109
3000305,拓荒鞋子,150142,107,脚,1,白（灰）/凡品,1,0,1,1,35,src/conf/conf_item.erl:7126
3000306,拓荒鞋子,150142,107,脚,1,白（灰）/凡品,1,0,1,1,36,src/conf/conf_item.erl:7143
3000307,拓荒鞋子,150142,107,脚,1,白（灰）/凡品,1,0,1,1,37,src/conf/conf_item.erl:7160
3000308,拓荒鞋子,150142,107,脚,1,白（灰）/凡品,1,0,1,1,38,src/conf/conf_item.erl:7177
3000309,拓荒鞋子,150142,107,脚,1,白（灰）/凡品,1,0,1,1,39,src/conf/conf_item.erl:7194
3000310,拓荒鞋子,150142,107,脚,1,白（灰）/凡品,1,0,1,1,40,src/conf/conf_item.erl:7211
3000311,拓荒鞋子,150142,107,脚,1,白（灰）/凡品,1,0,1,1,41,src/conf/conf_item.erl:7228
3000312,拓荒鞋子,150142,107,脚,1,白（灰）/凡品,1,0,1,1,42,src/conf/conf_item.erl:7245
3000313,拓荒鞋子,150142,107,脚,1,白（灰）/凡品,1,0,1,1,43,src/conf/conf_item.erl:7262
3000314,拓荒鞋子,150142,107,脚,1,白（灰）/凡品,1,0,1,1,44,src/conf/conf_item.erl:7279
3000315,拓荒鞋子,150142,107,脚,1,白（灰）/凡品,1,0,1,1,45,src/conf/conf_item.erl:7296
3000316,拓荒鞋子,150142,107,脚,1,白（灰）/凡品,1,0,1,1,46,src/conf/conf_item.erl:7313
3000317,拓荒鞋子,150142,107,脚,1,白（灰）/凡品,1,0,1,1,47,src/conf/conf_item.erl:7330
3000318,拓荒鞋子,150142,107,脚,1,白（灰）/凡品,1,0,1,1,48,src/conf/conf_item.erl:7347
3000319,拓荒鞋子,150142,107,脚,1,白（灰）/凡品,1,0,1,1,49,src/conf/conf_item.erl:7364
3000320,拓荒鞋子,150142,107,脚,1,白（灰）/凡品,1,0,1,1,50,src/conf/conf_item.erl:7381
3000321,远征鞋子,150149,107,脚,1,白（灰）/凡品,1,0,1,1,51,src/conf/conf_item.erl:7398
3000322,远征鞋子,150149,107,脚,1,白（灰）/凡品,1,0,1,1,52,src/conf/conf_item.erl:7415
3000323,远征鞋子,150149,107,脚,1,白（灰）/凡品,1,0,1,1,53,src/conf/conf_item.erl:7432
3000324,远征鞋子,150149,107,脚,1,白（灰）/凡品,1,0,1,1,54,src/conf/conf_item.erl:7449
3000325,远征鞋子,150149,107,脚,1,白（灰）/凡品,1,0,1,1,55,src/conf/conf_item.erl:7466
3000326,远征鞋子,150149,107,脚,1,白（灰）/凡品,1,0,1,1,56,src/conf/conf_item.erl:7483
3000327,远征鞋子,150149,107,脚,1,白（灰）/凡品,1,0,1,1,57,src/conf/conf_item.erl:7500
3000328,远征鞋子,150149,107,脚,1,白（灰）/凡品,1,0,1,1,58,src/conf/conf_item.erl:7517
3000329,远征鞋子,150149,107,脚,1,白（灰）/凡品,1,0,1,1,59,src/conf/conf_item.erl:7534
3000330,远征鞋子,150149,107,脚,1,白（灰）/凡品,1,0,1,1,60,src/conf/conf_item.erl:7551
3000331,远征鞋子,150149,107,脚,1,白（灰）/凡品,1,0,1,1,61,src/conf/conf_item.erl:7568
3000332,远征鞋子,150149,107,脚,1,白（灰）/凡品,1,0,1,1,62,src/conf/conf_item.erl:7585
3000333,远征鞋子,150149,107,脚,1,白（灰）/凡品,1,0,1,1,63,src/conf/conf_item.erl:7602
3000334,远征鞋子,150149,107,脚,1,白（灰）/凡品,1,0,1,1,64,src/conf/conf_item.erl:7619
3000335,远征鞋子,150149,107,脚,1,白（灰）/凡品,1,0,1,1,65,src/conf/conf_item.erl:7636
3000336,远征鞋子,150149,107,脚,1,白（灰）/凡品,1,0,1,1,66,src/conf/conf_item.erl:7653
3000337,远征鞋子,150149,107,脚,1,白（灰）/凡品,1,0,1,1,67,src/conf/conf_item.erl:7670
3000338,远征鞋子,150149,107,脚,1,白（灰）/凡品,1,0,1,1,68,src/conf/conf_item.erl:7687
3000339,远征鞋子,150149,107,脚,1,白（灰）/凡品,1,0,1,1,69,src/conf/conf_item.erl:7704
3000340,远征鞋子,150149,107,脚,1,白（灰）/凡品,1,0,1,1,70,src/conf/conf_item.erl:7721
3000341,破境鞋子,150156,107,脚,1,白（灰）/凡品,1,0,1,1,71,src/conf/conf_item.erl:7738
3000342,破境鞋子,150156,107,脚,1,白（灰）/凡品,1,0,1,1,72,src/conf/conf_item.erl:7755
3000343,破境鞋子,150156,107,脚,1,白（灰）/凡品,1,0,1,1,73,src/conf/conf_item.erl:7772
3000344,破境鞋子,150156,107,脚,1,白（灰）/凡品,1,0,1,1,74,src/conf/conf_item.erl:7789
3000345,破境鞋子,150156,107,脚,1,白（灰）/凡品,1,0,1,1,75,src/conf/conf_item.erl:7806
3000346,破境鞋子,150156,107,脚,1,白（灰）/凡品,1,0,1,1,76,src/conf/conf_item.erl:7823
3000347,破境鞋子,150156,107,脚,1,白（灰）/凡品,1,0,1,1,77,src/conf/conf_item.erl:7840
3000348,破境鞋子,150156,107,脚,1,白（灰）/凡品,1,0,1,1,78,src/conf/conf_item.erl:7857
3000349,破境鞋子,150156,107,脚,1,白（灰）/凡品,1,0,1,1,79,src/conf/conf_item.erl:7874
3000350,破境鞋子,150156,107,脚,1,白（灰）/凡品,1,0,1,1,80,src/conf/conf_item.erl:7891
3000351,破境鞋子,150156,107,脚,1,白（灰）/凡品,1,0,1,1,81,src/conf/conf_item.erl:7908
3000352,破境鞋子,150156,107,脚,1,白（灰）/凡品,1,0,1,1,82,src/conf/conf_item.erl:7925
3000353,破境鞋子,150156,107,脚,1,白（灰）/凡品,1,0,1,1,83,src/conf/conf_item.erl:7942
3000354,破境鞋子,150156,107,脚,1,白（灰）/凡品,1,0,1,1,84,src/conf/conf_item.erl:7959
3000355,破境鞋子,150156,107,脚,1,白（灰）/凡品,1,0,1,1,85,src/conf/conf_item.erl:7976
3000356,破境鞋子,150156,107,脚,1,白（灰）/凡品,1,0,1,1,86,src/conf/conf_item.erl:7993
3000357,破境鞋子,150156,107,脚,1,白（灰）/凡品,1,0,1,1,87,src/conf/conf_item.erl:8010
3000358,破境鞋子,150156,107,脚,1,白（灰）/凡品,1,0,1,1,88,src/conf/conf_item.erl:8027
3000359,破境鞋子,150156,107,脚,1,白（灰）/凡品,1,0,1,1,89,src/conf/conf_item.erl:8044
3000360,破境鞋子,150156,107,脚,1,白（灰）/凡品,1,0,1,1,90,src/conf/conf_item.erl:8061
3000361,启程项链,150123,109,项链,1,白（灰）/凡品,1,0,1,1,1,src/conf/conf_item.erl:8078
3000362,启程项链,150123,109,项链,1,白（灰）/凡品,1,0,1,1,2,src/conf/conf_item.erl:8095
3000363,启程项链,150123,109,项链,1,白（灰）/凡品,1,0,1,1,3,src/conf/conf_item.erl:8112
3000364,启程项链,150123,109,项链,1,白（灰）/凡品,1,0,1,1,4,src/conf/conf_item.erl:8129
3000365,启程项链,150123,109,项链,1,白（灰）/凡品,1,0,1,1,5,src/conf/conf_item.erl:8146
3000366,启程项链,150123,109,项链,1,白（灰）/凡品,1,0,1,1,6,src/conf/conf_item.erl:8163
3000367,启程项链,150123,109,项链,1,白（灰）/凡品,1,0,1,1,7,src/conf/conf_item.erl:8180
3000368,启程项链,150123,109,项链,1,白（灰）/凡品,1,0,1,1,8,src/conf/conf_item.erl:8197
3000369,启程项链,150123,109,项链,1,白（灰）/凡品,1,0,1,1,9,src/conf/conf_item.erl:8214
3000370,启程项链,150123,109,项链,1,白（灰）/凡品,1,0,1,1,10,src/conf/conf_item.erl:8231
3000371,寻路项链,150130,109,项链,1,白（灰）/凡品,1,0,1,1,11,src/conf/conf_item.erl:8248
3000372,寻路项链,150130,109,项链,1,白（灰）/凡品,1,0,1,1,12,src/conf/conf_item.erl:8265
3000373,寻路项链,150130,109,项链,1,白（灰）/凡品,1,0,1,1,13,src/conf/conf_item.erl:8282
3000374,寻路项链,150130,109,项链,1,白（灰）/凡品,1,0,1,1,14,src/conf/conf_item.erl:8299
3000375,寻路项链,150130,109,项链,1,白（灰）/凡品,1,0,1,1,15,src/conf/conf_item.erl:8316
3000376,寻路项链,150130,109,项链,1,白（灰）/凡品,1,0,1,1,16,src/conf/conf_item.erl:8333
3000377,寻路项链,150130,109,项链,1,白（灰）/凡品,1,0,1,1,17,src/conf/conf_item.erl:8350
3000378,寻路项链,150130,109,项链,1,白（灰）/凡品,1,0,1,1,18,src/conf/conf_item.erl:8367
3000379,寻路项链,150130,109,项链,1,白（灰）/凡品,1,0,1,1,19,src/conf/conf_item.erl:8384
3000380,寻路项链,150130,109,项链,1,白（灰）/凡品,1,0,1,1,20,src/conf/conf_item.erl:8401
3000381,远行项链,150137,109,项链,1,白（灰）/凡品,1,0,1,1,21,src/conf/conf_item.erl:8418
3000382,远行项链,150137,109,项链,1,白（灰）/凡品,1,0,1,1,22,src/conf/conf_item.erl:8435
3000383,远行项链,150137,109,项链,1,白（灰）/凡品,1,0,1,1,23,src/conf/conf_item.erl:8452
3000384,远行项链,150137,109,项链,1,白（灰）/凡品,1,0,1,1,24,src/conf/conf_item.erl:8469
3000385,远行项链,150137,109,项链,1,白（灰）/凡品,1,0,1,1,25,src/conf/conf_item.erl:8486
3000386,远行项链,150137,109,项链,1,白（灰）/凡品,1,0,1,1,26,src/conf/conf_item.erl:8503
3000387,远行项链,150137,109,项链,1,白（灰）/凡品,1,0,1,1,27,src/conf/conf_item.erl:8520
3000388,远行项链,150137,109,项链,1,白（灰）/凡品,1,0,1,1,28,src/conf/conf_item.erl:8537
3000389,远行项链,150137,109,项链,1,白（灰）/凡品,1,0,1,1,29,src/conf/conf_item.erl:8554
3000390,远行项链,150137,109,项链,1,白（灰）/凡品,1,0,1,1,30,src/conf/conf_item.erl:8571
3000391,拓荒项链,150144,109,项链,1,白（灰）/凡品,1,0,1,1,31,src/conf/conf_item.erl:8588
3000392,拓荒项链,150144,109,项链,1,白（灰）/凡品,1,0,1,1,32,src/conf/conf_item.erl:8605
3000393,拓荒项链,150144,109,项链,1,白（灰）/凡品,1,0,1,1,33,src/conf/conf_item.erl:8622
3000394,拓荒项链,150144,109,项链,1,白（灰）/凡品,1,0,1,1,34,src/conf/conf_item.erl:8639
3000395,拓荒项链,150144,109,项链,1,白（灰）/凡品,1,0,1,1,35,src/conf/conf_item.erl:8656
3000396,拓荒项链,150144,109,项链,1,白（灰）/凡品,1,0,1,1,36,src/conf/conf_item.erl:8673
3000397,拓荒项链,150144,109,项链,1,白（灰）/凡品,1,0,1,1,37,src/conf/conf_item.erl:8690
3000398,拓荒项链,150144,109,项链,1,白（灰）/凡品,1,0,1,1,38,src/conf/conf_item.erl:8707
3000399,拓荒项链,150144,109,项链,1,白（灰）/凡品,1,0,1,1,39,src/conf/conf_item.erl:8724
3000400,拓荒项链,150144,109,项链,1,白（灰）/凡品,1,0,1,1,40,src/conf/conf_item.erl:8741
3000401,拓荒项链,150144,109,项链,1,白（灰）/凡品,1,0,1,1,41,src/conf/conf_item.erl:8758
3000402,拓荒项链,150144,109,项链,1,白（灰）/凡品,1,0,1,1,42,src/conf/conf_item.erl:8775
3000403,拓荒项链,150144,109,项链,1,白（灰）/凡品,1,0,1,1,43,src/conf/conf_item.erl:8792
3000404,拓荒项链,150144,109,项链,1,白（灰）/凡品,1,0,1,1,44,src/conf/conf_item.erl:8809
3000405,拓荒项链,150144,109,项链,1,白（灰）/凡品,1,0,1,1,45,src/conf/conf_item.erl:8826
3000406,拓荒项链,150144,109,项链,1,白（灰）/凡品,1,0,1,1,46,src/conf/conf_item.erl:8843
3000407,拓荒项链,150144,109,项链,1,白（灰）/凡品,1,0,1,1,47,src/conf/conf_item.erl:8860
3000408,拓荒项链,150144,109,项链,1,白（灰）/凡品,1,0,1,1,48,src/conf/conf_item.erl:8877
3000409,拓荒项链,150144,109,项链,1,白（灰）/凡品,1,0,1,1,49,src/conf/conf_item.erl:8894
3000410,拓荒项链,150144,109,项链,1,白（灰）/凡品,1,0,1,1,50,src/conf/conf_item.erl:8911
3000411,远征项链,150151,109,项链,1,白（灰）/凡品,1,0,1,1,51,src/conf/conf_item.erl:8928
3000412,远征项链,150151,109,项链,1,白（灰）/凡品,1,0,1,1,52,src/conf/conf_item.erl:8945
3000413,远征项链,150151,109,项链,1,白（灰）/凡品,1,0,1,1,53,src/conf/conf_item.erl:8962
3000414,远征项链,150151,109,项链,1,白（灰）/凡品,1,0,1,1,54,src/conf/conf_item.erl:8979
3000415,远征项链,150151,109,项链,1,白（灰）/凡品,1,0,1,1,55,src/conf/conf_item.erl:8996
3000416,远征项链,150151,109,项链,1,白（灰）/凡品,1,0,1,1,56,src/conf/conf_item.erl:9013
3000417,远征项链,150151,109,项链,1,白（灰）/凡品,1,0,1,1,57,src/conf/conf_item.erl:9030
3000418,远征项链,150151,109,项链,1,白（灰）/凡品,1,0,1,1,58,src/conf/conf_item.erl:9047
3000419,远征项链,150151,109,项链,1,白（灰）/凡品,1,0,1,1,59,src/conf/conf_item.erl:9064
3000420,远征项链,150151,109,项链,1,白（灰）/凡品,1,0,1,1,60,src/conf/conf_item.erl:9081
3000421,远征项链,150151,109,项链,1,白（灰）/凡品,1,0,1,1,61,src/conf/conf_item.erl:9098
3000422,远征项链,150151,109,项链,1,白（灰）/凡品,1,0,1,1,62,src/conf/conf_item.erl:9115
3000423,远征项链,150151,109,项链,1,白（灰）/凡品,1,0,1,1,63,src/conf/conf_item.erl:9132
3000424,远征项链,150151,109,项链,1,白（灰）/凡品,1,0,1,1,64,src/conf/conf_item.erl:9149
3000425,远征项链,150151,109,项链,1,白（灰）/凡品,1,0,1,1,65,src/conf/conf_item.erl:9166
3000426,远征项链,150151,109,项链,1,白（灰）/凡品,1,0,1,1,66,src/conf/conf_item.erl:9183
3000427,远征项链,150151,109,项链,1,白（灰）/凡品,1,0,1,1,67,src/conf/conf_item.erl:9200
3000428,远征项链,150151,109,项链,1,白（灰）/凡品,1,0,1,1,68,src/conf/conf_item.erl:9217
3000429,远征项链,150151,109,项链,1,白（灰）/凡品,1,0,1,1,69,src/conf/conf_item.erl:9234
3000430,远征项链,150151,109,项链,1,白（灰）/凡品,1,0,1,1,70,src/conf/conf_item.erl:9251
3000431,破境项链,150158,109,项链,1,白（灰）/凡品,1,0,1,1,71,src/conf/conf_item.erl:9268
3000432,破境项链,150158,109,项链,1,白（灰）/凡品,1,0,1,1,72,src/conf/conf_item.erl:9285
3000433,破境项链,150158,109,项链,1,白（灰）/凡品,1,0,1,1,73,src/conf/conf_item.erl:9302
3000434,破境项链,150158,109,项链,1,白（灰）/凡品,1,0,1,1,74,src/conf/conf_item.erl:9319
3000435,破境项链,150158,109,项链,1,白（灰）/凡品,1,0,1,1,75,src/conf/conf_item.erl:9336
3000436,破境项链,150158,109,项链,1,白（灰）/凡品,1,0,1,1,76,src/conf/conf_item.erl:9353
3000437,破境项链,150158,109,项链,1,白（灰）/凡品,1,0,1,1,77,src/conf/conf_item.erl:9370
3000438,破境项链,150158,109,项链,1,白（灰）/凡品,1,0,1,1,78,src/conf/conf_item.erl:9387
3000439,破境项链,150158,109,项链,1,白（灰）/凡品,1,0,1,1,79,src/conf/conf_item.erl:9404
3000440,破境项链,150158,109,项链,1,白（灰）/凡品,1,0,1,1,80,src/conf/conf_item.erl:9421
3000441,破境项链,150158,109,项链,1,白（灰）/凡品,1,0,1,1,81,src/conf/conf_item.erl:9438
3000442,破境项链,150158,109,项链,1,白（灰）/凡品,1,0,1,1,82,src/conf/conf_item.erl:9455
3000443,破境项链,150158,109,项链,1,白（灰）/凡品,1,0,1,1,83,src/conf/conf_item.erl:9472
3000444,破境项链,150158,109,项链,1,白（灰）/凡品,1,0,1,1,84,src/conf/conf_item.erl:9489
3000445,破境项链,150158,109,项链,1,白（灰）/凡品,1,0,1,1,85,src/conf/conf_item.erl:9506
3000446,破境项链,150158,109,项链,1,白（灰）/凡品,1,0,1,1,86,src/conf/conf_item.erl:9523
3000447,破境项链,150158,109,项链,1,白（灰）/凡品,1,0,1,1,87,src/conf/conf_item.erl:9540
3000448,破境项链,150158,109,项链,1,白（灰）/凡品,1,0,1,1,88,src/conf/conf_item.erl:9557
3000449,破境项链,150158,109,项链,1,白（灰）/凡品,1,0,1,1,89,src/conf/conf_item.erl:9574
3000450,破境项链,150158,109,项链,1,白（灰）/凡品,1,0,1,1,90,src/conf/conf_item.erl:9591
3000451,启程戒指,150122,108,戒指,1,白（灰）/凡品,1,0,1,1,1,src/conf/conf_item.erl:9608
3000452,启程戒指,150122,108,戒指,1,白（灰）/凡品,1,0,1,1,2,src/conf/conf_item.erl:9625
3000453,启程戒指,150122,108,戒指,1,白（灰）/凡品,1,0,1,1,3,src/conf/conf_item.erl:9642
3000454,启程戒指,150122,108,戒指,1,白（灰）/凡品,1,0,1,1,4,src/conf/conf_item.erl:9659
3000455,启程戒指,150122,108,戒指,1,白（灰）/凡品,1,0,1,1,5,src/conf/conf_item.erl:9676
3000456,启程戒指,150122,108,戒指,1,白（灰）/凡品,1,0,1,1,6,src/conf/conf_item.erl:9693
3000457,启程戒指,150122,108,戒指,1,白（灰）/凡品,1,0,1,1,7,src/conf/conf_item.erl:9710
3000458,启程戒指,150122,108,戒指,1,白（灰）/凡品,1,0,1,1,8,src/conf/conf_item.erl:9727
3000459,启程戒指,150122,108,戒指,1,白（灰）/凡品,1,0,1,1,9,src/conf/conf_item.erl:9744
3000460,启程戒指,150122,108,戒指,1,白（灰）/凡品,1,0,1,1,10,src/conf/conf_item.erl:9761
3000461,寻路戒指,150129,108,戒指,1,白（灰）/凡品,1,0,1,1,11,src/conf/conf_item.erl:9778
3000462,寻路戒指,150129,108,戒指,1,白（灰）/凡品,1,0,1,1,12,src/conf/conf_item.erl:9795
3000463,寻路戒指,150129,108,戒指,1,白（灰）/凡品,1,0,1,1,13,src/conf/conf_item.erl:9812
3000464,寻路戒指,150129,108,戒指,1,白（灰）/凡品,1,0,1,1,14,src/conf/conf_item.erl:9829
3000465,寻路戒指,150129,108,戒指,1,白（灰）/凡品,1,0,1,1,15,src/conf/conf_item.erl:9846
3000466,寻路戒指,150129,108,戒指,1,白（灰）/凡品,1,0,1,1,16,src/conf/conf_item.erl:9863
3000467,寻路戒指,150129,108,戒指,1,白（灰）/凡品,1,0,1,1,17,src/conf/conf_item.erl:9880
3000468,寻路戒指,150129,108,戒指,1,白（灰）/凡品,1,0,1,1,18,src/conf/conf_item.erl:9897
3000469,寻路戒指,150129,108,戒指,1,白（灰）/凡品,1,0,1,1,19,src/conf/conf_item.erl:9914
3000470,寻路戒指,150129,108,戒指,1,白（灰）/凡品,1,0,1,1,20,src/conf/conf_item.erl:9931
3000471,远行戒指,150136,108,戒指,1,白（灰）/凡品,1,0,1,1,21,src/conf/conf_item.erl:9948
3000472,远行戒指,150136,108,戒指,1,白（灰）/凡品,1,0,1,1,22,src/conf/conf_item.erl:9965
3000473,远行戒指,150136,108,戒指,1,白（灰）/凡品,1,0,1,1,23,src/conf/conf_item.erl:9982
3000474,远行戒指,150136,108,戒指,1,白（灰）/凡品,1,0,1,1,24,src/conf/conf_item.erl:9999
3000475,远行戒指,150136,108,戒指,1,白（灰）/凡品,1,0,1,1,25,src/conf/conf_item.erl:10016
3000476,远行戒指,150136,108,戒指,1,白（灰）/凡品,1,0,1,1,26,src/conf/conf_item.erl:10033
3000477,远行戒指,150136,108,戒指,1,白（灰）/凡品,1,0,1,1,27,src/conf/conf_item.erl:10050
3000478,远行戒指,150136,108,戒指,1,白（灰）/凡品,1,0,1,1,28,src/conf/conf_item.erl:10067
3000479,远行戒指,150136,108,戒指,1,白（灰）/凡品,1,0,1,1,29,src/conf/conf_item.erl:10084
3000480,远行戒指,150136,108,戒指,1,白（灰）/凡品,1,0,1,1,30,src/conf/conf_item.erl:10101
3000481,拓荒戒指,150143,108,戒指,1,白（灰）/凡品,1,0,1,1,31,src/conf/conf_item.erl:10118
3000482,拓荒戒指,150143,108,戒指,1,白（灰）/凡品,1,0,1,1,32,src/conf/conf_item.erl:10135
3000483,拓荒戒指,150143,108,戒指,1,白（灰）/凡品,1,0,1,1,33,src/conf/conf_item.erl:10152
3000484,拓荒戒指,150143,108,戒指,1,白（灰）/凡品,1,0,1,1,34,src/conf/conf_item.erl:10169
3000485,拓荒戒指,150143,108,戒指,1,白（灰）/凡品,1,0,1,1,35,src/conf/conf_item.erl:10186
3000486,拓荒戒指,150143,108,戒指,1,白（灰）/凡品,1,0,1,1,36,src/conf/conf_item.erl:10203
3000487,拓荒戒指,150143,108,戒指,1,白（灰）/凡品,1,0,1,1,37,src/conf/conf_item.erl:10220
3000488,拓荒戒指,150143,108,戒指,1,白（灰）/凡品,1,0,1,1,38,src/conf/conf_item.erl:10237
3000489,拓荒戒指,150143,108,戒指,1,白（灰）/凡品,1,0,1,1,39,src/conf/conf_item.erl:10254
3000490,拓荒戒指,150143,108,戒指,1,白（灰）/凡品,1,0,1,1,40,src/conf/conf_item.erl:10271
3000491,拓荒戒指,150143,108,戒指,1,白（灰）/凡品,1,0,1,1,41,src/conf/conf_item.erl:10288
3000492,拓荒戒指,150143,108,戒指,1,白（灰）/凡品,1,0,1,1,42,src/conf/conf_item.erl:10305
3000493,拓荒戒指,150143,108,戒指,1,白（灰）/凡品,1,0,1,1,43,src/conf/conf_item.erl:10322
3000494,拓荒戒指,150143,108,戒指,1,白（灰）/凡品,1,0,1,1,44,src/conf/conf_item.erl:10339
3000495,拓荒戒指,150143,108,戒指,1,白（灰）/凡品,1,0,1,1,45,src/conf/conf_item.erl:10356
3000496,拓荒戒指,150143,108,戒指,1,白（灰）/凡品,1,0,1,1,46,src/conf/conf_item.erl:10373
3000497,拓荒戒指,150143,108,戒指,1,白（灰）/凡品,1,0,1,1,47,src/conf/conf_item.erl:10390
3000498,拓荒戒指,150143,108,戒指,1,白（灰）/凡品,1,0,1,1,48,src/conf/conf_item.erl:10407
3000499,拓荒戒指,150143,108,戒指,1,白（灰）/凡品,1,0,1,1,49,src/conf/conf_item.erl:10424
3000500,拓荒戒指,150143,108,戒指,1,白（灰）/凡品,1,0,1,1,50,src/conf/conf_item.erl:10441
3000501,远征戒指,150150,108,戒指,1,白（灰）/凡品,1,0,1,1,51,src/conf/conf_item.erl:10458
3000502,远征戒指,150150,108,戒指,1,白（灰）/凡品,1,0,1,1,52,src/conf/conf_item.erl:10475
3000503,远征戒指,150150,108,戒指,1,白（灰）/凡品,1,0,1,1,53,src/conf/conf_item.erl:10492
3000504,远征戒指,150150,108,戒指,1,白（灰）/凡品,1,0,1,1,54,src/conf/conf_item.erl:10509
3000505,远征戒指,150150,108,戒指,1,白（灰）/凡品,1,0,1,1,55,src/conf/conf_item.erl:10526
3000506,远征戒指,150150,108,戒指,1,白（灰）/凡品,1,0,1,1,56,src/conf/conf_item.erl:10543
3000507,远征戒指,150150,108,戒指,1,白（灰）/凡品,1,0,1,1,57,src/conf/conf_item.erl:10560
3000508,远征戒指,150150,108,戒指,1,白（灰）/凡品,1,0,1,1,58,src/conf/conf_item.erl:10577
3000509,远征戒指,150150,108,戒指,1,白（灰）/凡品,1,0,1,1,59,src/conf/conf_item.erl:10594
3000510,远征戒指,150150,108,戒指,1,白（灰）/凡品,1,0,1,1,60,src/conf/conf_item.erl:10611
3000511,远征戒指,150150,108,戒指,1,白（灰）/凡品,1,0,1,1,61,src/conf/conf_item.erl:10628
3000512,远征戒指,150150,108,戒指,1,白（灰）/凡品,1,0,1,1,62,src/conf/conf_item.erl:10645
3000513,远征戒指,150150,108,戒指,1,白（灰）/凡品,1,0,1,1,63,src/conf/conf_item.erl:10662
3000514,远征戒指,150150,108,戒指,1,白（灰）/凡品,1,0,1,1,64,src/conf/conf_item.erl:10679
3000515,远征戒指,150150,108,戒指,1,白（灰）/凡品,1,0,1,1,65,src/conf/conf_item.erl:10696
3000516,远征戒指,150150,108,戒指,1,白（灰）/凡品,1,0,1,1,66,src/conf/conf_item.erl:10713
3000517,远征戒指,150150,108,戒指,1,白（灰）/凡品,1,0,1,1,67,src/conf/conf_item.erl:10730
3000518,远征戒指,150150,108,戒指,1,白（灰）/凡品,1,0,1,1,68,src/conf/conf_item.erl:10747
3000519,远征戒指,150150,108,戒指,1,白（灰）/凡品,1,0,1,1,69,src/conf/conf_item.erl:10764
3000520,远征戒指,150150,108,戒指,1,白（灰）/凡品,1,0,1,1,70,src/conf/conf_item.erl:10781
3000521,破境戒指,150157,108,戒指,1,白（灰）/凡品,1,0,1,1,71,src/conf/conf_item.erl:10798
3000522,破境戒指,150157,108,戒指,1,白（灰）/凡品,1,0,1,1,72,src/conf/conf_item.erl:10815
3000523,破境戒指,150157,108,戒指,1,白（灰）/凡品,1,0,1,1,73,src/conf/conf_item.erl:10832
3000524,破境戒指,150157,108,戒指,1,白（灰）/凡品,1,0,1,1,74,src/conf/conf_item.erl:10849
3000525,破境戒指,150157,108,戒指,1,白（灰）/凡品,1,0,1,1,75,src/conf/conf_item.erl:10866
3000526,破境戒指,150157,108,戒指,1,白（灰）/凡品,1,0,1,1,76,src/conf/conf_item.erl:10883
3000527,破境戒指,150157,108,戒指,1,白（灰）/凡品,1,0,1,1,77,src/conf/conf_item.erl:10900
3000528,破境戒指,150157,108,戒指,1,白（灰）/凡品,1,0,1,1,78,src/conf/conf_item.erl:10917
3000529,破境戒指,150157,108,戒指,1,白（灰）/凡品,1,0,1,1,79,src/conf/conf_item.erl:10934
3000530,破境戒指,150157,108,戒指,1,白（灰）/凡品,1,0,1,1,80,src/conf/conf_item.erl:10951
3000531,破境戒指,150157,108,戒指,1,白（灰）/凡品,1,0,1,1,81,src/conf/conf_item.erl:10968
3000532,破境戒指,150157,108,戒指,1,白（灰）/凡品,1,0,1,1,82,src/conf/conf_item.erl:10985
3000533,破境戒指,150157,108,戒指,1,白（灰）/凡品,1,0,1,1,83,src/conf/conf_item.erl:11002
3000534,破境戒指,150157,108,戒指,1,白（灰）/凡品,1,0,1,1,84,src/conf/conf_item.erl:11019
3000535,破境戒指,150157,108,戒指,1,白（灰）/凡品,1,0,1,1,85,src/conf/conf_item.erl:11036
3000536,破境戒指,150157,108,戒指,1,白（灰）/凡品,1,0,1,1,86,src/conf/conf_item.erl:11053
3000537,破境戒指,150157,108,戒指,1,白（灰）/凡品,1,0,1,1,87,src/conf/conf_item.erl:11070
3000538,破境戒指,150157,108,戒指,1,白（灰）/凡品,1,0,1,1,88,src/conf/conf_item.erl:11087
3000539,破境戒指,150157,108,戒指,1,白（灰）/凡品,1,0,1,1,89,src/conf/conf_item.erl:11104
3000540,破境戒指,150157,108,戒指,1,白（灰）/凡品,1,0,1,1,90,src/conf/conf_item.erl:11121
3000541,启程头盔,150118,104,头部,2,蓝/精良,1,0,1,1,1,src/conf/conf_item.erl:11138
3000542,启程头盔,150118,104,头部,2,蓝/精良,1,0,1,1,2,src/conf/conf_item.erl:11155
3000543,启程头盔,150118,104,头部,2,蓝/精良,1,0,1,1,3,src/conf/conf_item.erl:11172
3000544,启程头盔,150118,104,头部,2,蓝/精良,1,0,1,1,4,src/conf/conf_item.erl:11189
3000545,启程头盔,150118,104,头部,2,蓝/精良,1,0,1,1,5,src/conf/conf_item.erl:11206
3000546,启程头盔,150118,104,头部,2,蓝/精良,1,0,1,1,6,src/conf/conf_item.erl:11223
3000547,启程头盔,150118,104,头部,2,蓝/精良,1,0,1,1,7,src/conf/conf_item.erl:11240
3000548,启程头盔,150118,104,头部,2,蓝/精良,1,0,1,1,8,src/conf/conf_item.erl:11257
3000549,启程头盔,150118,104,头部,2,蓝/精良,1,0,1,1,9,src/conf/conf_item.erl:11274
3000550,启程头盔,150118,104,头部,2,蓝/精良,1,0,1,1,10,src/conf/conf_item.erl:11291
3000551,寻路头盔,150125,104,头部,2,蓝/精良,1,0,1,1,11,src/conf/conf_item.erl:11308
3000552,寻路头盔,150125,104,头部,2,蓝/精良,1,0,1,1,12,src/conf/conf_item.erl:11325
3000553,寻路头盔,150125,104,头部,2,蓝/精良,1,0,1,1,13,src/conf/conf_item.erl:11342
3000554,寻路头盔,150125,104,头部,2,蓝/精良,1,0,1,1,14,src/conf/conf_item.erl:11359
3000555,寻路头盔,150125,104,头部,2,蓝/精良,1,0,1,1,15,src/conf/conf_item.erl:11376
3000556,寻路头盔,150125,104,头部,2,蓝/精良,1,0,1,1,16,src/conf/conf_item.erl:11393
3000557,寻路头盔,150125,104,头部,2,蓝/精良,1,0,1,1,17,src/conf/conf_item.erl:11410
3000558,寻路头盔,150125,104,头部,2,蓝/精良,1,0,1,1,18,src/conf/conf_item.erl:11427
3000559,寻路头盔,150125,104,头部,2,蓝/精良,1,0,1,1,19,src/conf/conf_item.erl:11444
3000560,寻路头盔,150125,104,头部,2,蓝/精良,1,0,1,1,20,src/conf/conf_item.erl:11461
3000561,远行头盔,150132,104,头部,2,蓝/精良,1,0,1,1,21,src/conf/conf_item.erl:11478
3000562,远行头盔,150132,104,头部,2,蓝/精良,1,0,1,1,22,src/conf/conf_item.erl:11495
3000563,远行头盔,150132,104,头部,2,蓝/精良,1,0,1,1,23,src/conf/conf_item.erl:11512
3000564,远行头盔,150132,104,头部,2,蓝/精良,1,0,1,1,24,src/conf/conf_item.erl:11529
3000565,远行头盔,150132,104,头部,2,蓝/精良,1,0,1,1,25,src/conf/conf_item.erl:11546
3000566,远行头盔,150132,104,头部,2,蓝/精良,1,0,1,1,26,src/conf/conf_item.erl:11563
3000567,远行头盔,150132,104,头部,2,蓝/精良,1,0,1,1,27,src/conf/conf_item.erl:11580
3000568,远行头盔,150132,104,头部,2,蓝/精良,1,0,1,1,28,src/conf/conf_item.erl:11597
3000569,远行头盔,150132,104,头部,2,蓝/精良,1,0,1,1,29,src/conf/conf_item.erl:11614
3000570,远行头盔,150132,104,头部,2,蓝/精良,1,0,1,1,30,src/conf/conf_item.erl:11631
3000571,拓荒头盔,150139,104,头部,2,蓝/精良,1,0,1,1,31,src/conf/conf_item.erl:11648
3000572,拓荒头盔,150139,104,头部,2,蓝/精良,1,0,1,1,32,src/conf/conf_item.erl:11665
3000573,拓荒头盔,150139,104,头部,2,蓝/精良,1,0,1,1,33,src/conf/conf_item.erl:11682
3000574,拓荒头盔,150139,104,头部,2,蓝/精良,1,0,1,1,34,src/conf/conf_item.erl:11699
3000575,拓荒头盔,150139,104,头部,2,蓝/精良,1,0,1,1,35,src/conf/conf_item.erl:11716
3000576,拓荒头盔,150139,104,头部,2,蓝/精良,1,0,1,1,36,src/conf/conf_item.erl:11733
3000577,拓荒头盔,150139,104,头部,2,蓝/精良,1,0,1,1,37,src/conf/conf_item.erl:11750
3000578,拓荒头盔,150139,104,头部,2,蓝/精良,1,0,1,1,38,src/conf/conf_item.erl:11767
3000579,拓荒头盔,150139,104,头部,2,蓝/精良,1,0,1,1,39,src/conf/conf_item.erl:11784
3000580,拓荒头盔,150139,104,头部,2,蓝/精良,1,0,1,1,40,src/conf/conf_item.erl:11801
3000581,拓荒头盔,150139,104,头部,2,蓝/精良,1,0,1,1,41,src/conf/conf_item.erl:11818
3000582,拓荒头盔,150139,104,头部,2,蓝/精良,1,0,1,1,42,src/conf/conf_item.erl:11835
3000583,拓荒头盔,150139,104,头部,2,蓝/精良,1,0,1,1,43,src/conf/conf_item.erl:11852
3000584,拓荒头盔,150139,104,头部,2,蓝/精良,1,0,1,1,44,src/conf/conf_item.erl:11869
3000585,拓荒头盔,150139,104,头部,2,蓝/精良,1,0,1,1,45,src/conf/conf_item.erl:11886
3000586,拓荒头盔,150139,104,头部,2,蓝/精良,1,0,1,1,46,src/conf/conf_item.erl:11903
3000587,拓荒头盔,150139,104,头部,2,蓝/精良,1,0,1,1,47,src/conf/conf_item.erl:11920
3000588,拓荒头盔,150139,104,头部,2,蓝/精良,1,0,1,1,48,src/conf/conf_item.erl:11937
3000589,拓荒头盔,150139,104,头部,2,蓝/精良,1,0,1,1,49,src/conf/conf_item.erl:11954
3000590,拓荒头盔,150139,104,头部,2,蓝/精良,1,0,1,1,50,src/conf/conf_item.erl:11971
3000591,远征头盔,150146,104,头部,2,蓝/精良,1,0,1,1,51,src/conf/conf_item.erl:11988
3000592,远征头盔,150146,104,头部,2,蓝/精良,1,0,1,1,52,src/conf/conf_item.erl:12005
3000593,远征头盔,150146,104,头部,2,蓝/精良,1,0,1,1,53,src/conf/conf_item.erl:12022
3000594,远征头盔,150146,104,头部,2,蓝/精良,1,0,1,1,54,src/conf/conf_item.erl:12039
3000595,远征头盔,150146,104,头部,2,蓝/精良,1,0,1,1,55,src/conf/conf_item.erl:12056
3000596,远征头盔,150146,104,头部,2,蓝/精良,1,0,1,1,56,src/conf/conf_item.erl:12073
3000597,远征头盔,150146,104,头部,2,蓝/精良,1,0,1,1,57,src/conf/conf_item.erl:12090
3000598,远征头盔,150146,104,头部,2,蓝/精良,1,0,1,1,58,src/conf/conf_item.erl:12107
3000599,远征头盔,150146,104,头部,2,蓝/精良,1,0,1,1,59,src/conf/conf_item.erl:12124
3000600,远征头盔,150146,104,头部,2,蓝/精良,1,0,1,1,60,src/conf/conf_item.erl:12141
3000601,远征头盔,150146,104,头部,2,蓝/精良,1,0,1,1,61,src/conf/conf_item.erl:12158
3000602,远征头盔,150146,104,头部,2,蓝/精良,1,0,1,1,62,src/conf/conf_item.erl:12175
3000603,远征头盔,150146,104,头部,2,蓝/精良,1,0,1,1,63,src/conf/conf_item.erl:12192
3000604,远征头盔,150146,104,头部,2,蓝/精良,1,0,1,1,64,src/conf/conf_item.erl:12209
3000605,远征头盔,150146,104,头部,2,蓝/精良,1,0,1,1,65,src/conf/conf_item.erl:12226
3000606,远征头盔,150146,104,头部,2,蓝/精良,1,0,1,1,66,src/conf/conf_item.erl:12243
3000607,远征头盔,150146,104,头部,2,蓝/精良,1,0,1,1,67,src/conf/conf_item.erl:12260
3000608,远征头盔,150146,104,头部,2,蓝/精良,1,0,1,1,68,src/conf/conf_item.erl:12277
3000609,远征头盔,150146,104,头部,2,蓝/精良,1,0,1,1,69,src/conf/conf_item.erl:12294
3000610,远征头盔,150146,104,头部,2,蓝/精良,1,0,1,1,70,src/conf/conf_item.erl:12311
3000611,破境头盔,150153,104,头部,2,蓝/精良,1,0,1,1,71,src/conf/conf_item.erl:12328
3000612,破境头盔,150153,104,头部,2,蓝/精良,1,0,1,1,72,src/conf/conf_item.erl:12345
3000613,破境头盔,150153,104,头部,2,蓝/精良,1,0,1,1,73,src/conf/conf_item.erl:12362
3000614,破境头盔,150153,104,头部,2,蓝/精良,1,0,1,1,74,src/conf/conf_item.erl:12379
3000615,破境头盔,150153,104,头部,2,蓝/精良,1,0,1,1,75,src/conf/conf_item.erl:12396
3000616,破境头盔,150153,104,头部,2,蓝/精良,1,0,1,1,76,src/conf/conf_item.erl:12413
3000617,破境头盔,150153,104,头部,2,蓝/精良,1,0,1,1,77,src/conf/conf_item.erl:12430
3000618,破境头盔,150153,104,头部,2,蓝/精良,1,0,1,1,78,src/conf/conf_item.erl:12447
3000619,破境头盔,150153,104,头部,2,蓝/精良,1,0,1,1,79,src/conf/conf_item.erl:12464
3000620,破境头盔,150153,104,头部,2,蓝/精良,1,0,1,1,80,src/conf/conf_item.erl:12481
3000621,破境头盔,150153,104,头部,2,蓝/精良,1,0,1,1,81,src/conf/conf_item.erl:12498
3000622,破境头盔,150153,104,头部,2,蓝/精良,1,0,1,1,82,src/conf/conf_item.erl:12515
3000623,破境头盔,150153,104,头部,2,蓝/精良,1,0,1,1,83,src/conf/conf_item.erl:12532
3000624,破境头盔,150153,104,头部,2,蓝/精良,1,0,1,1,84,src/conf/conf_item.erl:12549
3000625,破境头盔,150153,104,头部,2,蓝/精良,1,0,1,1,85,src/conf/conf_item.erl:12566
3000626,破境头盔,150153,104,头部,2,蓝/精良,1,0,1,1,86,src/conf/conf_item.erl:12583
3000627,破境头盔,150153,104,头部,2,蓝/精良,1,0,1,1,87,src/conf/conf_item.erl:12600
3000628,破境头盔,150153,104,头部,2,蓝/精良,1,0,1,1,88,src/conf/conf_item.erl:12617
3000629,破境头盔,150153,104,头部,2,蓝/精良,1,0,1,1,89,src/conf/conf_item.erl:12634
3000630,破境头盔,150153,104,头部,2,蓝/精良,1,0,1,1,90,src/conf/conf_item.erl:12651
3000631,启程披风,150119,105,披风,2,蓝/精良,1,0,1,1,1,src/conf/conf_item.erl:12668
3000632,启程披风,150119,105,披风,2,蓝/精良,1,0,1,1,2,src/conf/conf_item.erl:12685
3000633,启程披风,150119,105,披风,2,蓝/精良,1,0,1,1,3,src/conf/conf_item.erl:12702
3000634,启程披风,150119,105,披风,2,蓝/精良,1,0,1,1,4,src/conf/conf_item.erl:12719
3000635,启程披风,150119,105,披风,2,蓝/精良,1,0,1,1,5,src/conf/conf_item.erl:12736
3000636,启程披风,150119,105,披风,2,蓝/精良,1,0,1,1,6,src/conf/conf_item.erl:12753
3000637,启程披风,150119,105,披风,2,蓝/精良,1,0,1,1,7,src/conf/conf_item.erl:12770
3000638,启程披风,150119,105,披风,2,蓝/精良,1,0,1,1,8,src/conf/conf_item.erl:12787
3000639,启程披风,150119,105,披风,2,蓝/精良,1,0,1,1,9,src/conf/conf_item.erl:12804
3000640,启程披风,150119,105,披风,2,蓝/精良,1,0,1,1,10,src/conf/conf_item.erl:12821
3000641,寻路披风,150126,105,披风,2,蓝/精良,1,0,1,1,11,src/conf/conf_item.erl:12838
3000642,寻路披风,150126,105,披风,2,蓝/精良,1,0,1,1,12,src/conf/conf_item.erl:12855
3000643,寻路披风,150126,105,披风,2,蓝/精良,1,0,1,1,13,src/conf/conf_item.erl:12872
3000644,寻路披风,150126,105,披风,2,蓝/精良,1,0,1,1,14,src/conf/conf_item.erl:12889
3000645,寻路披风,150126,105,披风,2,蓝/精良,1,0,1,1,15,src/conf/conf_item.erl:12906
3000646,寻路披风,150126,105,披风,2,蓝/精良,1,0,1,1,16,src/conf/conf_item.erl:12923
3000647,寻路披风,150126,105,披风,2,蓝/精良,1,0,1,1,17,src/conf/conf_item.erl:12940
3000648,寻路披风,150126,105,披风,2,蓝/精良,1,0,1,1,18,src/conf/conf_item.erl:12957
3000649,寻路披风,150126,105,披风,2,蓝/精良,1,0,1,1,19,src/conf/conf_item.erl:12974
3000650,寻路披风,150126,105,披风,2,蓝/精良,1,0,1,1,20,src/conf/conf_item.erl:12991
3000651,远行披风,150133,105,披风,2,蓝/精良,1,0,1,1,21,src/conf/conf_item.erl:13008
3000652,远行披风,150133,105,披风,2,蓝/精良,1,0,1,1,22,src/conf/conf_item.erl:13025
3000653,远行披风,150133,105,披风,2,蓝/精良,1,0,1,1,23,src/conf/conf_item.erl:13042
3000654,远行披风,150133,105,披风,2,蓝/精良,1,0,1,1,24,src/conf/conf_item.erl:13059
3000655,远行披风,150133,105,披风,2,蓝/精良,1,0,1,1,25,src/conf/conf_item.erl:13076
3000656,远行披风,150133,105,披风,2,蓝/精良,1,0,1,1,26,src/conf/conf_item.erl:13093
3000657,远行披风,150133,105,披风,2,蓝/精良,1,0,1,1,27,src/conf/conf_item.erl:13110
3000658,远行披风,150133,105,披风,2,蓝/精良,1,0,1,1,28,src/conf/conf_item.erl:13127
3000659,远行披风,150133,105,披风,2,蓝/精良,1,0,1,1,29,src/conf/conf_item.erl:13144
3000660,远行披风,150133,105,披风,2,蓝/精良,1,0,1,1,30,src/conf/conf_item.erl:13161
3000661,拓荒披风,150140,105,披风,2,蓝/精良,1,0,1,1,31,src/conf/conf_item.erl:13178
3000662,拓荒披风,150140,105,披风,2,蓝/精良,1,0,1,1,32,src/conf/conf_item.erl:13195
3000663,拓荒披风,150140,105,披风,2,蓝/精良,1,0,1,1,33,src/conf/conf_item.erl:13212
3000664,拓荒披风,150140,105,披风,2,蓝/精良,1,0,1,1,34,src/conf/conf_item.erl:13229
3000665,拓荒披风,150140,105,披风,2,蓝/精良,1,0,1,1,35,src/conf/conf_item.erl:13246
3000666,拓荒披风,150140,105,披风,2,蓝/精良,1,0,1,1,36,src/conf/conf_item.erl:13263
3000667,拓荒披风,150140,105,披风,2,蓝/精良,1,0,1,1,37,src/conf/conf_item.erl:13280
3000668,拓荒披风,150140,105,披风,2,蓝/精良,1,0,1,1,38,src/conf/conf_item.erl:13297
3000669,拓荒披风,150140,105,披风,2,蓝/精良,1,0,1,1,39,src/conf/conf_item.erl:13314
3000670,拓荒披风,150140,105,披风,2,蓝/精良,1,0,1,1,40,src/conf/conf_item.erl:13331
3000671,拓荒披风,150140,105,披风,2,蓝/精良,1,0,1,1,41,src/conf/conf_item.erl:13348
3000672,拓荒披风,150140,105,披风,2,蓝/精良,1,0,1,1,42,src/conf/conf_item.erl:13365
3000673,拓荒披风,150140,105,披风,2,蓝/精良,1,0,1,1,43,src/conf/conf_item.erl:13382
3000674,拓荒披风,150140,105,披风,2,蓝/精良,1,0,1,1,44,src/conf/conf_item.erl:13399
3000675,拓荒披风,150140,105,披风,2,蓝/精良,1,0,1,1,45,src/conf/conf_item.erl:13416
3000676,拓荒披风,150140,105,披风,2,蓝/精良,1,0,1,1,46,src/conf/conf_item.erl:13433
3000677,拓荒披风,150140,105,披风,2,蓝/精良,1,0,1,1,47,src/conf/conf_item.erl:13450
3000678,拓荒披风,150140,105,披风,2,蓝/精良,1,0,1,1,48,src/conf/conf_item.erl:13467
3000679,拓荒披风,150140,105,披风,2,蓝/精良,1,0,1,1,49,src/conf/conf_item.erl:13484
3000680,拓荒披风,150140,105,披风,2,蓝/精良,1,0,1,1,50,src/conf/conf_item.erl:13501
3000681,远征披风,150147,105,披风,2,蓝/精良,1,0,1,1,51,src/conf/conf_item.erl:13518
3000682,远征披风,150147,105,披风,2,蓝/精良,1,0,1,1,52,src/conf/conf_item.erl:13535
3000683,远征披风,150147,105,披风,2,蓝/精良,1,0,1,1,53,src/conf/conf_item.erl:13552
3000684,远征披风,150147,105,披风,2,蓝/精良,1,0,1,1,54,src/conf/conf_item.erl:13569
3000685,远征披风,150147,105,披风,2,蓝/精良,1,0,1,1,55,src/conf/conf_item.erl:13586
3000686,远征披风,150147,105,披风,2,蓝/精良,1,0,1,1,56,src/conf/conf_item.erl:13603
3000687,远征披风,150147,105,披风,2,蓝/精良,1,0,1,1,57,src/conf/conf_item.erl:13620
3000688,远征披风,150147,105,披风,2,蓝/精良,1,0,1,1,58,src/conf/conf_item.erl:13637
3000689,远征披风,150147,105,披风,2,蓝/精良,1,0,1,1,59,src/conf/conf_item.erl:13654
3000690,远征披风,150147,105,披风,2,蓝/精良,1,0,1,1,60,src/conf/conf_item.erl:13671
3000691,远征披风,150147,105,披风,2,蓝/精良,1,0,1,1,61,src/conf/conf_item.erl:13688
3000692,远征披风,150147,105,披风,2,蓝/精良,1,0,1,1,62,src/conf/conf_item.erl:13705
3000693,远征披风,150147,105,披风,2,蓝/精良,1,0,1,1,63,src/conf/conf_item.erl:13722
3000694,远征披风,150147,105,披风,2,蓝/精良,1,0,1,1,64,src/conf/conf_item.erl:13739
3000695,远征披风,150147,105,披风,2,蓝/精良,1,0,1,1,65,src/conf/conf_item.erl:13756
3000696,远征披风,150147,105,披风,2,蓝/精良,1,0,1,1,66,src/conf/conf_item.erl:13773
3000697,远征披风,150147,105,披风,2,蓝/精良,1,0,1,1,67,src/conf/conf_item.erl:13790
3000698,远征披风,150147,105,披风,2,蓝/精良,1,0,1,1,68,src/conf/conf_item.erl:13807
3000699,远征披风,150147,105,披风,2,蓝/精良,1,0,1,1,69,src/conf/conf_item.erl:13824
3000700,远征披风,150147,105,披风,2,蓝/精良,1,0,1,1,70,src/conf/conf_item.erl:13841
3000701,破境披风,150154,105,披风,2,蓝/精良,1,0,1,1,71,src/conf/conf_item.erl:13858
3000702,破境披风,150154,105,披风,2,蓝/精良,1,0,1,1,72,src/conf/conf_item.erl:13875
3000703,破境披风,150154,105,披风,2,蓝/精良,1,0,1,1,73,src/conf/conf_item.erl:13892
3000704,破境披风,150154,105,披风,2,蓝/精良,1,0,1,1,74,src/conf/conf_item.erl:13909
3000705,破境披风,150154,105,披风,2,蓝/精良,1,0,1,1,75,src/conf/conf_item.erl:13926
3000706,破境披风,150154,105,披风,2,蓝/精良,1,0,1,1,76,src/conf/conf_item.erl:13943
3000707,破境披风,150154,105,披风,2,蓝/精良,1,0,1,1,77,src/conf/conf_item.erl:13960
3000708,破境披风,150154,105,披风,2,蓝/精良,1,0,1,1,78,src/conf/conf_item.erl:13977
3000709,破境披风,150154,105,披风,2,蓝/精良,1,0,1,1,79,src/conf/conf_item.erl:13994
3000710,破境披风,150154,105,披风,2,蓝/精良,1,0,1,1,80,src/conf/conf_item.erl:14011
3000711,破境披风,150154,105,披风,2,蓝/精良,1,0,1,1,81,src/conf/conf_item.erl:14028
3000712,破境披风,150154,105,披风,2,蓝/精良,1,0,1,1,82,src/conf/conf_item.erl:14045
3000713,破境披风,150154,105,披风,2,蓝/精良,1,0,1,1,83,src/conf/conf_item.erl:14062
3000714,破境披风,150154,105,披风,2,蓝/精良,1,0,1,1,84,src/conf/conf_item.erl:14079
3000715,破境披风,150154,105,披风,2,蓝/精良,1,0,1,1,85,src/conf/conf_item.erl:14096
3000716,破境披风,150154,105,披风,2,蓝/精良,1,0,1,1,86,src/conf/conf_item.erl:14113
3000717,破境披风,150154,105,披风,2,蓝/精良,1,0,1,1,87,src/conf/conf_item.erl:14130
3000718,破境披风,150154,105,披风,2,蓝/精良,1,0,1,1,88,src/conf/conf_item.erl:14147
3000719,破境披风,150154,105,披风,2,蓝/精良,1,0,1,1,89,src/conf/conf_item.erl:14164
3000720,破境披风,150154,105,披风,2,蓝/精良,1,0,1,1,90,src/conf/conf_item.erl:14181
3000721,启程胸甲,150120,106,胸部,2,蓝/精良,1,0,1,1,1,src/conf/conf_item.erl:14198
3000722,启程胸甲,150120,106,胸部,2,蓝/精良,1,0,1,1,2,src/conf/conf_item.erl:14215
3000723,启程胸甲,150120,106,胸部,2,蓝/精良,1,0,1,1,3,src/conf/conf_item.erl:14232
3000724,启程胸甲,150120,106,胸部,2,蓝/精良,1,0,1,1,4,src/conf/conf_item.erl:14249
3000725,启程胸甲,150120,106,胸部,2,蓝/精良,1,0,1,1,5,src/conf/conf_item.erl:14266
3000726,启程胸甲,150120,106,胸部,2,蓝/精良,1,0,1,1,6,src/conf/conf_item.erl:14283
3000727,启程胸甲,150120,106,胸部,2,蓝/精良,1,0,1,1,7,src/conf/conf_item.erl:14300
3000728,启程胸甲,150120,106,胸部,2,蓝/精良,1,0,1,1,8,src/conf/conf_item.erl:14317
3000729,启程胸甲,150120,106,胸部,2,蓝/精良,1,0,1,1,9,src/conf/conf_item.erl:14334
3000730,启程胸甲,150120,106,胸部,2,蓝/精良,1,0,1,1,10,src/conf/conf_item.erl:14351
3000731,寻路胸甲,150127,106,胸部,2,蓝/精良,1,0,1,1,11,src/conf/conf_item.erl:14368
3000732,寻路胸甲,150127,106,胸部,2,蓝/精良,1,0,1,1,12,src/conf/conf_item.erl:14385
3000733,寻路胸甲,150127,106,胸部,2,蓝/精良,1,0,1,1,13,src/conf/conf_item.erl:14402
3000734,寻路胸甲,150127,106,胸部,2,蓝/精良,1,0,1,1,14,src/conf/conf_item.erl:14419
3000735,寻路胸甲,150127,106,胸部,2,蓝/精良,1,0,1,1,15,src/conf/conf_item.erl:14436
3000736,寻路胸甲,150127,106,胸部,2,蓝/精良,1,0,1,1,16,src/conf/conf_item.erl:14453
3000737,寻路胸甲,150127,106,胸部,2,蓝/精良,1,0,1,1,17,src/conf/conf_item.erl:14470
3000738,寻路胸甲,150127,106,胸部,2,蓝/精良,1,0,1,1,18,src/conf/conf_item.erl:14487
3000739,寻路胸甲,150127,106,胸部,2,蓝/精良,1,0,1,1,19,src/conf/conf_item.erl:14504
3000740,寻路胸甲,150127,106,胸部,2,蓝/精良,1,0,1,1,20,src/conf/conf_item.erl:14521
3000741,远行胸甲,150134,106,胸部,2,蓝/精良,1,0,1,1,21,src/conf/conf_item.erl:14538
3000742,远行胸甲,150134,106,胸部,2,蓝/精良,1,0,1,1,22,src/conf/conf_item.erl:14555
3000743,远行胸甲,150134,106,胸部,2,蓝/精良,1,0,1,1,23,src/conf/conf_item.erl:14572
3000744,远行胸甲,150134,106,胸部,2,蓝/精良,1,0,1,1,24,src/conf/conf_item.erl:14589
3000745,远行胸甲,150134,106,胸部,2,蓝/精良,1,0,1,1,25,src/conf/conf_item.erl:14606
3000746,远行胸甲,150134,106,胸部,2,蓝/精良,1,0,1,1,26,src/conf/conf_item.erl:14623
3000747,远行胸甲,150134,106,胸部,2,蓝/精良,1,0,1,1,27,src/conf/conf_item.erl:14640
3000748,远行胸甲,150134,106,胸部,2,蓝/精良,1,0,1,1,28,src/conf/conf_item.erl:14657
3000749,远行胸甲,150134,106,胸部,2,蓝/精良,1,0,1,1,29,src/conf/conf_item.erl:14674
3000750,远行胸甲,150134,106,胸部,2,蓝/精良,1,0,1,1,30,src/conf/conf_item.erl:14691
3000751,拓荒胸甲,150141,106,胸部,2,蓝/精良,1,0,1,1,31,src/conf/conf_item.erl:14708
3000752,拓荒胸甲,150141,106,胸部,2,蓝/精良,1,0,1,1,32,src/conf/conf_item.erl:14725
3000753,拓荒胸甲,150141,106,胸部,2,蓝/精良,1,0,1,1,33,src/conf/conf_item.erl:14742
3000754,拓荒胸甲,150141,106,胸部,2,蓝/精良,1,0,1,1,34,src/conf/conf_item.erl:14759
3000755,拓荒胸甲,150141,106,胸部,2,蓝/精良,1,0,1,1,35,src/conf/conf_item.erl:14776
3000756,拓荒胸甲,150141,106,胸部,2,蓝/精良,1,0,1,1,36,src/conf/conf_item.erl:14793
3000757,拓荒胸甲,150141,106,胸部,2,蓝/精良,1,0,1,1,37,src/conf/conf_item.erl:14810
3000758,拓荒胸甲,150141,106,胸部,2,蓝/精良,1,0,1,1,38,src/conf/conf_item.erl:14827
3000759,拓荒胸甲,150141,106,胸部,2,蓝/精良,1,0,1,1,39,src/conf/conf_item.erl:14844
3000760,拓荒胸甲,150141,106,胸部,2,蓝/精良,1,0,1,1,40,src/conf/conf_item.erl:14861
3000761,拓荒胸甲,150141,106,胸部,2,蓝/精良,1,0,1,1,41,src/conf/conf_item.erl:14878
3000762,拓荒胸甲,150141,106,胸部,2,蓝/精良,1,0,1,1,42,src/conf/conf_item.erl:14895
3000763,拓荒胸甲,150141,106,胸部,2,蓝/精良,1,0,1,1,43,src/conf/conf_item.erl:14912
3000764,拓荒胸甲,150141,106,胸部,2,蓝/精良,1,0,1,1,44,src/conf/conf_item.erl:14929
3000765,拓荒胸甲,150141,106,胸部,2,蓝/精良,1,0,1,1,45,src/conf/conf_item.erl:14946
3000766,拓荒胸甲,150141,106,胸部,2,蓝/精良,1,0,1,1,46,src/conf/conf_item.erl:14963
3000767,拓荒胸甲,150141,106,胸部,2,蓝/精良,1,0,1,1,47,src/conf/conf_item.erl:14980
3000768,拓荒胸甲,150141,106,胸部,2,蓝/精良,1,0,1,1,48,src/conf/conf_item.erl:14997
3000769,拓荒胸甲,150141,106,胸部,2,蓝/精良,1,0,1,1,49,src/conf/conf_item.erl:15014
3000770,拓荒胸甲,150141,106,胸部,2,蓝/精良,1,0,1,1,50,src/conf/conf_item.erl:15031
3000771,远征胸甲,150148,106,胸部,2,蓝/精良,1,0,1,1,51,src/conf/conf_item.erl:15048
3000772,远征胸甲,150148,106,胸部,2,蓝/精良,1,0,1,1,52,src/conf/conf_item.erl:15065
3000773,远征胸甲,150148,106,胸部,2,蓝/精良,1,0,1,1,53,src/conf/conf_item.erl:15082
3000774,远征胸甲,150148,106,胸部,2,蓝/精良,1,0,1,1,54,src/conf/conf_item.erl:15099
3000775,远征胸甲,150148,106,胸部,2,蓝/精良,1,0,1,1,55,src/conf/conf_item.erl:15116
3000776,远征胸甲,150148,106,胸部,2,蓝/精良,1,0,1,1,56,src/conf/conf_item.erl:15133
3000777,远征胸甲,150148,106,胸部,2,蓝/精良,1,0,1,1,57,src/conf/conf_item.erl:15150
3000778,远征胸甲,150148,106,胸部,2,蓝/精良,1,0,1,1,58,src/conf/conf_item.erl:15167
3000779,远征胸甲,150148,106,胸部,2,蓝/精良,1,0,1,1,59,src/conf/conf_item.erl:15184
3000780,远征胸甲,150148,106,胸部,2,蓝/精良,1,0,1,1,60,src/conf/conf_item.erl:15201
3000781,远征胸甲,150148,106,胸部,2,蓝/精良,1,0,1,1,61,src/conf/conf_item.erl:15218
3000782,远征胸甲,150148,106,胸部,2,蓝/精良,1,0,1,1,62,src/conf/conf_item.erl:15235
3000783,远征胸甲,150148,106,胸部,2,蓝/精良,1,0,1,1,63,src/conf/conf_item.erl:15252
3000784,远征胸甲,150148,106,胸部,2,蓝/精良,1,0,1,1,64,src/conf/conf_item.erl:15269
3000785,远征胸甲,150148,106,胸部,2,蓝/精良,1,0,1,1,65,src/conf/conf_item.erl:15286
3000786,远征胸甲,150148,106,胸部,2,蓝/精良,1,0,1,1,66,src/conf/conf_item.erl:15303
3000787,远征胸甲,150148,106,胸部,2,蓝/精良,1,0,1,1,67,src/conf/conf_item.erl:15320
3000788,远征胸甲,150148,106,胸部,2,蓝/精良,1,0,1,1,68,src/conf/conf_item.erl:15337
3000789,远征胸甲,150148,106,胸部,2,蓝/精良,1,0,1,1,69,src/conf/conf_item.erl:15354
3000790,远征胸甲,150148,106,胸部,2,蓝/精良,1,0,1,1,70,src/conf/conf_item.erl:15371
3000791,破境胸甲,150155,106,胸部,2,蓝/精良,1,0,1,1,71,src/conf/conf_item.erl:15388
3000792,破境胸甲,150155,106,胸部,2,蓝/精良,1,0,1,1,72,src/conf/conf_item.erl:15405
3000793,破境胸甲,150155,106,胸部,2,蓝/精良,1,0,1,1,73,src/conf/conf_item.erl:15422
3000794,破境胸甲,150155,106,胸部,2,蓝/精良,1,0,1,1,74,src/conf/conf_item.erl:15439
3000795,破境胸甲,150155,106,胸部,2,蓝/精良,1,0,1,1,75,src/conf/conf_item.erl:15456
3000796,破境胸甲,150155,106,胸部,2,蓝/精良,1,0,1,1,76,src/conf/conf_item.erl:15473
3000797,破境胸甲,150155,106,胸部,2,蓝/精良,1,0,1,1,77,src/conf/conf_item.erl:15490
3000798,破境胸甲,150155,106,胸部,2,蓝/精良,1,0,1,1,78,src/conf/conf_item.erl:15507
3000799,破境胸甲,150155,106,胸部,2,蓝/精良,1,0,1,1,79,src/conf/conf_item.erl:15524
3000800,破境胸甲,150155,106,胸部,2,蓝/精良,1,0,1,1,80,src/conf/conf_item.erl:15541
3000801,破境胸甲,150155,106,胸部,2,蓝/精良,1,0,1,1,81,src/conf/conf_item.erl:15558
3000802,破境胸甲,150155,106,胸部,2,蓝/精良,1,0,1,1,82,src/conf/conf_item.erl:15575
3000803,破境胸甲,150155,106,胸部,2,蓝/精良,1,0,1,1,83,src/conf/conf_item.erl:15592
3000804,破境胸甲,150155,106,胸部,2,蓝/精良,1,0,1,1,84,src/conf/conf_item.erl:15609
3000805,破境胸甲,150155,106,胸部,2,蓝/精良,1,0,1,1,85,src/conf/conf_item.erl:15626
3000806,破境胸甲,150155,106,胸部,2,蓝/精良,1,0,1,1,86,src/conf/conf_item.erl:15643
3000807,破境胸甲,150155,106,胸部,2,蓝/精良,1,0,1,1,87,src/conf/conf_item.erl:15660
3000808,破境胸甲,150155,106,胸部,2,蓝/精良,1,0,1,1,88,src/conf/conf_item.erl:15677
3000809,破境胸甲,150155,106,胸部,2,蓝/精良,1,0,1,1,89,src/conf/conf_item.erl:15694
3000810,破境胸甲,150155,106,胸部,2,蓝/精良,1,0,1,1,90,src/conf/conf_item.erl:15711
3000811,启程鞋子,150121,107,脚,2,蓝/精良,1,0,1,1,1,src/conf/conf_item.erl:15728
3000812,启程鞋子,150121,107,脚,2,蓝/精良,1,0,1,1,2,src/conf/conf_item.erl:15745
3000813,启程鞋子,150121,107,脚,2,蓝/精良,1,0,1,1,3,src/conf/conf_item.erl:15762
3000814,启程鞋子,150121,107,脚,2,蓝/精良,1,0,1,1,4,src/conf/conf_item.erl:15779
3000815,启程鞋子,150121,107,脚,2,蓝/精良,1,0,1,1,5,src/conf/conf_item.erl:15796
3000816,启程鞋子,150121,107,脚,2,蓝/精良,1,0,1,1,6,src/conf/conf_item.erl:15813
3000817,启程鞋子,150121,107,脚,2,蓝/精良,1,0,1,1,7,src/conf/conf_item.erl:15830
3000818,启程鞋子,150121,107,脚,2,蓝/精良,1,0,1,1,8,src/conf/conf_item.erl:15847
3000819,启程鞋子,150121,107,脚,2,蓝/精良,1,0,1,1,9,src/conf/conf_item.erl:15864
3000820,启程鞋子,150121,107,脚,2,蓝/精良,1,0,1,1,10,src/conf/conf_item.erl:15881
3000821,寻路鞋子,150128,107,脚,2,蓝/精良,1,0,1,1,11,src/conf/conf_item.erl:15898
3000822,寻路鞋子,150128,107,脚,2,蓝/精良,1,0,1,1,12,src/conf/conf_item.erl:15915
3000823,寻路鞋子,150128,107,脚,2,蓝/精良,1,0,1,1,13,src/conf/conf_item.erl:15932
3000824,寻路鞋子,150128,107,脚,2,蓝/精良,1,0,1,1,14,src/conf/conf_item.erl:15949
3000825,寻路鞋子,150128,107,脚,2,蓝/精良,1,0,1,1,15,src/conf/conf_item.erl:15966
3000826,寻路鞋子,150128,107,脚,2,蓝/精良,1,0,1,1,16,src/conf/conf_item.erl:15983
3000827,寻路鞋子,150128,107,脚,2,蓝/精良,1,0,1,1,17,src/conf/conf_item.erl:16000
3000828,寻路鞋子,150128,107,脚,2,蓝/精良,1,0,1,1,18,src/conf/conf_item.erl:16017
3000829,寻路鞋子,150128,107,脚,2,蓝/精良,1,0,1,1,19,src/conf/conf_item.erl:16034
3000830,寻路鞋子,150128,107,脚,2,蓝/精良,1,0,1,1,20,src/conf/conf_item.erl:16051
3000831,远行鞋子,150135,107,脚,2,蓝/精良,1,0,1,1,21,src/conf/conf_item.erl:16068
3000832,远行鞋子,150135,107,脚,2,蓝/精良,1,0,1,1,22,src/conf/conf_item.erl:16085
3000833,远行鞋子,150135,107,脚,2,蓝/精良,1,0,1,1,23,src/conf/conf_item.erl:16102
3000834,远行鞋子,150135,107,脚,2,蓝/精良,1,0,1,1,24,src/conf/conf_item.erl:16119
3000835,远行鞋子,150135,107,脚,2,蓝/精良,1,0,1,1,25,src/conf/conf_item.erl:16136
3000836,远行鞋子,150135,107,脚,2,蓝/精良,1,0,1,1,26,src/conf/conf_item.erl:16153
3000837,远行鞋子,150135,107,脚,2,蓝/精良,1,0,1,1,27,src/conf/conf_item.erl:16170
3000838,远行鞋子,150135,107,脚,2,蓝/精良,1,0,1,1,28,src/conf/conf_item.erl:16187
3000839,远行鞋子,150135,107,脚,2,蓝/精良,1,0,1,1,29,src/conf/conf_item.erl:16204
3000840,远行鞋子,150135,107,脚,2,蓝/精良,1,0,1,1,30,src/conf/conf_item.erl:16221
3000841,拓荒鞋子,150142,107,脚,2,蓝/精良,1,0,1,1,31,src/conf/conf_item.erl:16238
3000842,拓荒鞋子,150142,107,脚,2,蓝/精良,1,0,1,1,32,src/conf/conf_item.erl:16255
3000843,拓荒鞋子,150142,107,脚,2,蓝/精良,1,0,1,1,33,src/conf/conf_item.erl:16272
3000844,拓荒鞋子,150142,107,脚,2,蓝/精良,1,0,1,1,34,src/conf/conf_item.erl:16289
3000845,拓荒鞋子,150142,107,脚,2,蓝/精良,1,0,1,1,35,src/conf/conf_item.erl:16306
3000846,拓荒鞋子,150142,107,脚,2,蓝/精良,1,0,1,1,36,src/conf/conf_item.erl:16323
3000847,拓荒鞋子,150142,107,脚,2,蓝/精良,1,0,1,1,37,src/conf/conf_item.erl:16340
3000848,拓荒鞋子,150142,107,脚,2,蓝/精良,1,0,1,1,38,src/conf/conf_item.erl:16357
3000849,拓荒鞋子,150142,107,脚,2,蓝/精良,1,0,1,1,39,src/conf/conf_item.erl:16374
3000850,拓荒鞋子,150142,107,脚,2,蓝/精良,1,0,1,1,40,src/conf/conf_item.erl:16391
3000851,拓荒鞋子,150142,107,脚,2,蓝/精良,1,0,1,1,41,src/conf/conf_item.erl:16408
3000852,拓荒鞋子,150142,107,脚,2,蓝/精良,1,0,1,1,42,src/conf/conf_item.erl:16425
3000853,拓荒鞋子,150142,107,脚,2,蓝/精良,1,0,1,1,43,src/conf/conf_item.erl:16442
3000854,拓荒鞋子,150142,107,脚,2,蓝/精良,1,0,1,1,44,src/conf/conf_item.erl:16459
3000855,拓荒鞋子,150142,107,脚,2,蓝/精良,1,0,1,1,45,src/conf/conf_item.erl:16476
3000856,拓荒鞋子,150142,107,脚,2,蓝/精良,1,0,1,1,46,src/conf/conf_item.erl:16493
3000857,拓荒鞋子,150142,107,脚,2,蓝/精良,1,0,1,1,47,src/conf/conf_item.erl:16510
3000858,拓荒鞋子,150142,107,脚,2,蓝/精良,1,0,1,1,48,src/conf/conf_item.erl:16527
3000859,拓荒鞋子,150142,107,脚,2,蓝/精良,1,0,1,1,49,src/conf/conf_item.erl:16544
3000860,拓荒鞋子,150142,107,脚,2,蓝/精良,1,0,1,1,50,src/conf/conf_item.erl:16561
3000861,远征鞋子,150149,107,脚,2,蓝/精良,1,0,1,1,51,src/conf/conf_item.erl:16578
3000862,远征鞋子,150149,107,脚,2,蓝/精良,1,0,1,1,52,src/conf/conf_item.erl:16595
3000863,远征鞋子,150149,107,脚,2,蓝/精良,1,0,1,1,53,src/conf/conf_item.erl:16612
3000864,远征鞋子,150149,107,脚,2,蓝/精良,1,0,1,1,54,src/conf/conf_item.erl:16629
3000865,远征鞋子,150149,107,脚,2,蓝/精良,1,0,1,1,55,src/conf/conf_item.erl:16646
3000866,远征鞋子,150149,107,脚,2,蓝/精良,1,0,1,1,56,src/conf/conf_item.erl:16663
3000867,远征鞋子,150149,107,脚,2,蓝/精良,1,0,1,1,57,src/conf/conf_item.erl:16680
3000868,远征鞋子,150149,107,脚,2,蓝/精良,1,0,1,1,58,src/conf/conf_item.erl:16697
3000869,远征鞋子,150149,107,脚,2,蓝/精良,1,0,1,1,59,src/conf/conf_item.erl:16714
3000870,远征鞋子,150149,107,脚,2,蓝/精良,1,0,1,1,60,src/conf/conf_item.erl:16731
3000871,远征鞋子,150149,107,脚,2,蓝/精良,1,0,1,1,61,src/conf/conf_item.erl:16748
3000872,远征鞋子,150149,107,脚,2,蓝/精良,1,0,1,1,62,src/conf/conf_item.erl:16765
3000873,远征鞋子,150149,107,脚,2,蓝/精良,1,0,1,1,63,src/conf/conf_item.erl:16782
3000874,远征鞋子,150149,107,脚,2,蓝/精良,1,0,1,1,64,src/conf/conf_item.erl:16799
3000875,远征鞋子,150149,107,脚,2,蓝/精良,1,0,1,1,65,src/conf/conf_item.erl:16816
3000876,远征鞋子,150149,107,脚,2,蓝/精良,1,0,1,1,66,src/conf/conf_item.erl:16833
3000877,远征鞋子,150149,107,脚,2,蓝/精良,1,0,1,1,67,src/conf/conf_item.erl:16850
3000878,远征鞋子,150149,107,脚,2,蓝/精良,1,0,1,1,68,src/conf/conf_item.erl:16867
3000879,远征鞋子,150149,107,脚,2,蓝/精良,1,0,1,1,69,src/conf/conf_item.erl:16884
3000880,远征鞋子,150149,107,脚,2,蓝/精良,1,0,1,1,70,src/conf/conf_item.erl:16901
3000881,破境鞋子,150156,107,脚,2,蓝/精良,1,0,1,1,71,src/conf/conf_item.erl:16918
3000882,破境鞋子,150156,107,脚,2,蓝/精良,1,0,1,1,72,src/conf/conf_item.erl:16935
3000883,破境鞋子,150156,107,脚,2,蓝/精良,1,0,1,1,73,src/conf/conf_item.erl:16952
3000884,破境鞋子,150156,107,脚,2,蓝/精良,1,0,1,1,74,src/conf/conf_item.erl:16969
3000885,破境鞋子,150156,107,脚,2,蓝/精良,1,0,1,1,75,src/conf/conf_item.erl:16986
3000886,破境鞋子,150156,107,脚,2,蓝/精良,1,0,1,1,76,src/conf/conf_item.erl:17003
3000887,破境鞋子,150156,107,脚,2,蓝/精良,1,0,1,1,77,src/conf/conf_item.erl:17020
3000888,破境鞋子,150156,107,脚,2,蓝/精良,1,0,1,1,78,src/conf/conf_item.erl:17037
3000889,破境鞋子,150156,107,脚,2,蓝/精良,1,0,1,1,79,src/conf/conf_item.erl:17054
3000890,破境鞋子,150156,107,脚,2,蓝/精良,1,0,1,1,80,src/conf/conf_item.erl:17071
3000891,破境鞋子,150156,107,脚,2,蓝/精良,1,0,1,1,81,src/conf/conf_item.erl:17088
3000892,破境鞋子,150156,107,脚,2,蓝/精良,1,0,1,1,82,src/conf/conf_item.erl:17105
3000893,破境鞋子,150156,107,脚,2,蓝/精良,1,0,1,1,83,src/conf/conf_item.erl:17122
3000894,破境鞋子,150156,107,脚,2,蓝/精良,1,0,1,1,84,src/conf/conf_item.erl:17139
3000895,破境鞋子,150156,107,脚,2,蓝/精良,1,0,1,1,85,src/conf/conf_item.erl:17156
3000896,破境鞋子,150156,107,脚,2,蓝/精良,1,0,1,1,86,src/conf/conf_item.erl:17173
3000897,破境鞋子,150156,107,脚,2,蓝/精良,1,0,1,1,87,src/conf/conf_item.erl:17190
3000898,破境鞋子,150156,107,脚,2,蓝/精良,1,0,1,1,88,src/conf/conf_item.erl:17207
3000899,破境鞋子,150156,107,脚,2,蓝/精良,1,0,1,1,89,src/conf/conf_item.erl:17224
3000900,破境鞋子,150156,107,脚,2,蓝/精良,1,0,1,1,90,src/conf/conf_item.erl:17241
3000901,启程项链,150123,109,项链,2,蓝/精良,1,0,1,1,1,src/conf/conf_item.erl:17258
3000902,启程项链,150123,109,项链,2,蓝/精良,1,0,1,1,2,src/conf/conf_item.erl:17275
3000903,启程项链,150123,109,项链,2,蓝/精良,1,0,1,1,3,src/conf/conf_item.erl:17292
3000904,启程项链,150123,109,项链,2,蓝/精良,1,0,1,1,4,src/conf/conf_item.erl:17309
3000905,启程项链,150123,109,项链,2,蓝/精良,1,0,1,1,5,src/conf/conf_item.erl:17326
3000906,启程项链,150123,109,项链,2,蓝/精良,1,0,1,1,6,src/conf/conf_item.erl:17343
3000907,启程项链,150123,109,项链,2,蓝/精良,1,0,1,1,7,src/conf/conf_item.erl:17360
3000908,启程项链,150123,109,项链,2,蓝/精良,1,0,1,1,8,src/conf/conf_item.erl:17377
3000909,启程项链,150123,109,项链,2,蓝/精良,1,0,1,1,9,src/conf/conf_item.erl:17394
3000910,启程项链,150123,109,项链,2,蓝/精良,1,0,1,1,10,src/conf/conf_item.erl:17411
3000911,寻路项链,150130,109,项链,2,蓝/精良,1,0,1,1,11,src/conf/conf_item.erl:17428
3000912,寻路项链,150130,109,项链,2,蓝/精良,1,0,1,1,12,src/conf/conf_item.erl:17445
3000913,寻路项链,150130,109,项链,2,蓝/精良,1,0,1,1,13,src/conf/conf_item.erl:17462
3000914,寻路项链,150130,109,项链,2,蓝/精良,1,0,1,1,14,src/conf/conf_item.erl:17479
3000915,寻路项链,150130,109,项链,2,蓝/精良,1,0,1,1,15,src/conf/conf_item.erl:17496
3000916,寻路项链,150130,109,项链,2,蓝/精良,1,0,1,1,16,src/conf/conf_item.erl:17513
3000917,寻路项链,150130,109,项链,2,蓝/精良,1,0,1,1,17,src/conf/conf_item.erl:17530
3000918,寻路项链,150130,109,项链,2,蓝/精良,1,0,1,1,18,src/conf/conf_item.erl:17547
3000919,寻路项链,150130,109,项链,2,蓝/精良,1,0,1,1,19,src/conf/conf_item.erl:17564
3000920,寻路项链,150130,109,项链,2,蓝/精良,1,0,1,1,20,src/conf/conf_item.erl:17581
3000921,远行项链,150137,109,项链,2,蓝/精良,1,0,1,1,21,src/conf/conf_item.erl:17598
3000922,远行项链,150137,109,项链,2,蓝/精良,1,0,1,1,22,src/conf/conf_item.erl:17615
3000923,远行项链,150137,109,项链,2,蓝/精良,1,0,1,1,23,src/conf/conf_item.erl:17632
3000924,远行项链,150137,109,项链,2,蓝/精良,1,0,1,1,24,src/conf/conf_item.erl:17649
3000925,远行项链,150137,109,项链,2,蓝/精良,1,0,1,1,25,src/conf/conf_item.erl:17666
3000926,远行项链,150137,109,项链,2,蓝/精良,1,0,1,1,26,src/conf/conf_item.erl:17683
3000927,远行项链,150137,109,项链,2,蓝/精良,1,0,1,1,27,src/conf/conf_item.erl:17700
3000928,远行项链,150137,109,项链,2,蓝/精良,1,0,1,1,28,src/conf/conf_item.erl:17717
3000929,远行项链,150137,109,项链,2,蓝/精良,1,0,1,1,29,src/conf/conf_item.erl:17734
3000930,远行项链,150137,109,项链,2,蓝/精良,1,0,1,1,30,src/conf/conf_item.erl:17751
3000931,拓荒项链,150144,109,项链,2,蓝/精良,1,0,1,1,31,src/conf/conf_item.erl:17768
3000932,拓荒项链,150144,109,项链,2,蓝/精良,1,0,1,1,32,src/conf/conf_item.erl:17785
3000933,拓荒项链,150144,109,项链,2,蓝/精良,1,0,1,1,33,src/conf/conf_item.erl:17802
3000934,拓荒项链,150144,109,项链,2,蓝/精良,1,0,1,1,34,src/conf/conf_item.erl:17819
3000935,拓荒项链,150144,109,项链,2,蓝/精良,1,0,1,1,35,src/conf/conf_item.erl:17836
3000936,拓荒项链,150144,109,项链,2,蓝/精良,1,0,1,1,36,src/conf/conf_item.erl:17853
3000937,拓荒项链,150144,109,项链,2,蓝/精良,1,0,1,1,37,src/conf/conf_item.erl:17870
3000938,拓荒项链,150144,109,项链,2,蓝/精良,1,0,1,1,38,src/conf/conf_item.erl:17887
3000939,拓荒项链,150144,109,项链,2,蓝/精良,1,0,1,1,39,src/conf/conf_item.erl:17904
3000940,拓荒项链,150144,109,项链,2,蓝/精良,1,0,1,1,40,src/conf/conf_item.erl:17921
3000941,拓荒项链,150144,109,项链,2,蓝/精良,1,0,1,1,41,src/conf/conf_item.erl:17938
3000942,拓荒项链,150144,109,项链,2,蓝/精良,1,0,1,1,42,src/conf/conf_item.erl:17955
3000943,拓荒项链,150144,109,项链,2,蓝/精良,1,0,1,1,43,src/conf/conf_item.erl:17972
3000944,拓荒项链,150144,109,项链,2,蓝/精良,1,0,1,1,44,src/conf/conf_item.erl:17989
3000945,拓荒项链,150144,109,项链,2,蓝/精良,1,0,1,1,45,src/conf/conf_item.erl:18006
3000946,拓荒项链,150144,109,项链,2,蓝/精良,1,0,1,1,46,src/conf/conf_item.erl:18023
3000947,拓荒项链,150144,109,项链,2,蓝/精良,1,0,1,1,47,src/conf/conf_item.erl:18040
3000948,拓荒项链,150144,109,项链,2,蓝/精良,1,0,1,1,48,src/conf/conf_item.erl:18057
3000949,拓荒项链,150144,109,项链,2,蓝/精良,1,0,1,1,49,src/conf/conf_item.erl:18074
3000950,拓荒项链,150144,109,项链,2,蓝/精良,1,0,1,1,50,src/conf/conf_item.erl:18091
3000951,远征项链,150151,109,项链,2,蓝/精良,1,0,1,1,51,src/conf/conf_item.erl:18108
3000952,远征项链,150151,109,项链,2,蓝/精良,1,0,1,1,52,src/conf/conf_item.erl:18125
3000953,远征项链,150151,109,项链,2,蓝/精良,1,0,1,1,53,src/conf/conf_item.erl:18142
3000954,远征项链,150151,109,项链,2,蓝/精良,1,0,1,1,54,src/conf/conf_item.erl:18159
3000955,远征项链,150151,109,项链,2,蓝/精良,1,0,1,1,55,src/conf/conf_item.erl:18176
3000956,远征项链,150151,109,项链,2,蓝/精良,1,0,1,1,56,src/conf/conf_item.erl:18193
3000957,远征项链,150151,109,项链,2,蓝/精良,1,0,1,1,57,src/conf/conf_item.erl:18210
3000958,远征项链,150151,109,项链,2,蓝/精良,1,0,1,1,58,src/conf/conf_item.erl:18227
3000959,远征项链,150151,109,项链,2,蓝/精良,1,0,1,1,59,src/conf/conf_item.erl:18244
3000960,远征项链,150151,109,项链,2,蓝/精良,1,0,1,1,60,src/conf/conf_item.erl:18261
3000961,远征项链,150151,109,项链,2,蓝/精良,1,0,1,1,61,src/conf/conf_item.erl:18278
3000962,远征项链,150151,109,项链,2,蓝/精良,1,0,1,1,62,src/conf/conf_item.erl:18295
3000963,远征项链,150151,109,项链,2,蓝/精良,1,0,1,1,63,src/conf/conf_item.erl:18312
3000964,远征项链,150151,109,项链,2,蓝/精良,1,0,1,1,64,src/conf/conf_item.erl:18329
3000965,远征项链,150151,109,项链,2,蓝/精良,1,0,1,1,65,src/conf/conf_item.erl:18346
3000966,远征项链,150151,109,项链,2,蓝/精良,1,0,1,1,66,src/conf/conf_item.erl:18363
3000967,远征项链,150151,109,项链,2,蓝/精良,1,0,1,1,67,src/conf/conf_item.erl:18380
3000968,远征项链,150151,109,项链,2,蓝/精良,1,0,1,1,68,src/conf/conf_item.erl:18397
3000969,远征项链,150151,109,项链,2,蓝/精良,1,0,1,1,69,src/conf/conf_item.erl:18414
3000970,远征项链,150151,109,项链,2,蓝/精良,1,0,1,1,70,src/conf/conf_item.erl:18431
3000971,破境项链,150158,109,项链,2,蓝/精良,1,0,1,1,71,src/conf/conf_item.erl:18448
3000972,破境项链,150158,109,项链,2,蓝/精良,1,0,1,1,72,src/conf/conf_item.erl:18465
3000973,破境项链,150158,109,项链,2,蓝/精良,1,0,1,1,73,src/conf/conf_item.erl:18482
3000974,破境项链,150158,109,项链,2,蓝/精良,1,0,1,1,74,src/conf/conf_item.erl:18499
3000975,破境项链,150158,109,项链,2,蓝/精良,1,0,1,1,75,src/conf/conf_item.erl:18516
3000976,破境项链,150158,109,项链,2,蓝/精良,1,0,1,1,76,src/conf/conf_item.erl:18533
3000977,破境项链,150158,109,项链,2,蓝/精良,1,0,1,1,77,src/conf/conf_item.erl:18550
3000978,破境项链,150158,109,项链,2,蓝/精良,1,0,1,1,78,src/conf/conf_item.erl:18567
3000979,破境项链,150158,109,项链,2,蓝/精良,1,0,1,1,79,src/conf/conf_item.erl:18584
3000980,破境项链,150158,109,项链,2,蓝/精良,1,0,1,1,80,src/conf/conf_item.erl:18601
3000981,破境项链,150158,109,项链,2,蓝/精良,1,0,1,1,81,src/conf/conf_item.erl:18618
3000982,破境项链,150158,109,项链,2,蓝/精良,1,0,1,1,82,src/conf/conf_item.erl:18635
3000983,破境项链,150158,109,项链,2,蓝/精良,1,0,1,1,83,src/conf/conf_item.erl:18652
3000984,破境项链,150158,109,项链,2,蓝/精良,1,0,1,1,84,src/conf/conf_item.erl:18669
3000985,破境项链,150158,109,项链,2,蓝/精良,1,0,1,1,85,src/conf/conf_item.erl:18686
3000986,破境项链,150158,109,项链,2,蓝/精良,1,0,1,1,86,src/conf/conf_item.erl:18703
3000987,破境项链,150158,109,项链,2,蓝/精良,1,0,1,1,87,src/conf/conf_item.erl:18720
3000988,破境项链,150158,109,项链,2,蓝/精良,1,0,1,1,88,src/conf/conf_item.erl:18737
3000989,破境项链,150158,109,项链,2,蓝/精良,1,0,1,1,89,src/conf/conf_item.erl:18754
3000990,破境项链,150158,109,项链,2,蓝/精良,1,0,1,1,90,src/conf/conf_item.erl:18771
3000991,启程戒指,150122,108,戒指,2,蓝/精良,1,0,1,1,1,src/conf/conf_item.erl:18788
3000992,启程戒指,150122,108,戒指,2,蓝/精良,1,0,1,1,2,src/conf/conf_item.erl:18805
3000993,启程戒指,150122,108,戒指,2,蓝/精良,1,0,1,1,3,src/conf/conf_item.erl:18822
3000994,启程戒指,150122,108,戒指,2,蓝/精良,1,0,1,1,4,src/conf/conf_item.erl:18839
3000995,启程戒指,150122,108,戒指,2,蓝/精良,1,0,1,1,5,src/conf/conf_item.erl:18856
3000996,启程戒指,150122,108,戒指,2,蓝/精良,1,0,1,1,6,src/conf/conf_item.erl:18873
3000997,启程戒指,150122,108,戒指,2,蓝/精良,1,0,1,1,7,src/conf/conf_item.erl:18890
3000998,启程戒指,150122,108,戒指,2,蓝/精良,1,0,1,1,8,src/conf/conf_item.erl:18907
3000999,启程戒指,150122,108,戒指,2,蓝/精良,1,0,1,1,9,src/conf/conf_item.erl:18924
3001000,启程戒指,150122,108,戒指,2,蓝/精良,1,0,1,1,10,src/conf/conf_item.erl:18941
3001001,寻路戒指,150129,108,戒指,2,蓝/精良,1,0,1,1,11,src/conf/conf_item.erl:18958
3001002,寻路戒指,150129,108,戒指,2,蓝/精良,1,0,1,1,12,src/conf/conf_item.erl:18975
3001003,寻路戒指,150129,108,戒指,2,蓝/精良,1,0,1,1,13,src/conf/conf_item.erl:18992
3001004,寻路戒指,150129,108,戒指,2,蓝/精良,1,0,1,1,14,src/conf/conf_item.erl:19009
3001005,寻路戒指,150129,108,戒指,2,蓝/精良,1,0,1,1,15,src/conf/conf_item.erl:19026
3001006,寻路戒指,150129,108,戒指,2,蓝/精良,1,0,1,1,16,src/conf/conf_item.erl:19043
3001007,寻路戒指,150129,108,戒指,2,蓝/精良,1,0,1,1,17,src/conf/conf_item.erl:19060
3001008,寻路戒指,150129,108,戒指,2,蓝/精良,1,0,1,1,18,src/conf/conf_item.erl:19077
3001009,寻路戒指,150129,108,戒指,2,蓝/精良,1,0,1,1,19,src/conf/conf_item.erl:19094
3001010,寻路戒指,150129,108,戒指,2,蓝/精良,1,0,1,1,20,src/conf/conf_item.erl:19111
3001011,远行戒指,150136,108,戒指,2,蓝/精良,1,0,1,1,21,src/conf/conf_item.erl:19128
3001012,远行戒指,150136,108,戒指,2,蓝/精良,1,0,1,1,22,src/conf/conf_item.erl:19145
3001013,远行戒指,150136,108,戒指,2,蓝/精良,1,0,1,1,23,src/conf/conf_item.erl:19162
3001014,远行戒指,150136,108,戒指,2,蓝/精良,1,0,1,1,24,src/conf/conf_item.erl:19179
3001015,远行戒指,150136,108,戒指,2,蓝/精良,1,0,1,1,25,src/conf/conf_item.erl:19196
3001016,远行戒指,150136,108,戒指,2,蓝/精良,1,0,1,1,26,src/conf/conf_item.erl:19213
3001017,远行戒指,150136,108,戒指,2,蓝/精良,1,0,1,1,27,src/conf/conf_item.erl:19230
3001018,远行戒指,150136,108,戒指,2,蓝/精良,1,0,1,1,28,src/conf/conf_item.erl:19247
3001019,远行戒指,150136,108,戒指,2,蓝/精良,1,0,1,1,29,src/conf/conf_item.erl:19264
3001020,远行戒指,150136,108,戒指,2,蓝/精良,1,0,1,1,30,src/conf/conf_item.erl:19281
3001021,拓荒戒指,150143,108,戒指,2,蓝/精良,1,0,1,1,31,src/conf/conf_item.erl:19298
3001022,拓荒戒指,150143,108,戒指,2,蓝/精良,1,0,1,1,32,src/conf/conf_item.erl:19315
3001023,拓荒戒指,150143,108,戒指,2,蓝/精良,1,0,1,1,33,src/conf/conf_item.erl:19332
3001024,拓荒戒指,150143,108,戒指,2,蓝/精良,1,0,1,1,34,src/conf/conf_item.erl:19349
3001025,拓荒戒指,150143,108,戒指,2,蓝/精良,1,0,1,1,35,src/conf/conf_item.erl:19366
3001026,拓荒戒指,150143,108,戒指,2,蓝/精良,1,0,1,1,36,src/conf/conf_item.erl:19383
3001027,拓荒戒指,150143,108,戒指,2,蓝/精良,1,0,1,1,37,src/conf/conf_item.erl:19400
3001028,拓荒戒指,150143,108,戒指,2,蓝/精良,1,0,1,1,38,src/conf/conf_item.erl:19417
3001029,拓荒戒指,150143,108,戒指,2,蓝/精良,1,0,1,1,39,src/conf/conf_item.erl:19434
3001030,拓荒戒指,150143,108,戒指,2,蓝/精良,1,0,1,1,40,src/conf/conf_item.erl:19451
3001031,拓荒戒指,150143,108,戒指,2,蓝/精良,1,0,1,1,41,src/conf/conf_item.erl:19468
3001032,拓荒戒指,150143,108,戒指,2,蓝/精良,1,0,1,1,42,src/conf/conf_item.erl:19485
3001033,拓荒戒指,150143,108,戒指,2,蓝/精良,1,0,1,1,43,src/conf/conf_item.erl:19502
3001034,拓荒戒指,150143,108,戒指,2,蓝/精良,1,0,1,1,44,src/conf/conf_item.erl:19519
3001035,拓荒戒指,150143,108,戒指,2,蓝/精良,1,0,1,1,45,src/conf/conf_item.erl:19536
3001036,拓荒戒指,150143,108,戒指,2,蓝/精良,1,0,1,1,46,src/conf/conf_item.erl:19553
3001037,拓荒戒指,150143,108,戒指,2,蓝/精良,1,0,1,1,47,src/conf/conf_item.erl:19570
3001038,拓荒戒指,150143,108,戒指,2,蓝/精良,1,0,1,1,48,src/conf/conf_item.erl:19587
3001039,拓荒戒指,150143,108,戒指,2,蓝/精良,1,0,1,1,49,src/conf/conf_item.erl:19604
3001040,拓荒戒指,150143,108,戒指,2,蓝/精良,1,0,1,1,50,src/conf/conf_item.erl:19621
3001041,远征戒指,150150,108,戒指,2,蓝/精良,1,0,1,1,51,src/conf/conf_item.erl:19638
3001042,远征戒指,150150,108,戒指,2,蓝/精良,1,0,1,1,52,src/conf/conf_item.erl:19655
3001043,远征戒指,150150,108,戒指,2,蓝/精良,1,0,1,1,53,src/conf/conf_item.erl:19672
3001044,远征戒指,150150,108,戒指,2,蓝/精良,1,0,1,1,54,src/conf/conf_item.erl:19689
3001045,远征戒指,150150,108,戒指,2,蓝/精良,1,0,1,1,55,src/conf/conf_item.erl:19706
3001046,远征戒指,150150,108,戒指,2,蓝/精良,1,0,1,1,56,src/conf/conf_item.erl:19723
3001047,远征戒指,150150,108,戒指,2,蓝/精良,1,0,1,1,57,src/conf/conf_item.erl:19740
3001048,远征戒指,150150,108,戒指,2,蓝/精良,1,0,1,1,58,src/conf/conf_item.erl:19757
3001049,远征戒指,150150,108,戒指,2,蓝/精良,1,0,1,1,59,src/conf/conf_item.erl:19774
3001050,远征戒指,150150,108,戒指,2,蓝/精良,1,0,1,1,60,src/conf/conf_item.erl:19791
3001051,远征戒指,150150,108,戒指,2,蓝/精良,1,0,1,1,61,src/conf/conf_item.erl:19808
3001052,远征戒指,150150,108,戒指,2,蓝/精良,1,0,1,1,62,src/conf/conf_item.erl:19825
3001053,远征戒指,150150,108,戒指,2,蓝/精良,1,0,1,1,63,src/conf/conf_item.erl:19842
3001054,远征戒指,150150,108,戒指,2,蓝/精良,1,0,1,1,64,src/conf/conf_item.erl:19859
3001055,远征戒指,150150,108,戒指,2,蓝/精良,1,0,1,1,65,src/conf/conf_item.erl:19876
3001056,远征戒指,150150,108,戒指,2,蓝/精良,1,0,1,1,66,src/conf/conf_item.erl:19893
3001057,远征戒指,150150,108,戒指,2,蓝/精良,1,0,1,1,67,src/conf/conf_item.erl:19910
3001058,远征戒指,150150,108,戒指,2,蓝/精良,1,0,1,1,68,src/conf/conf_item.erl:19927
3001059,远征戒指,150150,108,戒指,2,蓝/精良,1,0,1,1,69,src/conf/conf_item.erl:19944
3001060,远征戒指,150150,108,戒指,2,蓝/精良,1,0,1,1,70,src/conf/conf_item.erl:19961
3001061,破境戒指,150157,108,戒指,2,蓝/精良,1,0,1,1,71,src/conf/conf_item.erl:19978
3001062,破境戒指,150157,108,戒指,2,蓝/精良,1,0,1,1,72,src/conf/conf_item.erl:19995
3001063,破境戒指,150157,108,戒指,2,蓝/精良,1,0,1,1,73,src/conf/conf_item.erl:20012
3001064,破境戒指,150157,108,戒指,2,蓝/精良,1,0,1,1,74,src/conf/conf_item.erl:20029
3001065,破境戒指,150157,108,戒指,2,蓝/精良,1,0,1,1,75,src/conf/conf_item.erl:20046
3001066,破境戒指,150157,108,戒指,2,蓝/精良,1,0,1,1,76,src/conf/conf_item.erl:20063
3001067,破境戒指,150157,108,戒指,2,蓝/精良,1,0,1,1,77,src/conf/conf_item.erl:20080
3001068,破境戒指,150157,108,戒指,2,蓝/精良,1,0,1,1,78,src/conf/conf_item.erl:20097
3001069,破境戒指,150157,108,戒指,2,蓝/精良,1,0,1,1,79,src/conf/conf_item.erl:20114
3001070,破境戒指,150157,108,戒指,2,蓝/精良,1,0,1,1,80,src/conf/conf_item.erl:20131
3001071,破境戒指,150157,108,戒指,2,蓝/精良,1,0,1,1,81,src/conf/conf_item.erl:20148
3001072,破境戒指,150157,108,戒指,2,蓝/精良,1,0,1,1,82,src/conf/conf_item.erl:20165
3001073,破境戒指,150157,108,戒指,2,蓝/精良,1,0,1,1,83,src/conf/conf_item.erl:20182
3001074,破境戒指,150157,108,戒指,2,蓝/精良,1,0,1,1,84,src/conf/conf_item.erl:20199
3001075,破境戒指,150157,108,戒指,2,蓝/精良,1,0,1,1,85,src/conf/conf_item.erl:20216
3001076,破境戒指,150157,108,戒指,2,蓝/精良,1,0,1,1,86,src/conf/conf_item.erl:20233
3001077,破境戒指,150157,108,戒指,2,蓝/精良,1,0,1,1,87,src/conf/conf_item.erl:20250
3001078,破境戒指,150157,108,戒指,2,蓝/精良,1,0,1,1,88,src/conf/conf_item.erl:20267
3001079,破境戒指,150157,108,戒指,2,蓝/精良,1,0,1,1,89,src/conf/conf_item.erl:20284
3001080,破境戒指,150157,108,戒指,2,蓝/精良,1,0,1,1,90,src/conf/conf_item.erl:20301
3001081,启程头盔,150118,104,头部,3,紫/稀世,1,0,1,1,1,src/conf/conf_item.erl:20318
3001082,启程头盔,150118,104,头部,3,紫/稀世,1,0,1,1,2,src/conf/conf_item.erl:20335
3001083,启程头盔,150118,104,头部,3,紫/稀世,1,0,1,1,3,src/conf/conf_item.erl:20352
3001084,启程头盔,150118,104,头部,3,紫/稀世,1,0,1,1,4,src/conf/conf_item.erl:20369
3001085,启程头盔,150118,104,头部,3,紫/稀世,1,0,1,1,5,src/conf/conf_item.erl:20386
3001086,启程头盔,150118,104,头部,3,紫/稀世,1,0,1,1,6,src/conf/conf_item.erl:20403
3001087,启程头盔,150118,104,头部,3,紫/稀世,1,0,1,1,7,src/conf/conf_item.erl:20420
3001088,启程头盔,150118,104,头部,3,紫/稀世,1,0,1,1,8,src/conf/conf_item.erl:20437
3001089,启程头盔,150118,104,头部,3,紫/稀世,1,0,1,1,9,src/conf/conf_item.erl:20454
3001090,启程头盔,150118,104,头部,3,紫/稀世,1,0,1,1,10,src/conf/conf_item.erl:20471
3001091,寻路头盔,150125,104,头部,3,紫/稀世,1,0,1,1,11,src/conf/conf_item.erl:20488
3001092,寻路头盔,150125,104,头部,3,紫/稀世,1,0,1,1,12,src/conf/conf_item.erl:20505
3001093,寻路头盔,150125,104,头部,3,紫/稀世,1,0,1,1,13,src/conf/conf_item.erl:20522
3001094,寻路头盔,150125,104,头部,3,紫/稀世,1,0,1,1,14,src/conf/conf_item.erl:20539
3001095,寻路头盔,150125,104,头部,3,紫/稀世,1,0,1,1,15,src/conf/conf_item.erl:20556
3001096,寻路头盔,150125,104,头部,3,紫/稀世,1,0,1,1,16,src/conf/conf_item.erl:20573
3001097,寻路头盔,150125,104,头部,3,紫/稀世,1,0,1,1,17,src/conf/conf_item.erl:20590
3001098,寻路头盔,150125,104,头部,3,紫/稀世,1,0,1,1,18,src/conf/conf_item.erl:20607
3001099,寻路头盔,150125,104,头部,3,紫/稀世,1,0,1,1,19,src/conf/conf_item.erl:20624
3001100,寻路头盔,150125,104,头部,3,紫/稀世,1,0,1,1,20,src/conf/conf_item.erl:20641
3001101,远行头盔,150132,104,头部,3,紫/稀世,1,0,1,1,21,src/conf/conf_item.erl:20658
3001102,远行头盔,150132,104,头部,3,紫/稀世,1,0,1,1,22,src/conf/conf_item.erl:20675
3001103,远行头盔,150132,104,头部,3,紫/稀世,1,0,1,1,23,src/conf/conf_item.erl:20692
3001104,远行头盔,150132,104,头部,3,紫/稀世,1,0,1,1,24,src/conf/conf_item.erl:20709
3001105,远行头盔,150132,104,头部,3,紫/稀世,1,0,1,1,25,src/conf/conf_item.erl:20726
3001106,远行头盔,150132,104,头部,3,紫/稀世,1,0,1,1,26,src/conf/conf_item.erl:20743
3001107,远行头盔,150132,104,头部,3,紫/稀世,1,0,1,1,27,src/conf/conf_item.erl:20760
3001108,远行头盔,150132,104,头部,3,紫/稀世,1,0,1,1,28,src/conf/conf_item.erl:20777
3001109,远行头盔,150132,104,头部,3,紫/稀世,1,0,1,1,29,src/conf/conf_item.erl:20794
3001110,远行头盔,150132,104,头部,3,紫/稀世,1,0,1,1,30,src/conf/conf_item.erl:20811
3001111,拓荒头盔,150139,104,头部,3,紫/稀世,1,0,1,1,31,src/conf/conf_item.erl:20828
3001112,拓荒头盔,150139,104,头部,3,紫/稀世,1,0,1,1,32,src/conf/conf_item.erl:20845
3001113,拓荒头盔,150139,104,头部,3,紫/稀世,1,0,1,1,33,src/conf/conf_item.erl:20862
3001114,拓荒头盔,150139,104,头部,3,紫/稀世,1,0,1,1,34,src/conf/conf_item.erl:20879
3001115,拓荒头盔,150139,104,头部,3,紫/稀世,1,0,1,1,35,src/conf/conf_item.erl:20896
3001116,拓荒头盔,150139,104,头部,3,紫/稀世,1,0,1,1,36,src/conf/conf_item.erl:20913
3001117,拓荒头盔,150139,104,头部,3,紫/稀世,1,0,1,1,37,src/conf/conf_item.erl:20930
3001118,拓荒头盔,150139,104,头部,3,紫/稀世,1,0,1,1,38,src/conf/conf_item.erl:20947
3001119,拓荒头盔,150139,104,头部,3,紫/稀世,1,0,1,1,39,src/conf/conf_item.erl:20964
3001120,拓荒头盔,150139,104,头部,3,紫/稀世,1,0,1,1,40,src/conf/conf_item.erl:20981
3001121,拓荒头盔,150139,104,头部,3,紫/稀世,1,0,1,1,41,src/conf/conf_item.erl:20998
3001122,拓荒头盔,150139,104,头部,3,紫/稀世,1,0,1,1,42,src/conf/conf_item.erl:21015
3001123,拓荒头盔,150139,104,头部,3,紫/稀世,1,0,1,1,43,src/conf/conf_item.erl:21032
3001124,拓荒头盔,150139,104,头部,3,紫/稀世,1,0,1,1,44,src/conf/conf_item.erl:21049
3001125,拓荒头盔,150139,104,头部,3,紫/稀世,1,0,1,1,45,src/conf/conf_item.erl:21066
3001126,拓荒头盔,150139,104,头部,3,紫/稀世,1,0,1,1,46,src/conf/conf_item.erl:21083
3001127,拓荒头盔,150139,104,头部,3,紫/稀世,1,0,1,1,47,src/conf/conf_item.erl:21100
3001128,拓荒头盔,150139,104,头部,3,紫/稀世,1,0,1,1,48,src/conf/conf_item.erl:21117
3001129,拓荒头盔,150139,104,头部,3,紫/稀世,1,0,1,1,49,src/conf/conf_item.erl:21134
3001130,拓荒头盔,150139,104,头部,3,紫/稀世,1,0,1,1,50,src/conf/conf_item.erl:21151
3001131,远征头盔,150146,104,头部,3,紫/稀世,1,0,1,1,51,src/conf/conf_item.erl:21168
3001132,远征头盔,150146,104,头部,3,紫/稀世,1,0,1,1,52,src/conf/conf_item.erl:21185
3001133,远征头盔,150146,104,头部,3,紫/稀世,1,0,1,1,53,src/conf/conf_item.erl:21202
3001134,远征头盔,150146,104,头部,3,紫/稀世,1,0,1,1,54,src/conf/conf_item.erl:21219
3001135,远征头盔,150146,104,头部,3,紫/稀世,1,0,1,1,55,src/conf/conf_item.erl:21236
3001136,远征头盔,150146,104,头部,3,紫/稀世,1,0,1,1,56,src/conf/conf_item.erl:21253
3001137,远征头盔,150146,104,头部,3,紫/稀世,1,0,1,1,57,src/conf/conf_item.erl:21270
3001138,远征头盔,150146,104,头部,3,紫/稀世,1,0,1,1,58,src/conf/conf_item.erl:21287
3001139,远征头盔,150146,104,头部,3,紫/稀世,1,0,1,1,59,src/conf/conf_item.erl:21304
3001140,远征头盔,150146,104,头部,3,紫/稀世,1,0,1,1,60,src/conf/conf_item.erl:21321
3001141,远征头盔,150146,104,头部,3,紫/稀世,1,0,1,1,61,src/conf/conf_item.erl:21338
3001142,远征头盔,150146,104,头部,3,紫/稀世,1,0,1,1,62,src/conf/conf_item.erl:21355
3001143,远征头盔,150146,104,头部,3,紫/稀世,1,0,1,1,63,src/conf/conf_item.erl:21372
3001144,远征头盔,150146,104,头部,3,紫/稀世,1,0,1,1,64,src/conf/conf_item.erl:21389
3001145,远征头盔,150146,104,头部,3,紫/稀世,1,0,1,1,65,src/conf/conf_item.erl:21406
3001146,远征头盔,150146,104,头部,3,紫/稀世,1,0,1,1,66,src/conf/conf_item.erl:21423
3001147,远征头盔,150146,104,头部,3,紫/稀世,1,0,1,1,67,src/conf/conf_item.erl:21440
3001148,远征头盔,150146,104,头部,3,紫/稀世,1,0,1,1,68,src/conf/conf_item.erl:21457
3001149,远征头盔,150146,104,头部,3,紫/稀世,1,0,1,1,69,src/conf/conf_item.erl:21474
3001150,远征头盔,150146,104,头部,3,紫/稀世,1,0,1,1,70,src/conf/conf_item.erl:21491
3001151,破境头盔,150153,104,头部,3,紫/稀世,1,0,1,1,71,src/conf/conf_item.erl:21508
3001152,破境头盔,150153,104,头部,3,紫/稀世,1,0,1,1,72,src/conf/conf_item.erl:21525
3001153,破境头盔,150153,104,头部,3,紫/稀世,1,0,1,1,73,src/conf/conf_item.erl:21542
3001154,破境头盔,150153,104,头部,3,紫/稀世,1,0,1,1,74,src/conf/conf_item.erl:21559
3001155,破境头盔,150153,104,头部,3,紫/稀世,1,0,1,1,75,src/conf/conf_item.erl:21576
3001156,破境头盔,150153,104,头部,3,紫/稀世,1,0,1,1,76,src/conf/conf_item.erl:21593
3001157,破境头盔,150153,104,头部,3,紫/稀世,1,0,1,1,77,src/conf/conf_item.erl:21610
3001158,破境头盔,150153,104,头部,3,紫/稀世,1,0,1,1,78,src/conf/conf_item.erl:21627
3001159,破境头盔,150153,104,头部,3,紫/稀世,1,0,1,1,79,src/conf/conf_item.erl:21644
3001160,破境头盔,150153,104,头部,3,紫/稀世,1,0,1,1,80,src/conf/conf_item.erl:21661
3001161,破境头盔,150153,104,头部,3,紫/稀世,1,0,1,1,81,src/conf/conf_item.erl:21678
3001162,破境头盔,150153,104,头部,3,紫/稀世,1,0,1,1,82,src/conf/conf_item.erl:21695
3001163,破境头盔,150153,104,头部,3,紫/稀世,1,0,1,1,83,src/conf/conf_item.erl:21712
3001164,破境头盔,150153,104,头部,3,紫/稀世,1,0,1,1,84,src/conf/conf_item.erl:21729
3001165,破境头盔,150153,104,头部,3,紫/稀世,1,0,1,1,85,src/conf/conf_item.erl:21746
3001166,破境头盔,150153,104,头部,3,紫/稀世,1,0,1,1,86,src/conf/conf_item.erl:21763
3001167,破境头盔,150153,104,头部,3,紫/稀世,1,0,1,1,87,src/conf/conf_item.erl:21780
3001168,破境头盔,150153,104,头部,3,紫/稀世,1,0,1,1,88,src/conf/conf_item.erl:21797
3001169,破境头盔,150153,104,头部,3,紫/稀世,1,0,1,1,89,src/conf/conf_item.erl:21814
3001170,破境头盔,150153,104,头部,3,紫/稀世,1,0,1,1,90,src/conf/conf_item.erl:21831
3001171,启程披风,150119,105,披风,3,紫/稀世,1,0,1,1,1,src/conf/conf_item.erl:21848
3001172,启程披风,150119,105,披风,3,紫/稀世,1,0,1,1,2,src/conf/conf_item.erl:21865
3001173,启程披风,150119,105,披风,3,紫/稀世,1,0,1,1,3,src/conf/conf_item.erl:21882
3001174,启程披风,150119,105,披风,3,紫/稀世,1,0,1,1,4,src/conf/conf_item.erl:21899
3001175,启程披风,150119,105,披风,3,紫/稀世,1,0,1,1,5,src/conf/conf_item.erl:21916
3001176,启程披风,150119,105,披风,3,紫/稀世,1,0,1,1,6,src/conf/conf_item.erl:21933
3001177,启程披风,150119,105,披风,3,紫/稀世,1,0,1,1,7,src/conf/conf_item.erl:21950
3001178,启程披风,150119,105,披风,3,紫/稀世,1,0,1,1,8,src/conf/conf_item.erl:21967
3001179,启程披风,150119,105,披风,3,紫/稀世,1,0,1,1,9,src/conf/conf_item.erl:21984
3001180,启程披风,150119,105,披风,3,紫/稀世,1,0,1,1,10,src/conf/conf_item.erl:22001
3001181,寻路披风,150126,105,披风,3,紫/稀世,1,0,1,1,11,src/conf/conf_item.erl:22018
3001182,寻路披风,150126,105,披风,3,紫/稀世,1,0,1,1,12,src/conf/conf_item.erl:22035
3001183,寻路披风,150126,105,披风,3,紫/稀世,1,0,1,1,13,src/conf/conf_item.erl:22052
3001184,寻路披风,150126,105,披风,3,紫/稀世,1,0,1,1,14,src/conf/conf_item.erl:22069
3001185,寻路披风,150126,105,披风,3,紫/稀世,1,0,1,1,15,src/conf/conf_item.erl:22086
3001186,寻路披风,150126,105,披风,3,紫/稀世,1,0,1,1,16,src/conf/conf_item.erl:22103
3001187,寻路披风,150126,105,披风,3,紫/稀世,1,0,1,1,17,src/conf/conf_item.erl:22120
3001188,寻路披风,150126,105,披风,3,紫/稀世,1,0,1,1,18,src/conf/conf_item.erl:22137
3001189,寻路披风,150126,105,披风,3,紫/稀世,1,0,1,1,19,src/conf/conf_item.erl:22154
3001190,寻路披风,150126,105,披风,3,紫/稀世,1,0,1,1,20,src/conf/conf_item.erl:22171
3001191,远行披风,150133,105,披风,3,紫/稀世,1,0,1,1,21,src/conf/conf_item.erl:22188
3001192,远行披风,150133,105,披风,3,紫/稀世,1,0,1,1,22,src/conf/conf_item.erl:22205
3001193,远行披风,150133,105,披风,3,紫/稀世,1,0,1,1,23,src/conf/conf_item.erl:22222
3001194,远行披风,150133,105,披风,3,紫/稀世,1,0,1,1,24,src/conf/conf_item.erl:22239
3001195,远行披风,150133,105,披风,3,紫/稀世,1,0,1,1,25,src/conf/conf_item.erl:22256
3001196,远行披风,150133,105,披风,3,紫/稀世,1,0,1,1,26,src/conf/conf_item.erl:22273
3001197,远行披风,150133,105,披风,3,紫/稀世,1,0,1,1,27,src/conf/conf_item.erl:22290
3001198,远行披风,150133,105,披风,3,紫/稀世,1,0,1,1,28,src/conf/conf_item.erl:22307
3001199,远行披风,150133,105,披风,3,紫/稀世,1,0,1,1,29,src/conf/conf_item.erl:22324
3001200,远行披风,150133,105,披风,3,紫/稀世,1,0,1,1,30,src/conf/conf_item.erl:22341
3001201,拓荒披风,150140,105,披风,3,紫/稀世,1,0,1,1,31,src/conf/conf_item.erl:22358
3001202,拓荒披风,150140,105,披风,3,紫/稀世,1,0,1,1,32,src/conf/conf_item.erl:22375
3001203,拓荒披风,150140,105,披风,3,紫/稀世,1,0,1,1,33,src/conf/conf_item.erl:22392
3001204,拓荒披风,150140,105,披风,3,紫/稀世,1,0,1,1,34,src/conf/conf_item.erl:22409
3001205,拓荒披风,150140,105,披风,3,紫/稀世,1,0,1,1,35,src/conf/conf_item.erl:22426
3001206,拓荒披风,150140,105,披风,3,紫/稀世,1,0,1,1,36,src/conf/conf_item.erl:22443
3001207,拓荒披风,150140,105,披风,3,紫/稀世,1,0,1,1,37,src/conf/conf_item.erl:22460
3001208,拓荒披风,150140,105,披风,3,紫/稀世,1,0,1,1,38,src/conf/conf_item.erl:22477
3001209,拓荒披风,150140,105,披风,3,紫/稀世,1,0,1,1,39,src/conf/conf_item.erl:22494
3001210,拓荒披风,150140,105,披风,3,紫/稀世,1,0,1,1,40,src/conf/conf_item.erl:22511
3001211,拓荒披风,150140,105,披风,3,紫/稀世,1,0,1,1,41,src/conf/conf_item.erl:22528
3001212,拓荒披风,150140,105,披风,3,紫/稀世,1,0,1,1,42,src/conf/conf_item.erl:22545
3001213,拓荒披风,150140,105,披风,3,紫/稀世,1,0,1,1,43,src/conf/conf_item.erl:22562
3001214,拓荒披风,150140,105,披风,3,紫/稀世,1,0,1,1,44,src/conf/conf_item.erl:22579
3001215,拓荒披风,150140,105,披风,3,紫/稀世,1,0,1,1,45,src/conf/conf_item.erl:22596
3001216,拓荒披风,150140,105,披风,3,紫/稀世,1,0,1,1,46,src/conf/conf_item.erl:22613
3001217,拓荒披风,150140,105,披风,3,紫/稀世,1,0,1,1,47,src/conf/conf_item.erl:22630
3001218,拓荒披风,150140,105,披风,3,紫/稀世,1,0,1,1,48,src/conf/conf_item.erl:22647
3001219,拓荒披风,150140,105,披风,3,紫/稀世,1,0,1,1,49,src/conf/conf_item.erl:22664
3001220,拓荒披风,150140,105,披风,3,紫/稀世,1,0,1,1,50,src/conf/conf_item.erl:22681
3001221,远征披风,150147,105,披风,3,紫/稀世,1,0,1,1,51,src/conf/conf_item.erl:22698
3001222,远征披风,150147,105,披风,3,紫/稀世,1,0,1,1,52,src/conf/conf_item.erl:22715
3001223,远征披风,150147,105,披风,3,紫/稀世,1,0,1,1,53,src/conf/conf_item.erl:22732
3001224,远征披风,150147,105,披风,3,紫/稀世,1,0,1,1,54,src/conf/conf_item.erl:22749
3001225,远征披风,150147,105,披风,3,紫/稀世,1,0,1,1,55,src/conf/conf_item.erl:22766
3001226,远征披风,150147,105,披风,3,紫/稀世,1,0,1,1,56,src/conf/conf_item.erl:22783
3001227,远征披风,150147,105,披风,3,紫/稀世,1,0,1,1,57,src/conf/conf_item.erl:22800
3001228,远征披风,150147,105,披风,3,紫/稀世,1,0,1,1,58,src/conf/conf_item.erl:22817
3001229,远征披风,150147,105,披风,3,紫/稀世,1,0,1,1,59,src/conf/conf_item.erl:22834
3001230,远征披风,150147,105,披风,3,紫/稀世,1,0,1,1,60,src/conf/conf_item.erl:22851
3001231,远征披风,150147,105,披风,3,紫/稀世,1,0,1,1,61,src/conf/conf_item.erl:22868
3001232,远征披风,150147,105,披风,3,紫/稀世,1,0,1,1,62,src/conf/conf_item.erl:22885
3001233,远征披风,150147,105,披风,3,紫/稀世,1,0,1,1,63,src/conf/conf_item.erl:22902
3001234,远征披风,150147,105,披风,3,紫/稀世,1,0,1,1,64,src/conf/conf_item.erl:22919
3001235,远征披风,150147,105,披风,3,紫/稀世,1,0,1,1,65,src/conf/conf_item.erl:22936
3001236,远征披风,150147,105,披风,3,紫/稀世,1,0,1,1,66,src/conf/conf_item.erl:22953
3001237,远征披风,150147,105,披风,3,紫/稀世,1,0,1,1,67,src/conf/conf_item.erl:22970
3001238,远征披风,150147,105,披风,3,紫/稀世,1,0,1,1,68,src/conf/conf_item.erl:22987
3001239,远征披风,150147,105,披风,3,紫/稀世,1,0,1,1,69,src/conf/conf_item.erl:23004
3001240,远征披风,150147,105,披风,3,紫/稀世,1,0,1,1,70,src/conf/conf_item.erl:23021
3001241,破境披风,150154,105,披风,3,紫/稀世,1,0,1,1,71,src/conf/conf_item.erl:23038
3001242,破境披风,150154,105,披风,3,紫/稀世,1,0,1,1,72,src/conf/conf_item.erl:23055
3001243,破境披风,150154,105,披风,3,紫/稀世,1,0,1,1,73,src/conf/conf_item.erl:23072
3001244,破境披风,150154,105,披风,3,紫/稀世,1,0,1,1,74,src/conf/conf_item.erl:23089
3001245,破境披风,150154,105,披风,3,紫/稀世,1,0,1,1,75,src/conf/conf_item.erl:23106
3001246,破境披风,150154,105,披风,3,紫/稀世,1,0,1,1,76,src/conf/conf_item.erl:23123
3001247,破境披风,150154,105,披风,3,紫/稀世,1,0,1,1,77,src/conf/conf_item.erl:23140
3001248,破境披风,150154,105,披风,3,紫/稀世,1,0,1,1,78,src/conf/conf_item.erl:23157
3001249,破境披风,150154,105,披风,3,紫/稀世,1,0,1,1,79,src/conf/conf_item.erl:23174
3001250,破境披风,150154,105,披风,3,紫/稀世,1,0,1,1,80,src/conf/conf_item.erl:23191
3001251,破境披风,150154,105,披风,3,紫/稀世,1,0,1,1,81,src/conf/conf_item.erl:23208
3001252,破境披风,150154,105,披风,3,紫/稀世,1,0,1,1,82,src/conf/conf_item.erl:23225
3001253,破境披风,150154,105,披风,3,紫/稀世,1,0,1,1,83,src/conf/conf_item.erl:23242
3001254,破境披风,150154,105,披风,3,紫/稀世,1,0,1,1,84,src/conf/conf_item.erl:23259
3001255,破境披风,150154,105,披风,3,紫/稀世,1,0,1,1,85,src/conf/conf_item.erl:23276
3001256,破境披风,150154,105,披风,3,紫/稀世,1,0,1,1,86,src/conf/conf_item.erl:23293
3001257,破境披风,150154,105,披风,3,紫/稀世,1,0,1,1,87,src/conf/conf_item.erl:23310
3001258,破境披风,150154,105,披风,3,紫/稀世,1,0,1,1,88,src/conf/conf_item.erl:23327
3001259,破境披风,150154,105,披风,3,紫/稀世,1,0,1,1,89,src/conf/conf_item.erl:23344
3001260,破境披风,150154,105,披风,3,紫/稀世,1,0,1,1,90,src/conf/conf_item.erl:23361
3001261,启程胸甲,150120,106,胸部,3,紫/稀世,1,0,1,1,1,src/conf/conf_item.erl:23378
3001262,启程胸甲,150120,106,胸部,3,紫/稀世,1,0,1,1,2,src/conf/conf_item.erl:23395
3001263,启程胸甲,150120,106,胸部,3,紫/稀世,1,0,1,1,3,src/conf/conf_item.erl:23412
3001264,启程胸甲,150120,106,胸部,3,紫/稀世,1,0,1,1,4,src/conf/conf_item.erl:23429
3001265,启程胸甲,150120,106,胸部,3,紫/稀世,1,0,1,1,5,src/conf/conf_item.erl:23446
3001266,启程胸甲,150120,106,胸部,3,紫/稀世,1,0,1,1,6,src/conf/conf_item.erl:23463
3001267,启程胸甲,150120,106,胸部,3,紫/稀世,1,0,1,1,7,src/conf/conf_item.erl:23480
3001268,启程胸甲,150120,106,胸部,3,紫/稀世,1,0,1,1,8,src/conf/conf_item.erl:23497
3001269,启程胸甲,150120,106,胸部,3,紫/稀世,1,0,1,1,9,src/conf/conf_item.erl:23514
3001270,启程胸甲,150120,106,胸部,3,紫/稀世,1,0,1,1,10,src/conf/conf_item.erl:23531
3001271,寻路胸甲,150127,106,胸部,3,紫/稀世,1,0,1,1,11,src/conf/conf_item.erl:23548
3001272,寻路胸甲,150127,106,胸部,3,紫/稀世,1,0,1,1,12,src/conf/conf_item.erl:23565
3001273,寻路胸甲,150127,106,胸部,3,紫/稀世,1,0,1,1,13,src/conf/conf_item.erl:23582
3001274,寻路胸甲,150127,106,胸部,3,紫/稀世,1,0,1,1,14,src/conf/conf_item.erl:23599
3001275,寻路胸甲,150127,106,胸部,3,紫/稀世,1,0,1,1,15,src/conf/conf_item.erl:23616
3001276,寻路胸甲,150127,106,胸部,3,紫/稀世,1,0,1,1,16,src/conf/conf_item.erl:23633
3001277,寻路胸甲,150127,106,胸部,3,紫/稀世,1,0,1,1,17,src/conf/conf_item.erl:23650
3001278,寻路胸甲,150127,106,胸部,3,紫/稀世,1,0,1,1,18,src/conf/conf_item.erl:23667
3001279,寻路胸甲,150127,106,胸部,3,紫/稀世,1,0,1,1,19,src/conf/conf_item.erl:23684
3001280,寻路胸甲,150127,106,胸部,3,紫/稀世,1,0,1,1,20,src/conf/conf_item.erl:23701
3001281,远行胸甲,150134,106,胸部,3,紫/稀世,1,0,1,1,21,src/conf/conf_item.erl:23718
3001282,远行胸甲,150134,106,胸部,3,紫/稀世,1,0,1,1,22,src/conf/conf_item.erl:23735
3001283,远行胸甲,150134,106,胸部,3,紫/稀世,1,0,1,1,23,src/conf/conf_item.erl:23752
3001284,远行胸甲,150134,106,胸部,3,紫/稀世,1,0,1,1,24,src/conf/conf_item.erl:23769
3001285,远行胸甲,150134,106,胸部,3,紫/稀世,1,0,1,1,25,src/conf/conf_item.erl:23786
3001286,远行胸甲,150134,106,胸部,3,紫/稀世,1,0,1,1,26,src/conf/conf_item.erl:23803
3001287,远行胸甲,150134,106,胸部,3,紫/稀世,1,0,1,1,27,src/conf/conf_item.erl:23820
3001288,远行胸甲,150134,106,胸部,3,紫/稀世,1,0,1,1,28,src/conf/conf_item.erl:23837
3001289,远行胸甲,150134,106,胸部,3,紫/稀世,1,0,1,1,29,src/conf/conf_item.erl:23854
3001290,远行胸甲,150134,106,胸部,3,紫/稀世,1,0,1,1,30,src/conf/conf_item.erl:23871
3001291,拓荒胸甲,150141,106,胸部,3,紫/稀世,1,0,1,1,31,src/conf/conf_item.erl:23888
3001292,拓荒胸甲,150141,106,胸部,3,紫/稀世,1,0,1,1,32,src/conf/conf_item.erl:23905
3001293,拓荒胸甲,150141,106,胸部,3,紫/稀世,1,0,1,1,33,src/conf/conf_item.erl:23922
3001294,拓荒胸甲,150141,106,胸部,3,紫/稀世,1,0,1,1,34,src/conf/conf_item.erl:23939
3001295,拓荒胸甲,150141,106,胸部,3,紫/稀世,1,0,1,1,35,src/conf/conf_item.erl:23956
3001296,拓荒胸甲,150141,106,胸部,3,紫/稀世,1,0,1,1,36,src/conf/conf_item.erl:23973
3001297,拓荒胸甲,150141,106,胸部,3,紫/稀世,1,0,1,1,37,src/conf/conf_item.erl:23990
3001298,拓荒胸甲,150141,106,胸部,3,紫/稀世,1,0,1,1,38,src/conf/conf_item.erl:24007
3001299,拓荒胸甲,150141,106,胸部,3,紫/稀世,1,0,1,1,39,src/conf/conf_item.erl:24024
3001300,拓荒胸甲,150141,106,胸部,3,紫/稀世,1,0,1,1,40,src/conf/conf_item.erl:24041
3001301,拓荒胸甲,150141,106,胸部,3,紫/稀世,1,0,1,1,41,src/conf/conf_item.erl:24058
3001302,拓荒胸甲,150141,106,胸部,3,紫/稀世,1,0,1,1,42,src/conf/conf_item.erl:24075
3001303,拓荒胸甲,150141,106,胸部,3,紫/稀世,1,0,1,1,43,src/conf/conf_item.erl:24092
3001304,拓荒胸甲,150141,106,胸部,3,紫/稀世,1,0,1,1,44,src/conf/conf_item.erl:24109
3001305,拓荒胸甲,150141,106,胸部,3,紫/稀世,1,0,1,1,45,src/conf/conf_item.erl:24126
3001306,拓荒胸甲,150141,106,胸部,3,紫/稀世,1,0,1,1,46,src/conf/conf_item.erl:24143
3001307,拓荒胸甲,150141,106,胸部,3,紫/稀世,1,0,1,1,47,src/conf/conf_item.erl:24160
3001308,拓荒胸甲,150141,106,胸部,3,紫/稀世,1,0,1,1,48,src/conf/conf_item.erl:24177
3001309,拓荒胸甲,150141,106,胸部,3,紫/稀世,1,0,1,1,49,src/conf/conf_item.erl:24194
3001310,拓荒胸甲,150141,106,胸部,3,紫/稀世,1,0,1,1,50,src/conf/conf_item.erl:24211
3001311,远征胸甲,150148,106,胸部,3,紫/稀世,1,0,1,1,51,src/conf/conf_item.erl:24228
3001312,远征胸甲,150148,106,胸部,3,紫/稀世,1,0,1,1,52,src/conf/conf_item.erl:24245
3001313,远征胸甲,150148,106,胸部,3,紫/稀世,1,0,1,1,53,src/conf/conf_item.erl:24262
3001314,远征胸甲,150148,106,胸部,3,紫/稀世,1,0,1,1,54,src/conf/conf_item.erl:24279
3001315,远征胸甲,150148,106,胸部,3,紫/稀世,1,0,1,1,55,src/conf/conf_item.erl:24296
3001316,远征胸甲,150148,106,胸部,3,紫/稀世,1,0,1,1,56,src/conf/conf_item.erl:24313
3001317,远征胸甲,150148,106,胸部,3,紫/稀世,1,0,1,1,57,src/conf/conf_item.erl:24330
3001318,远征胸甲,150148,106,胸部,3,紫/稀世,1,0,1,1,58,src/conf/conf_item.erl:24347
3001319,远征胸甲,150148,106,胸部,3,紫/稀世,1,0,1,1,59,src/conf/conf_item.erl:24364
3001320,远征胸甲,150148,106,胸部,3,紫/稀世,1,0,1,1,60,src/conf/conf_item.erl:24381
3001321,远征胸甲,150148,106,胸部,3,紫/稀世,1,0,1,1,61,src/conf/conf_item.erl:24398
3001322,远征胸甲,150148,106,胸部,3,紫/稀世,1,0,1,1,62,src/conf/conf_item.erl:24415
3001323,远征胸甲,150148,106,胸部,3,紫/稀世,1,0,1,1,63,src/conf/conf_item.erl:24432
3001324,远征胸甲,150148,106,胸部,3,紫/稀世,1,0,1,1,64,src/conf/conf_item.erl:24449
3001325,远征胸甲,150148,106,胸部,3,紫/稀世,1,0,1,1,65,src/conf/conf_item.erl:24466
3001326,远征胸甲,150148,106,胸部,3,紫/稀世,1,0,1,1,66,src/conf/conf_item.erl:24483
3001327,远征胸甲,150148,106,胸部,3,紫/稀世,1,0,1,1,67,src/conf/conf_item.erl:24500
3001328,远征胸甲,150148,106,胸部,3,紫/稀世,1,0,1,1,68,src/conf/conf_item.erl:24517
3001329,远征胸甲,150148,106,胸部,3,紫/稀世,1,0,1,1,69,src/conf/conf_item.erl:24534
3001330,远征胸甲,150148,106,胸部,3,紫/稀世,1,0,1,1,70,src/conf/conf_item.erl:24551
3001331,破境胸甲,150155,106,胸部,3,紫/稀世,1,0,1,1,71,src/conf/conf_item.erl:24568
3001332,破境胸甲,150155,106,胸部,3,紫/稀世,1,0,1,1,72,src/conf/conf_item.erl:24585
3001333,破境胸甲,150155,106,胸部,3,紫/稀世,1,0,1,1,73,src/conf/conf_item.erl:24602
3001334,破境胸甲,150155,106,胸部,3,紫/稀世,1,0,1,1,74,src/conf/conf_item.erl:24619
3001335,破境胸甲,150155,106,胸部,3,紫/稀世,1,0,1,1,75,src/conf/conf_item.erl:24636
3001336,破境胸甲,150155,106,胸部,3,紫/稀世,1,0,1,1,76,src/conf/conf_item.erl:24653
3001337,破境胸甲,150155,106,胸部,3,紫/稀世,1,0,1,1,77,src/conf/conf_item.erl:24670
3001338,破境胸甲,150155,106,胸部,3,紫/稀世,1,0,1,1,78,src/conf/conf_item.erl:24687
3001339,破境胸甲,150155,106,胸部,3,紫/稀世,1,0,1,1,79,src/conf/conf_item.erl:24704
3001340,破境胸甲,150155,106,胸部,3,紫/稀世,1,0,1,1,80,src/conf/conf_item.erl:24721
3001341,破境胸甲,150155,106,胸部,3,紫/稀世,1,0,1,1,81,src/conf/conf_item.erl:24738
3001342,破境胸甲,150155,106,胸部,3,紫/稀世,1,0,1,1,82,src/conf/conf_item.erl:24755
3001343,破境胸甲,150155,106,胸部,3,紫/稀世,1,0,1,1,83,src/conf/conf_item.erl:24772
3001344,破境胸甲,150155,106,胸部,3,紫/稀世,1,0,1,1,84,src/conf/conf_item.erl:24789
3001345,破境胸甲,150155,106,胸部,3,紫/稀世,1,0,1,1,85,src/conf/conf_item.erl:24806
3001346,破境胸甲,150155,106,胸部,3,紫/稀世,1,0,1,1,86,src/conf/conf_item.erl:24823
3001347,破境胸甲,150155,106,胸部,3,紫/稀世,1,0,1,1,87,src/conf/conf_item.erl:24840
3001348,破境胸甲,150155,106,胸部,3,紫/稀世,1,0,1,1,88,src/conf/conf_item.erl:24857
3001349,破境胸甲,150155,106,胸部,3,紫/稀世,1,0,1,1,89,src/conf/conf_item.erl:24874
3001350,破境胸甲,150155,106,胸部,3,紫/稀世,1,0,1,1,90,src/conf/conf_item.erl:24891
3001351,启程鞋子,150121,107,脚,3,紫/稀世,1,0,1,1,1,src/conf/conf_item.erl:24908
3001352,启程鞋子,150121,107,脚,3,紫/稀世,1,0,1,1,2,src/conf/conf_item.erl:24925
3001353,启程鞋子,150121,107,脚,3,紫/稀世,1,0,1,1,3,src/conf/conf_item.erl:24942
3001354,启程鞋子,150121,107,脚,3,紫/稀世,1,0,1,1,4,src/conf/conf_item.erl:24959
3001355,启程鞋子,150121,107,脚,3,紫/稀世,1,0,1,1,5,src/conf/conf_item.erl:24976
3001356,启程鞋子,150121,107,脚,3,紫/稀世,1,0,1,1,6,src/conf/conf_item.erl:24993
3001357,启程鞋子,150121,107,脚,3,紫/稀世,1,0,1,1,7,src/conf/conf_item.erl:25010
3001358,启程鞋子,150121,107,脚,3,紫/稀世,1,0,1,1,8,src/conf/conf_item.erl:25027
3001359,启程鞋子,150121,107,脚,3,紫/稀世,1,0,1,1,9,src/conf/conf_item.erl:25044
3001360,启程鞋子,150121,107,脚,3,紫/稀世,1,0,1,1,10,src/conf/conf_item.erl:25061
3001361,寻路鞋子,150128,107,脚,3,紫/稀世,1,0,1,1,11,src/conf/conf_item.erl:25078
3001362,寻路鞋子,150128,107,脚,3,紫/稀世,1,0,1,1,12,src/conf/conf_item.erl:25095
3001363,寻路鞋子,150128,107,脚,3,紫/稀世,1,0,1,1,13,src/conf/conf_item.erl:25112
3001364,寻路鞋子,150128,107,脚,3,紫/稀世,1,0,1,1,14,src/conf/conf_item.erl:25129
3001365,寻路鞋子,150128,107,脚,3,紫/稀世,1,0,1,1,15,src/conf/conf_item.erl:25146
3001366,寻路鞋子,150128,107,脚,3,紫/稀世,1,0,1,1,16,src/conf/conf_item.erl:25163
3001367,寻路鞋子,150128,107,脚,3,紫/稀世,1,0,1,1,17,src/conf/conf_item.erl:25180
3001368,寻路鞋子,150128,107,脚,3,紫/稀世,1,0,1,1,18,src/conf/conf_item.erl:25197
3001369,寻路鞋子,150128,107,脚,3,紫/稀世,1,0,1,1,19,src/conf/conf_item.erl:25214
3001370,寻路鞋子,150128,107,脚,3,紫/稀世,1,0,1,1,20,src/conf/conf_item.erl:25231
3001371,远行鞋子,150135,107,脚,3,紫/稀世,1,0,1,1,21,src/conf/conf_item.erl:25248
3001372,远行鞋子,150135,107,脚,3,紫/稀世,1,0,1,1,22,src/conf/conf_item.erl:25265
3001373,远行鞋子,150135,107,脚,3,紫/稀世,1,0,1,1,23,src/conf/conf_item.erl:25282
3001374,远行鞋子,150135,107,脚,3,紫/稀世,1,0,1,1,24,src/conf/conf_item.erl:25299
3001375,远行鞋子,150135,107,脚,3,紫/稀世,1,0,1,1,25,src/conf/conf_item.erl:25316
3001376,远行鞋子,150135,107,脚,3,紫/稀世,1,0,1,1,26,src/conf/conf_item.erl:25333
3001377,远行鞋子,150135,107,脚,3,紫/稀世,1,0,1,1,27,src/conf/conf_item.erl:25350
3001378,远行鞋子,150135,107,脚,3,紫/稀世,1,0,1,1,28,src/conf/conf_item.erl:25367
3001379,远行鞋子,150135,107,脚,3,紫/稀世,1,0,1,1,29,src/conf/conf_item.erl:25384
3001380,远行鞋子,150135,107,脚,3,紫/稀世,1,0,1,1,30,src/conf/conf_item.erl:25401
3001381,拓荒鞋子,150142,107,脚,3,紫/稀世,1,0,1,1,31,src/conf/conf_item.erl:25418
3001382,拓荒鞋子,150142,107,脚,3,紫/稀世,1,0,1,1,32,src/conf/conf_item.erl:25435
3001383,拓荒鞋子,150142,107,脚,3,紫/稀世,1,0,1,1,33,src/conf/conf_item.erl:25452
3001384,拓荒鞋子,150142,107,脚,3,紫/稀世,1,0,1,1,34,src/conf/conf_item.erl:25469
3001385,拓荒鞋子,150142,107,脚,3,紫/稀世,1,0,1,1,35,src/conf/conf_item.erl:25486
3001386,拓荒鞋子,150142,107,脚,3,紫/稀世,1,0,1,1,36,src/conf/conf_item.erl:25503
3001387,拓荒鞋子,150142,107,脚,3,紫/稀世,1,0,1,1,37,src/conf/conf_item.erl:25520
3001388,拓荒鞋子,150142,107,脚,3,紫/稀世,1,0,1,1,38,src/conf/conf_item.erl:25537
3001389,拓荒鞋子,150142,107,脚,3,紫/稀世,1,0,1,1,39,src/conf/conf_item.erl:25554
3001390,拓荒鞋子,150142,107,脚,3,紫/稀世,1,0,1,1,40,src/conf/conf_item.erl:25571
3001391,拓荒鞋子,150142,107,脚,3,紫/稀世,1,0,1,1,41,src/conf/conf_item.erl:25588
3001392,拓荒鞋子,150142,107,脚,3,紫/稀世,1,0,1,1,42,src/conf/conf_item.erl:25605
3001393,拓荒鞋子,150142,107,脚,3,紫/稀世,1,0,1,1,43,src/conf/conf_item.erl:25622
3001394,拓荒鞋子,150142,107,脚,3,紫/稀世,1,0,1,1,44,src/conf/conf_item.erl:25639
3001395,拓荒鞋子,150142,107,脚,3,紫/稀世,1,0,1,1,45,src/conf/conf_item.erl:25656
3001396,拓荒鞋子,150142,107,脚,3,紫/稀世,1,0,1,1,46,src/conf/conf_item.erl:25673
3001397,拓荒鞋子,150142,107,脚,3,紫/稀世,1,0,1,1,47,src/conf/conf_item.erl:25690
3001398,拓荒鞋子,150142,107,脚,3,紫/稀世,1,0,1,1,48,src/conf/conf_item.erl:25707
3001399,拓荒鞋子,150142,107,脚,3,紫/稀世,1,0,1,1,49,src/conf/conf_item.erl:25724
3001400,拓荒鞋子,150142,107,脚,3,紫/稀世,1,0,1,1,50,src/conf/conf_item.erl:25741
3001401,远征鞋子,150149,107,脚,3,紫/稀世,1,0,1,1,51,src/conf/conf_item.erl:25758
3001402,远征鞋子,150149,107,脚,3,紫/稀世,1,0,1,1,52,src/conf/conf_item.erl:25775
3001403,远征鞋子,150149,107,脚,3,紫/稀世,1,0,1,1,53,src/conf/conf_item.erl:25792
3001404,远征鞋子,150149,107,脚,3,紫/稀世,1,0,1,1,54,src/conf/conf_item.erl:25809
3001405,远征鞋子,150149,107,脚,3,紫/稀世,1,0,1,1,55,src/conf/conf_item.erl:25826
3001406,远征鞋子,150149,107,脚,3,紫/稀世,1,0,1,1,56,src/conf/conf_item.erl:25843
3001407,远征鞋子,150149,107,脚,3,紫/稀世,1,0,1,1,57,src/conf/conf_item.erl:25860
3001408,远征鞋子,150149,107,脚,3,紫/稀世,1,0,1,1,58,src/conf/conf_item.erl:25877
3001409,远征鞋子,150149,107,脚,3,紫/稀世,1,0,1,1,59,src/conf/conf_item.erl:25894
3001410,远征鞋子,150149,107,脚,3,紫/稀世,1,0,1,1,60,src/conf/conf_item.erl:25911
3001411,远征鞋子,150149,107,脚,3,紫/稀世,1,0,1,1,61,src/conf/conf_item.erl:25928
3001412,远征鞋子,150149,107,脚,3,紫/稀世,1,0,1,1,62,src/conf/conf_item.erl:25945
3001413,远征鞋子,150149,107,脚,3,紫/稀世,1,0,1,1,63,src/conf/conf_item.erl:25962
3001414,远征鞋子,150149,107,脚,3,紫/稀世,1,0,1,1,64,src/conf/conf_item.erl:25979
3001415,远征鞋子,150149,107,脚,3,紫/稀世,1,0,1,1,65,src/conf/conf_item.erl:25996
3001416,远征鞋子,150149,107,脚,3,紫/稀世,1,0,1,1,66,src/conf/conf_item.erl:26013
3001417,远征鞋子,150149,107,脚,3,紫/稀世,1,0,1,1,67,src/conf/conf_item.erl:26030
3001418,远征鞋子,150149,107,脚,3,紫/稀世,1,0,1,1,68,src/conf/conf_item.erl:26047
3001419,远征鞋子,150149,107,脚,3,紫/稀世,1,0,1,1,69,src/conf/conf_item.erl:26064
3001420,远征鞋子,150149,107,脚,3,紫/稀世,1,0,1,1,70,src/conf/conf_item.erl:26081
3001421,破境鞋子,150156,107,脚,3,紫/稀世,1,0,1,1,71,src/conf/conf_item.erl:26098
3001422,破境鞋子,150156,107,脚,3,紫/稀世,1,0,1,1,72,src/conf/conf_item.erl:26115
3001423,破境鞋子,150156,107,脚,3,紫/稀世,1,0,1,1,73,src/conf/conf_item.erl:26132
3001424,破境鞋子,150156,107,脚,3,紫/稀世,1,0,1,1,74,src/conf/conf_item.erl:26149
3001425,破境鞋子,150156,107,脚,3,紫/稀世,1,0,1,1,75,src/conf/conf_item.erl:26166
3001426,破境鞋子,150156,107,脚,3,紫/稀世,1,0,1,1,76,src/conf/conf_item.erl:26183
3001427,破境鞋子,150156,107,脚,3,紫/稀世,1,0,1,1,77,src/conf/conf_item.erl:26200
3001428,破境鞋子,150156,107,脚,3,紫/稀世,1,0,1,1,78,src/conf/conf_item.erl:26217
3001429,破境鞋子,150156,107,脚,3,紫/稀世,1,0,1,1,79,src/conf/conf_item.erl:26234
3001430,破境鞋子,150156,107,脚,3,紫/稀世,1,0,1,1,80,src/conf/conf_item.erl:26251
3001431,破境鞋子,150156,107,脚,3,紫/稀世,1,0,1,1,81,src/conf/conf_item.erl:26268
3001432,破境鞋子,150156,107,脚,3,紫/稀世,1,0,1,1,82,src/conf/conf_item.erl:26285
3001433,破境鞋子,150156,107,脚,3,紫/稀世,1,0,1,1,83,src/conf/conf_item.erl:26302
3001434,破境鞋子,150156,107,脚,3,紫/稀世,1,0,1,1,84,src/conf/conf_item.erl:26319
3001435,破境鞋子,150156,107,脚,3,紫/稀世,1,0,1,1,85,src/conf/conf_item.erl:26336
3001436,破境鞋子,150156,107,脚,3,紫/稀世,1,0,1,1,86,src/conf/conf_item.erl:26353
3001437,破境鞋子,150156,107,脚,3,紫/稀世,1,0,1,1,87,src/conf/conf_item.erl:26370
3001438,破境鞋子,150156,107,脚,3,紫/稀世,1,0,1,1,88,src/conf/conf_item.erl:26387
3001439,破境鞋子,150156,107,脚,3,紫/稀世,1,0,1,1,89,src/conf/conf_item.erl:26404
3001440,破境鞋子,150156,107,脚,3,紫/稀世,1,0,1,1,90,src/conf/conf_item.erl:26421
3001441,启程项链,150123,109,项链,3,紫/稀世,1,0,1,1,1,src/conf/conf_item.erl:26438
3001442,启程项链,150123,109,项链,3,紫/稀世,1,0,1,1,2,src/conf/conf_item.erl:26455
3001443,启程项链,150123,109,项链,3,紫/稀世,1,0,1,1,3,src/conf/conf_item.erl:26472
3001444,启程项链,150123,109,项链,3,紫/稀世,1,0,1,1,4,src/conf/conf_item.erl:26489
3001445,启程项链,150123,109,项链,3,紫/稀世,1,0,1,1,5,src/conf/conf_item.erl:26506
3001446,启程项链,150123,109,项链,3,紫/稀世,1,0,1,1,6,src/conf/conf_item.erl:26523
3001447,启程项链,150123,109,项链,3,紫/稀世,1,0,1,1,7,src/conf/conf_item.erl:26540
3001448,启程项链,150123,109,项链,3,紫/稀世,1,0,1,1,8,src/conf/conf_item.erl:26557
3001449,启程项链,150123,109,项链,3,紫/稀世,1,0,1,1,9,src/conf/conf_item.erl:26574
3001450,启程项链,150123,109,项链,3,紫/稀世,1,0,1,1,10,src/conf/conf_item.erl:26591
3001451,寻路项链,150130,109,项链,3,紫/稀世,1,0,1,1,11,src/conf/conf_item.erl:26608
3001452,寻路项链,150130,109,项链,3,紫/稀世,1,0,1,1,12,src/conf/conf_item.erl:26625
3001453,寻路项链,150130,109,项链,3,紫/稀世,1,0,1,1,13,src/conf/conf_item.erl:26642
3001454,寻路项链,150130,109,项链,3,紫/稀世,1,0,1,1,14,src/conf/conf_item.erl:26659
3001455,寻路项链,150130,109,项链,3,紫/稀世,1,0,1,1,15,src/conf/conf_item.erl:26676
3001456,寻路项链,150130,109,项链,3,紫/稀世,1,0,1,1,16,src/conf/conf_item.erl:26693
3001457,寻路项链,150130,109,项链,3,紫/稀世,1,0,1,1,17,src/conf/conf_item.erl:26710
3001458,寻路项链,150130,109,项链,3,紫/稀世,1,0,1,1,18,src/conf/conf_item.erl:26727
3001459,寻路项链,150130,109,项链,3,紫/稀世,1,0,1,1,19,src/conf/conf_item.erl:26744
3001460,寻路项链,150130,109,项链,3,紫/稀世,1,0,1,1,20,src/conf/conf_item.erl:26761
3001461,远行项链,150137,109,项链,3,紫/稀世,1,0,1,1,21,src/conf/conf_item.erl:26778
3001462,远行项链,150137,109,项链,3,紫/稀世,1,0,1,1,22,src/conf/conf_item.erl:26795
3001463,远行项链,150137,109,项链,3,紫/稀世,1,0,1,1,23,src/conf/conf_item.erl:26812
3001464,远行项链,150137,109,项链,3,紫/稀世,1,0,1,1,24,src/conf/conf_item.erl:26829
3001465,远行项链,150137,109,项链,3,紫/稀世,1,0,1,1,25,src/conf/conf_item.erl:26846
3001466,远行项链,150137,109,项链,3,紫/稀世,1,0,1,1,26,src/conf/conf_item.erl:26863
3001467,远行项链,150137,109,项链,3,紫/稀世,1,0,1,1,27,src/conf/conf_item.erl:26880
3001468,远行项链,150137,109,项链,3,紫/稀世,1,0,1,1,28,src/conf/conf_item.erl:26897
3001469,远行项链,150137,109,项链,3,紫/稀世,1,0,1,1,29,src/conf/conf_item.erl:26914
3001470,远行项链,150137,109,项链,3,紫/稀世,1,0,1,1,30,src/conf/conf_item.erl:26931
3001471,拓荒项链,150144,109,项链,3,紫/稀世,1,0,1,1,31,src/conf/conf_item.erl:26948
3001472,拓荒项链,150144,109,项链,3,紫/稀世,1,0,1,1,32,src/conf/conf_item.erl:26965
3001473,拓荒项链,150144,109,项链,3,紫/稀世,1,0,1,1,33,src/conf/conf_item.erl:26982
3001474,拓荒项链,150144,109,项链,3,紫/稀世,1,0,1,1,34,src/conf/conf_item.erl:26999
3001475,拓荒项链,150144,109,项链,3,紫/稀世,1,0,1,1,35,src/conf/conf_item.erl:27016
3001476,拓荒项链,150144,109,项链,3,紫/稀世,1,0,1,1,36,src/conf/conf_item.erl:27033
3001477,拓荒项链,150144,109,项链,3,紫/稀世,1,0,1,1,37,src/conf/conf_item.erl:27050
3001478,拓荒项链,150144,109,项链,3,紫/稀世,1,0,1,1,38,src/conf/conf_item.erl:27067
3001479,拓荒项链,150144,109,项链,3,紫/稀世,1,0,1,1,39,src/conf/conf_item.erl:27084
3001480,拓荒项链,150144,109,项链,3,紫/稀世,1,0,1,1,40,src/conf/conf_item.erl:27101
3001481,拓荒项链,150144,109,项链,3,紫/稀世,1,0,1,1,41,src/conf/conf_item.erl:27118
3001482,拓荒项链,150144,109,项链,3,紫/稀世,1,0,1,1,42,src/conf/conf_item.erl:27135
3001483,拓荒项链,150144,109,项链,3,紫/稀世,1,0,1,1,43,src/conf/conf_item.erl:27152
3001484,拓荒项链,150144,109,项链,3,紫/稀世,1,0,1,1,44,src/conf/conf_item.erl:27169
3001485,拓荒项链,150144,109,项链,3,紫/稀世,1,0,1,1,45,src/conf/conf_item.erl:27186
3001486,拓荒项链,150144,109,项链,3,紫/稀世,1,0,1,1,46,src/conf/conf_item.erl:27203
3001487,拓荒项链,150144,109,项链,3,紫/稀世,1,0,1,1,47,src/conf/conf_item.erl:27220
3001488,拓荒项链,150144,109,项链,3,紫/稀世,1,0,1,1,48,src/conf/conf_item.erl:27237
3001489,拓荒项链,150144,109,项链,3,紫/稀世,1,0,1,1,49,src/conf/conf_item.erl:27254
3001490,拓荒项链,150144,109,项链,3,紫/稀世,1,0,1,1,50,src/conf/conf_item.erl:27271
3001491,远征项链,150151,109,项链,3,紫/稀世,1,0,1,1,51,src/conf/conf_item.erl:27288
3001492,远征项链,150151,109,项链,3,紫/稀世,1,0,1,1,52,src/conf/conf_item.erl:27305
3001493,远征项链,150151,109,项链,3,紫/稀世,1,0,1,1,53,src/conf/conf_item.erl:27322
3001494,远征项链,150151,109,项链,3,紫/稀世,1,0,1,1,54,src/conf/conf_item.erl:27339
3001495,远征项链,150151,109,项链,3,紫/稀世,1,0,1,1,55,src/conf/conf_item.erl:27356
3001496,远征项链,150151,109,项链,3,紫/稀世,1,0,1,1,56,src/conf/conf_item.erl:27373
3001497,远征项链,150151,109,项链,3,紫/稀世,1,0,1,1,57,src/conf/conf_item.erl:27390
3001498,远征项链,150151,109,项链,3,紫/稀世,1,0,1,1,58,src/conf/conf_item.erl:27407
3001499,远征项链,150151,109,项链,3,紫/稀世,1,0,1,1,59,src/conf/conf_item.erl:27424
3001500,远征项链,150151,109,项链,3,紫/稀世,1,0,1,1,60,src/conf/conf_item.erl:27441
3001501,远征项链,150151,109,项链,3,紫/稀世,1,0,1,1,61,src/conf/conf_item.erl:27458
3001502,远征项链,150151,109,项链,3,紫/稀世,1,0,1,1,62,src/conf/conf_item.erl:27475
3001503,远征项链,150151,109,项链,3,紫/稀世,1,0,1,1,63,src/conf/conf_item.erl:27492
3001504,远征项链,150151,109,项链,3,紫/稀世,1,0,1,1,64,src/conf/conf_item.erl:27509
3001505,远征项链,150151,109,项链,3,紫/稀世,1,0,1,1,65,src/conf/conf_item.erl:27526
3001506,远征项链,150151,109,项链,3,紫/稀世,1,0,1,1,66,src/conf/conf_item.erl:27543
3001507,远征项链,150151,109,项链,3,紫/稀世,1,0,1,1,67,src/conf/conf_item.erl:27560
3001508,远征项链,150151,109,项链,3,紫/稀世,1,0,1,1,68,src/conf/conf_item.erl:27577
3001509,远征项链,150151,109,项链,3,紫/稀世,1,0,1,1,69,src/conf/conf_item.erl:27594
3001510,远征项链,150151,109,项链,3,紫/稀世,1,0,1,1,70,src/conf/conf_item.erl:27611
3001511,破境项链,150158,109,项链,3,紫/稀世,1,0,1,1,71,src/conf/conf_item.erl:27628
3001512,破境项链,150158,109,项链,3,紫/稀世,1,0,1,1,72,src/conf/conf_item.erl:27645
3001513,破境项链,150158,109,项链,3,紫/稀世,1,0,1,1,73,src/conf/conf_item.erl:27662
3001514,破境项链,150158,109,项链,3,紫/稀世,1,0,1,1,74,src/conf/conf_item.erl:27679
3001515,破境项链,150158,109,项链,3,紫/稀世,1,0,1,1,75,src/conf/conf_item.erl:27696
3001516,破境项链,150158,109,项链,3,紫/稀世,1,0,1,1,76,src/conf/conf_item.erl:27713
3001517,破境项链,150158,109,项链,3,紫/稀世,1,0,1,1,77,src/conf/conf_item.erl:27730
3001518,破境项链,150158,109,项链,3,紫/稀世,1,0,1,1,78,src/conf/conf_item.erl:27747
3001519,破境项链,150158,109,项链,3,紫/稀世,1,0,1,1,79,src/conf/conf_item.erl:27764
3001520,破境项链,150158,109,项链,3,紫/稀世,1,0,1,1,80,src/conf/conf_item.erl:27781
3001521,破境项链,150158,109,项链,3,紫/稀世,1,0,1,1,81,src/conf/conf_item.erl:27798
3001522,破境项链,150158,109,项链,3,紫/稀世,1,0,1,1,82,src/conf/conf_item.erl:27815
3001523,破境项链,150158,109,项链,3,紫/稀世,1,0,1,1,83,src/conf/conf_item.erl:27832
3001524,破境项链,150158,109,项链,3,紫/稀世,1,0,1,1,84,src/conf/conf_item.erl:27849
3001525,破境项链,150158,109,项链,3,紫/稀世,1,0,1,1,85,src/conf/conf_item.erl:27866
3001526,破境项链,150158,109,项链,3,紫/稀世,1,0,1,1,86,src/conf/conf_item.erl:27883
3001527,破境项链,150158,109,项链,3,紫/稀世,1,0,1,1,87,src/conf/conf_item.erl:27900
3001528,破境项链,150158,109,项链,3,紫/稀世,1,0,1,1,88,src/conf/conf_item.erl:27917
3001529,破境项链,150158,109,项链,3,紫/稀世,1,0,1,1,89,src/conf/conf_item.erl:27934
3001530,破境项链,150158,109,项链,3,紫/稀世,1,0,1,1,90,src/conf/conf_item.erl:27951
3001531,启程戒指,150122,108,戒指,3,紫/稀世,1,0,1,1,1,src/conf/conf_item.erl:27968
3001532,启程戒指,150122,108,戒指,3,紫/稀世,1,0,1,1,2,src/conf/conf_item.erl:27985
3001533,启程戒指,150122,108,戒指,3,紫/稀世,1,0,1,1,3,src/conf/conf_item.erl:28002
3001534,启程戒指,150122,108,戒指,3,紫/稀世,1,0,1,1,4,src/conf/conf_item.erl:28019
3001535,启程戒指,150122,108,戒指,3,紫/稀世,1,0,1,1,5,src/conf/conf_item.erl:28036
3001536,启程戒指,150122,108,戒指,3,紫/稀世,1,0,1,1,6,src/conf/conf_item.erl:28053
3001537,启程戒指,150122,108,戒指,3,紫/稀世,1,0,1,1,7,src/conf/conf_item.erl:28070
3001538,启程戒指,150122,108,戒指,3,紫/稀世,1,0,1,1,8,src/conf/conf_item.erl:28087
3001539,启程戒指,150122,108,戒指,3,紫/稀世,1,0,1,1,9,src/conf/conf_item.erl:28104
3001540,启程戒指,150122,108,戒指,3,紫/稀世,1,0,1,1,10,src/conf/conf_item.erl:28121
3001541,寻路戒指,150129,108,戒指,3,紫/稀世,1,0,1,1,11,src/conf/conf_item.erl:28138
3001542,寻路戒指,150129,108,戒指,3,紫/稀世,1,0,1,1,12,src/conf/conf_item.erl:28155
3001543,寻路戒指,150129,108,戒指,3,紫/稀世,1,0,1,1,13,src/conf/conf_item.erl:28172
3001544,寻路戒指,150129,108,戒指,3,紫/稀世,1,0,1,1,14,src/conf/conf_item.erl:28189
3001545,寻路戒指,150129,108,戒指,3,紫/稀世,1,0,1,1,15,src/conf/conf_item.erl:28206
3001546,寻路戒指,150129,108,戒指,3,紫/稀世,1,0,1,1,16,src/conf/conf_item.erl:28223
3001547,寻路戒指,150129,108,戒指,3,紫/稀世,1,0,1,1,17,src/conf/conf_item.erl:28240
3001548,寻路戒指,150129,108,戒指,3,紫/稀世,1,0,1,1,18,src/conf/conf_item.erl:28257
3001549,寻路戒指,150129,108,戒指,3,紫/稀世,1,0,1,1,19,src/conf/conf_item.erl:28274
3001550,寻路戒指,150129,108,戒指,3,紫/稀世,1,0,1,1,20,src/conf/conf_item.erl:28291
3001551,远行戒指,150136,108,戒指,3,紫/稀世,1,0,1,1,21,src/conf/conf_item.erl:28308
3001552,远行戒指,150136,108,戒指,3,紫/稀世,1,0,1,1,22,src/conf/conf_item.erl:28325
3001553,远行戒指,150136,108,戒指,3,紫/稀世,1,0,1,1,23,src/conf/conf_item.erl:28342
3001554,远行戒指,150136,108,戒指,3,紫/稀世,1,0,1,1,24,src/conf/conf_item.erl:28359
3001555,远行戒指,150136,108,戒指,3,紫/稀世,1,0,1,1,25,src/conf/conf_item.erl:28376
3001556,远行戒指,150136,108,戒指,3,紫/稀世,1,0,1,1,26,src/conf/conf_item.erl:28393
3001557,远行戒指,150136,108,戒指,3,紫/稀世,1,0,1,1,27,src/conf/conf_item.erl:28410
3001558,远行戒指,150136,108,戒指,3,紫/稀世,1,0,1,1,28,src/conf/conf_item.erl:28427
3001559,远行戒指,150136,108,戒指,3,紫/稀世,1,0,1,1,29,src/conf/conf_item.erl:28444
3001560,远行戒指,150136,108,戒指,3,紫/稀世,1,0,1,1,30,src/conf/conf_item.erl:28461
3001561,拓荒戒指,150143,108,戒指,3,紫/稀世,1,0,1,1,31,src/conf/conf_item.erl:28478
3001562,拓荒戒指,150143,108,戒指,3,紫/稀世,1,0,1,1,32,src/conf/conf_item.erl:28495
3001563,拓荒戒指,150143,108,戒指,3,紫/稀世,1,0,1,1,33,src/conf/conf_item.erl:28512
3001564,拓荒戒指,150143,108,戒指,3,紫/稀世,1,0,1,1,34,src/conf/conf_item.erl:28529
3001565,拓荒戒指,150143,108,戒指,3,紫/稀世,1,0,1,1,35,src/conf/conf_item.erl:28546
3001566,拓荒戒指,150143,108,戒指,3,紫/稀世,1,0,1,1,36,src/conf/conf_item.erl:28563
3001567,拓荒戒指,150143,108,戒指,3,紫/稀世,1,0,1,1,37,src/conf/conf_item.erl:28580
3001568,拓荒戒指,150143,108,戒指,3,紫/稀世,1,0,1,1,38,src/conf/conf_item.erl:28597
3001569,拓荒戒指,150143,108,戒指,3,紫/稀世,1,0,1,1,39,src/conf/conf_item.erl:28614
3001570,拓荒戒指,150143,108,戒指,3,紫/稀世,1,0,1,1,40,src/conf/conf_item.erl:28631
3001571,拓荒戒指,150143,108,戒指,3,紫/稀世,1,0,1,1,41,src/conf/conf_item.erl:28648
3001572,拓荒戒指,150143,108,戒指,3,紫/稀世,1,0,1,1,42,src/conf/conf_item.erl:28665
3001573,拓荒戒指,150143,108,戒指,3,紫/稀世,1,0,1,1,43,src/conf/conf_item.erl:28682
3001574,拓荒戒指,150143,108,戒指,3,紫/稀世,1,0,1,1,44,src/conf/conf_item.erl:28699
3001575,拓荒戒指,150143,108,戒指,3,紫/稀世,1,0,1,1,45,src/conf/conf_item.erl:28716
3001576,拓荒戒指,150143,108,戒指,3,紫/稀世,1,0,1,1,46,src/conf/conf_item.erl:28733
3001577,拓荒戒指,150143,108,戒指,3,紫/稀世,1,0,1,1,47,src/conf/conf_item.erl:28750
3001578,拓荒戒指,150143,108,戒指,3,紫/稀世,1,0,1,1,48,src/conf/conf_item.erl:28767
3001579,拓荒戒指,150143,108,戒指,3,紫/稀世,1,0,1,1,49,src/conf/conf_item.erl:28784
3001580,拓荒戒指,150143,108,戒指,3,紫/稀世,1,0,1,1,50,src/conf/conf_item.erl:28801
3001581,远征戒指,150150,108,戒指,3,紫/稀世,1,0,1,1,51,src/conf/conf_item.erl:28818
3001582,远征戒指,150150,108,戒指,3,紫/稀世,1,0,1,1,52,src/conf/conf_item.erl:28835
3001583,远征戒指,150150,108,戒指,3,紫/稀世,1,0,1,1,53,src/conf/conf_item.erl:28852
3001584,远征戒指,150150,108,戒指,3,紫/稀世,1,0,1,1,54,src/conf/conf_item.erl:28869
3001585,远征戒指,150150,108,戒指,3,紫/稀世,1,0,1,1,55,src/conf/conf_item.erl:28886
3001586,远征戒指,150150,108,戒指,3,紫/稀世,1,0,1,1,56,src/conf/conf_item.erl:28903
3001587,远征戒指,150150,108,戒指,3,紫/稀世,1,0,1,1,57,src/conf/conf_item.erl:28920
3001588,远征戒指,150150,108,戒指,3,紫/稀世,1,0,1,1,58,src/conf/conf_item.erl:28937
3001589,远征戒指,150150,108,戒指,3,紫/稀世,1,0,1,1,59,src/conf/conf_item.erl:28954
3001590,远征戒指,150150,108,戒指,3,紫/稀世,1,0,1,1,60,src/conf/conf_item.erl:28971
3001591,远征戒指,150150,108,戒指,3,紫/稀世,1,0,1,1,61,src/conf/conf_item.erl:28988
3001592,远征戒指,150150,108,戒指,3,紫/稀世,1,0,1,1,62,src/conf/conf_item.erl:29005
3001593,远征戒指,150150,108,戒指,3,紫/稀世,1,0,1,1,63,src/conf/conf_item.erl:29022
3001594,远征戒指,150150,108,戒指,3,紫/稀世,1,0,1,1,64,src/conf/conf_item.erl:29039
3001595,远征戒指,150150,108,戒指,3,紫/稀世,1,0,1,1,65,src/conf/conf_item.erl:29056
3001596,远征戒指,150150,108,戒指,3,紫/稀世,1,0,1,1,66,src/conf/conf_item.erl:29073
3001597,远征戒指,150150,108,戒指,3,紫/稀世,1,0,1,1,67,src/conf/conf_item.erl:29090
3001598,远征戒指,150150,108,戒指,3,紫/稀世,1,0,1,1,68,src/conf/conf_item.erl:29107
3001599,远征戒指,150150,108,戒指,3,紫/稀世,1,0,1,1,69,src/conf/conf_item.erl:29124
3001600,远征戒指,150150,108,戒指,3,紫/稀世,1,0,1,1,70,src/conf/conf_item.erl:29141
3001601,破境戒指,150157,108,戒指,3,紫/稀世,1,0,1,1,71,src/conf/conf_item.erl:29158
3001602,破境戒指,150157,108,戒指,3,紫/稀世,1,0,1,1,72,src/conf/conf_item.erl:29175
3001603,破境戒指,150157,108,戒指,3,紫/稀世,1,0,1,1,73,src/conf/conf_item.erl:29192
3001604,破境戒指,150157,108,戒指,3,紫/稀世,1,0,1,1,74,src/conf/conf_item.erl:29209
3001605,破境戒指,150157,108,戒指,3,紫/稀世,1,0,1,1,75,src/conf/conf_item.erl:29226
3001606,破境戒指,150157,108,戒指,3,紫/稀世,1,0,1,1,76,src/conf/conf_item.erl:29243
3001607,破境戒指,150157,108,戒指,3,紫/稀世,1,0,1,1,77,src/conf/conf_item.erl:29260
3001608,破境戒指,150157,108,戒指,3,紫/稀世,1,0,1,1,78,src/conf/conf_item.erl:29277
3001609,破境戒指,150157,108,戒指,3,紫/稀世,1,0,1,1,79,src/conf/conf_item.erl:29294
3001610,破境戒指,150157,108,戒指,3,紫/稀世,1,0,1,1,80,src/conf/conf_item.erl:29311
3001611,破境戒指,150157,108,戒指,3,紫/稀世,1,0,1,1,81,src/conf/conf_item.erl:29328
3001612,破境戒指,150157,108,戒指,3,紫/稀世,1,0,1,1,82,src/conf/conf_item.erl:29345
3001613,破境戒指,150157,108,戒指,3,紫/稀世,1,0,1,1,83,src/conf/conf_item.erl:29362
3001614,破境戒指,150157,108,戒指,3,紫/稀世,1,0,1,1,84,src/conf/conf_item.erl:29379
3001615,破境戒指,150157,108,戒指,3,紫/稀世,1,0,1,1,85,src/conf/conf_item.erl:29396
3001616,破境戒指,150157,108,戒指,3,紫/稀世,1,0,1,1,86,src/conf/conf_item.erl:29413
3001617,破境戒指,150157,108,戒指,3,紫/稀世,1,0,1,1,87,src/conf/conf_item.erl:29430
3001618,破境戒指,150157,108,戒指,3,紫/稀世,1,0,1,1,88,src/conf/conf_item.erl:29447
3001619,破境戒指,150157,108,戒指,3,紫/稀世,1,0,1,1,89,src/conf/conf_item.erl:29464
3001620,破境戒指,150157,108,戒指,3,紫/稀世,1,0,1,1,90,src/conf/conf_item.erl:29481
3001621,启程头盔,150118,104,头部,4,橙/传说,1,0,1,1,1,src/conf/conf_item.erl:29498
3001622,启程头盔,150118,104,头部,4,橙/传说,1,0,1,1,2,src/conf/conf_item.erl:29515
3001623,启程头盔,150118,104,头部,4,橙/传说,1,0,1,1,3,src/conf/conf_item.erl:29532
3001624,启程头盔,150118,104,头部,4,橙/传说,1,0,1,1,4,src/conf/conf_item.erl:29549
3001625,启程头盔,150118,104,头部,4,橙/传说,1,0,1,1,5,src/conf/conf_item.erl:29566
3001626,启程头盔,150118,104,头部,4,橙/传说,1,0,1,1,6,src/conf/conf_item.erl:29583
3001627,启程头盔,150118,104,头部,4,橙/传说,1,0,1,1,7,src/conf/conf_item.erl:29600
3001628,启程头盔,150118,104,头部,4,橙/传说,1,0,1,1,8,src/conf/conf_item.erl:29617
3001629,启程头盔,150118,104,头部,4,橙/传说,1,0,1,1,9,src/conf/conf_item.erl:29634
3001630,启程头盔,150118,104,头部,4,橙/传说,1,0,1,1,10,src/conf/conf_item.erl:29651
3001631,寻路头盔,150125,104,头部,4,橙/传说,1,0,1,1,11,src/conf/conf_item.erl:29668
3001632,寻路头盔,150125,104,头部,4,橙/传说,1,0,1,1,12,src/conf/conf_item.erl:29685
3001633,寻路头盔,150125,104,头部,4,橙/传说,1,0,1,1,13,src/conf/conf_item.erl:29702
3001634,寻路头盔,150125,104,头部,4,橙/传说,1,0,1,1,14,src/conf/conf_item.erl:29719
3001635,寻路头盔,150125,104,头部,4,橙/传说,1,0,1,1,15,src/conf/conf_item.erl:29736
3001636,寻路头盔,150125,104,头部,4,橙/传说,1,0,1,1,16,src/conf/conf_item.erl:29753
3001637,寻路头盔,150125,104,头部,4,橙/传说,1,0,1,1,17,src/conf/conf_item.erl:29770
3001638,寻路头盔,150125,104,头部,4,橙/传说,1,0,1,1,18,src/conf/conf_item.erl:29787
3001639,寻路头盔,150125,104,头部,4,橙/传说,1,0,1,1,19,src/conf/conf_item.erl:29804
3001640,寻路头盔,150125,104,头部,4,橙/传说,1,0,1,1,20,src/conf/conf_item.erl:29821
3001641,远行头盔,150132,104,头部,4,橙/传说,1,0,1,1,21,src/conf/conf_item.erl:29838
3001642,远行头盔,150132,104,头部,4,橙/传说,1,0,1,1,22,src/conf/conf_item.erl:29855
3001643,远行头盔,150132,104,头部,4,橙/传说,1,0,1,1,23,src/conf/conf_item.erl:29872
3001644,远行头盔,150132,104,头部,4,橙/传说,1,0,1,1,24,src/conf/conf_item.erl:29889
3001645,远行头盔,150132,104,头部,4,橙/传说,1,0,1,1,25,src/conf/conf_item.erl:29906
3001646,远行头盔,150132,104,头部,4,橙/传说,1,0,1,1,26,src/conf/conf_item.erl:29923
3001647,远行头盔,150132,104,头部,4,橙/传说,1,0,1,1,27,src/conf/conf_item.erl:29940
3001648,远行头盔,150132,104,头部,4,橙/传说,1,0,1,1,28,src/conf/conf_item.erl:29957
3001649,远行头盔,150132,104,头部,4,橙/传说,1,0,1,1,29,src/conf/conf_item.erl:29974
3001650,远行头盔,150132,104,头部,4,橙/传说,1,0,1,1,30,src/conf/conf_item.erl:29991
3001651,拓荒头盔,150139,104,头部,4,橙/传说,1,0,1,1,31,src/conf/conf_item.erl:30008
3001652,拓荒头盔,150139,104,头部,4,橙/传说,1,0,1,1,32,src/conf/conf_item.erl:30025
3001653,拓荒头盔,150139,104,头部,4,橙/传说,1,0,1,1,33,src/conf/conf_item.erl:30042
3001654,拓荒头盔,150139,104,头部,4,橙/传说,1,0,1,1,34,src/conf/conf_item.erl:30059
3001655,拓荒头盔,150139,104,头部,4,橙/传说,1,0,1,1,35,src/conf/conf_item.erl:30076
3001656,拓荒头盔,150139,104,头部,4,橙/传说,1,0,1,1,36,src/conf/conf_item.erl:30093
3001657,拓荒头盔,150139,104,头部,4,橙/传说,1,0,1,1,37,src/conf/conf_item.erl:30110
3001658,拓荒头盔,150139,104,头部,4,橙/传说,1,0,1,1,38,src/conf/conf_item.erl:30127
3001659,拓荒头盔,150139,104,头部,4,橙/传说,1,0,1,1,39,src/conf/conf_item.erl:30144
3001660,拓荒头盔,150139,104,头部,4,橙/传说,1,0,1,1,40,src/conf/conf_item.erl:30161
3001661,拓荒头盔,150139,104,头部,4,橙/传说,1,0,1,1,41,src/conf/conf_item.erl:30178
3001662,拓荒头盔,150139,104,头部,4,橙/传说,1,0,1,1,42,src/conf/conf_item.erl:30195
3001663,拓荒头盔,150139,104,头部,4,橙/传说,1,0,1,1,43,src/conf/conf_item.erl:30212
3001664,拓荒头盔,150139,104,头部,4,橙/传说,1,0,1,1,44,src/conf/conf_item.erl:30229
3001665,拓荒头盔,150139,104,头部,4,橙/传说,1,0,1,1,45,src/conf/conf_item.erl:30246
3001666,拓荒头盔,150139,104,头部,4,橙/传说,1,0,1,1,46,src/conf/conf_item.erl:30263
3001667,拓荒头盔,150139,104,头部,4,橙/传说,1,0,1,1,47,src/conf/conf_item.erl:30280
3001668,拓荒头盔,150139,104,头部,4,橙/传说,1,0,1,1,48,src/conf/conf_item.erl:30297
3001669,拓荒头盔,150139,104,头部,4,橙/传说,1,0,1,1,49,src/conf/conf_item.erl:30314
3001670,拓荒头盔,150139,104,头部,4,橙/传说,1,0,1,1,50,src/conf/conf_item.erl:30331
3001671,远征头盔,150146,104,头部,4,橙/传说,1,0,1,1,51,src/conf/conf_item.erl:30348
3001672,远征头盔,150146,104,头部,4,橙/传说,1,0,1,1,52,src/conf/conf_item.erl:30365
3001673,远征头盔,150146,104,头部,4,橙/传说,1,0,1,1,53,src/conf/conf_item.erl:30382
3001674,远征头盔,150146,104,头部,4,橙/传说,1,0,1,1,54,src/conf/conf_item.erl:30399
3001675,远征头盔,150146,104,头部,4,橙/传说,1,0,1,1,55,src/conf/conf_item.erl:30416
3001676,远征头盔,150146,104,头部,4,橙/传说,1,0,1,1,56,src/conf/conf_item.erl:30433
3001677,远征头盔,150146,104,头部,4,橙/传说,1,0,1,1,57,src/conf/conf_item.erl:30450
3001678,远征头盔,150146,104,头部,4,橙/传说,1,0,1,1,58,src/conf/conf_item.erl:30467
3001679,远征头盔,150146,104,头部,4,橙/传说,1,0,1,1,59,src/conf/conf_item.erl:30484
3001680,远征头盔,150146,104,头部,4,橙/传说,1,0,1,1,60,src/conf/conf_item.erl:30501
3001681,远征头盔,150146,104,头部,4,橙/传说,1,0,1,1,61,src/conf/conf_item.erl:30518
3001682,远征头盔,150146,104,头部,4,橙/传说,1,0,1,1,62,src/conf/conf_item.erl:30535
3001683,远征头盔,150146,104,头部,4,橙/传说,1,0,1,1,63,src/conf/conf_item.erl:30552
3001684,远征头盔,150146,104,头部,4,橙/传说,1,0,1,1,64,src/conf/conf_item.erl:30569
3001685,远征头盔,150146,104,头部,4,橙/传说,1,0,1,1,65,src/conf/conf_item.erl:30586
3001686,远征头盔,150146,104,头部,4,橙/传说,1,0,1,1,66,src/conf/conf_item.erl:30603
3001687,远征头盔,150146,104,头部,4,橙/传说,1,0,1,1,67,src/conf/conf_item.erl:30620
3001688,远征头盔,150146,104,头部,4,橙/传说,1,0,1,1,68,src/conf/conf_item.erl:30637
3001689,远征头盔,150146,104,头部,4,橙/传说,1,0,1,1,69,src/conf/conf_item.erl:30654
3001690,远征头盔,150146,104,头部,4,橙/传说,1,0,1,1,70,src/conf/conf_item.erl:30671
3001691,破境头盔,150153,104,头部,4,橙/传说,1,0,1,1,71,src/conf/conf_item.erl:30688
3001692,破境头盔,150153,104,头部,4,橙/传说,1,0,1,1,72,src/conf/conf_item.erl:30705
3001693,破境头盔,150153,104,头部,4,橙/传说,1,0,1,1,73,src/conf/conf_item.erl:30722
3001694,破境头盔,150153,104,头部,4,橙/传说,1,0,1,1,74,src/conf/conf_item.erl:30739
3001695,破境头盔,150153,104,头部,4,橙/传说,1,0,1,1,75,src/conf/conf_item.erl:30756
3001696,破境头盔,150153,104,头部,4,橙/传说,1,0,1,1,76,src/conf/conf_item.erl:30773
3001697,破境头盔,150153,104,头部,4,橙/传说,1,0,1,1,77,src/conf/conf_item.erl:30790
3001698,破境头盔,150153,104,头部,4,橙/传说,1,0,1,1,78,src/conf/conf_item.erl:30807
3001699,破境头盔,150153,104,头部,4,橙/传说,1,0,1,1,79,src/conf/conf_item.erl:30824
3001700,破境头盔,150153,104,头部,4,橙/传说,1,0,1,1,80,src/conf/conf_item.erl:30841
3001701,破境头盔,150153,104,头部,4,橙/传说,1,0,1,1,81,src/conf/conf_item.erl:30858
3001702,破境头盔,150153,104,头部,4,橙/传说,1,0,1,1,82,src/conf/conf_item.erl:30875
3001703,破境头盔,150153,104,头部,4,橙/传说,1,0,1,1,83,src/conf/conf_item.erl:30892
3001704,破境头盔,150153,104,头部,4,橙/传说,1,0,1,1,84,src/conf/conf_item.erl:30909
3001705,破境头盔,150153,104,头部,4,橙/传说,1,0,1,1,85,src/conf/conf_item.erl:30926
3001706,破境头盔,150153,104,头部,4,橙/传说,1,0,1,1,86,src/conf/conf_item.erl:30943
3001707,破境头盔,150153,104,头部,4,橙/传说,1,0,1,1,87,src/conf/conf_item.erl:30960
3001708,破境头盔,150153,104,头部,4,橙/传说,1,0,1,1,88,src/conf/conf_item.erl:30977
3001709,破境头盔,150153,104,头部,4,橙/传说,1,0,1,1,89,src/conf/conf_item.erl:30994
3001710,破境头盔,150153,104,头部,4,橙/传说,1,0,1,1,90,src/conf/conf_item.erl:31011
3001711,启程披风,150119,105,披风,4,橙/传说,1,0,1,1,1,src/conf/conf_item.erl:31028
3001712,启程披风,150119,105,披风,4,橙/传说,1,0,1,1,2,src/conf/conf_item.erl:31045
3001713,启程披风,150119,105,披风,4,橙/传说,1,0,1,1,3,src/conf/conf_item.erl:31062
3001714,启程披风,150119,105,披风,4,橙/传说,1,0,1,1,4,src/conf/conf_item.erl:31079
3001715,启程披风,150119,105,披风,4,橙/传说,1,0,1,1,5,src/conf/conf_item.erl:31096
3001716,启程披风,150119,105,披风,4,橙/传说,1,0,1,1,6,src/conf/conf_item.erl:31113
3001717,启程披风,150119,105,披风,4,橙/传说,1,0,1,1,7,src/conf/conf_item.erl:31130
3001718,启程披风,150119,105,披风,4,橙/传说,1,0,1,1,8,src/conf/conf_item.erl:31147
3001719,启程披风,150119,105,披风,4,橙/传说,1,0,1,1,9,src/conf/conf_item.erl:31164
3001720,启程披风,150119,105,披风,4,橙/传说,1,0,1,1,10,src/conf/conf_item.erl:31181
3001721,寻路披风,150126,105,披风,4,橙/传说,1,0,1,1,11,src/conf/conf_item.erl:31198
3001722,寻路披风,150126,105,披风,4,橙/传说,1,0,1,1,12,src/conf/conf_item.erl:31215
3001723,寻路披风,150126,105,披风,4,橙/传说,1,0,1,1,13,src/conf/conf_item.erl:31232
3001724,寻路披风,150126,105,披风,4,橙/传说,1,0,1,1,14,src/conf/conf_item.erl:31249
3001725,寻路披风,150126,105,披风,4,橙/传说,1,0,1,1,15,src/conf/conf_item.erl:31266
3001726,寻路披风,150126,105,披风,4,橙/传说,1,0,1,1,16,src/conf/conf_item.erl:31283
3001727,寻路披风,150126,105,披风,4,橙/传说,1,0,1,1,17,src/conf/conf_item.erl:31300
3001728,寻路披风,150126,105,披风,4,橙/传说,1,0,1,1,18,src/conf/conf_item.erl:31317
3001729,寻路披风,150126,105,披风,4,橙/传说,1,0,1,1,19,src/conf/conf_item.erl:31334
3001730,寻路披风,150126,105,披风,4,橙/传说,1,0,1,1,20,src/conf/conf_item.erl:31351
3001731,远行披风,150133,105,披风,4,橙/传说,1,0,1,1,21,src/conf/conf_item.erl:31368
3001732,远行披风,150133,105,披风,4,橙/传说,1,0,1,1,22,src/conf/conf_item.erl:31385
3001733,远行披风,150133,105,披风,4,橙/传说,1,0,1,1,23,src/conf/conf_item.erl:31402
3001734,远行披风,150133,105,披风,4,橙/传说,1,0,1,1,24,src/conf/conf_item.erl:31419
3001735,远行披风,150133,105,披风,4,橙/传说,1,0,1,1,25,src/conf/conf_item.erl:31436
3001736,远行披风,150133,105,披风,4,橙/传说,1,0,1,1,26,src/conf/conf_item.erl:31453
3001737,远行披风,150133,105,披风,4,橙/传说,1,0,1,1,27,src/conf/conf_item.erl:31470
3001738,远行披风,150133,105,披风,4,橙/传说,1,0,1,1,28,src/conf/conf_item.erl:31487
3001739,远行披风,150133,105,披风,4,橙/传说,1,0,1,1,29,src/conf/conf_item.erl:31504
3001740,远行披风,150133,105,披风,4,橙/传说,1,0,1,1,30,src/conf/conf_item.erl:31521
3001741,拓荒披风,150140,105,披风,4,橙/传说,1,0,1,1,31,src/conf/conf_item.erl:31538
3001742,拓荒披风,150140,105,披风,4,橙/传说,1,0,1,1,32,src/conf/conf_item.erl:31555
3001743,拓荒披风,150140,105,披风,4,橙/传说,1,0,1,1,33,src/conf/conf_item.erl:31572
3001744,拓荒披风,150140,105,披风,4,橙/传说,1,0,1,1,34,src/conf/conf_item.erl:31589
3001745,拓荒披风,150140,105,披风,4,橙/传说,1,0,1,1,35,src/conf/conf_item.erl:31606
3001746,拓荒披风,150140,105,披风,4,橙/传说,1,0,1,1,36,src/conf/conf_item.erl:31623
3001747,拓荒披风,150140,105,披风,4,橙/传说,1,0,1,1,37,src/conf/conf_item.erl:31640
3001748,拓荒披风,150140,105,披风,4,橙/传说,1,0,1,1,38,src/conf/conf_item.erl:31657
3001749,拓荒披风,150140,105,披风,4,橙/传说,1,0,1,1,39,src/conf/conf_item.erl:31674
3001750,拓荒披风,150140,105,披风,4,橙/传说,1,0,1,1,40,src/conf/conf_item.erl:31691
3001751,拓荒披风,150140,105,披风,4,橙/传说,1,0,1,1,41,src/conf/conf_item.erl:31708
3001752,拓荒披风,150140,105,披风,4,橙/传说,1,0,1,1,42,src/conf/conf_item.erl:31725
3001753,拓荒披风,150140,105,披风,4,橙/传说,1,0,1,1,43,src/conf/conf_item.erl:31742
3001754,拓荒披风,150140,105,披风,4,橙/传说,1,0,1,1,44,src/conf/conf_item.erl:31759
3001755,拓荒披风,150140,105,披风,4,橙/传说,1,0,1,1,45,src/conf/conf_item.erl:31776
3001756,拓荒披风,150140,105,披风,4,橙/传说,1,0,1,1,46,src/conf/conf_item.erl:31793
3001757,拓荒披风,150140,105,披风,4,橙/传说,1,0,1,1,47,src/conf/conf_item.erl:31810
3001758,拓荒披风,150140,105,披风,4,橙/传说,1,0,1,1,48,src/conf/conf_item.erl:31827
3001759,拓荒披风,150140,105,披风,4,橙/传说,1,0,1,1,49,src/conf/conf_item.erl:31844
3001760,拓荒披风,150140,105,披风,4,橙/传说,1,0,1,1,50,src/conf/conf_item.erl:31861
3001761,远征披风,150147,105,披风,4,橙/传说,1,0,1,1,51,src/conf/conf_item.erl:31878
3001762,远征披风,150147,105,披风,4,橙/传说,1,0,1,1,52,src/conf/conf_item.erl:31895
3001763,远征披风,150147,105,披风,4,橙/传说,1,0,1,1,53,src/conf/conf_item.erl:31912
3001764,远征披风,150147,105,披风,4,橙/传说,1,0,1,1,54,src/conf/conf_item.erl:31929
3001765,远征披风,150147,105,披风,4,橙/传说,1,0,1,1,55,src/conf/conf_item.erl:31946
3001766,远征披风,150147,105,披风,4,橙/传说,1,0,1,1,56,src/conf/conf_item.erl:31963
3001767,远征披风,150147,105,披风,4,橙/传说,1,0,1,1,57,src/conf/conf_item.erl:31980
3001768,远征披风,150147,105,披风,4,橙/传说,1,0,1,1,58,src/conf/conf_item.erl:31997
3001769,远征披风,150147,105,披风,4,橙/传说,1,0,1,1,59,src/conf/conf_item.erl:32014
3001770,远征披风,150147,105,披风,4,橙/传说,1,0,1,1,60,src/conf/conf_item.erl:32031
3001771,远征披风,150147,105,披风,4,橙/传说,1,0,1,1,61,src/conf/conf_item.erl:32048
3001772,远征披风,150147,105,披风,4,橙/传说,1,0,1,1,62,src/conf/conf_item.erl:32065
3001773,远征披风,150147,105,披风,4,橙/传说,1,0,1,1,63,src/conf/conf_item.erl:32082
3001774,远征披风,150147,105,披风,4,橙/传说,1,0,1,1,64,src/conf/conf_item.erl:32099
3001775,远征披风,150147,105,披风,4,橙/传说,1,0,1,1,65,src/conf/conf_item.erl:32116
3001776,远征披风,150147,105,披风,4,橙/传说,1,0,1,1,66,src/conf/conf_item.erl:32133
3001777,远征披风,150147,105,披风,4,橙/传说,1,0,1,1,67,src/conf/conf_item.erl:32150
3001778,远征披风,150147,105,披风,4,橙/传说,1,0,1,1,68,src/conf/conf_item.erl:32167
3001779,远征披风,150147,105,披风,4,橙/传说,1,0,1,1,69,src/conf/conf_item.erl:32184
3001780,远征披风,150147,105,披风,4,橙/传说,1,0,1,1,70,src/conf/conf_item.erl:32201
3001781,破境披风,150154,105,披风,4,橙/传说,1,0,1,1,71,src/conf/conf_item.erl:32218
3001782,破境披风,150154,105,披风,4,橙/传说,1,0,1,1,72,src/conf/conf_item.erl:32235
3001783,破境披风,150154,105,披风,4,橙/传说,1,0,1,1,73,src/conf/conf_item.erl:32252
3001784,破境披风,150154,105,披风,4,橙/传说,1,0,1,1,74,src/conf/conf_item.erl:32269
3001785,破境披风,150154,105,披风,4,橙/传说,1,0,1,1,75,src/conf/conf_item.erl:32286
3001786,破境披风,150154,105,披风,4,橙/传说,1,0,1,1,76,src/conf/conf_item.erl:32303
3001787,破境披风,150154,105,披风,4,橙/传说,1,0,1,1,77,src/conf/conf_item.erl:32320
3001788,破境披风,150154,105,披风,4,橙/传说,1,0,1,1,78,src/conf/conf_item.erl:32337
3001789,破境披风,150154,105,披风,4,橙/传说,1,0,1,1,79,src/conf/conf_item.erl:32354
3001790,破境披风,150154,105,披风,4,橙/传说,1,0,1,1,80,src/conf/conf_item.erl:32371
3001791,破境披风,150154,105,披风,4,橙/传说,1,0,1,1,81,src/conf/conf_item.erl:32388
3001792,破境披风,150154,105,披风,4,橙/传说,1,0,1,1,82,src/conf/conf_item.erl:32405
3001793,破境披风,150154,105,披风,4,橙/传说,1,0,1,1,83,src/conf/conf_item.erl:32422
3001794,破境披风,150154,105,披风,4,橙/传说,1,0,1,1,84,src/conf/conf_item.erl:32439
3001795,破境披风,150154,105,披风,4,橙/传说,1,0,1,1,85,src/conf/conf_item.erl:32456
3001796,破境披风,150154,105,披风,4,橙/传说,1,0,1,1,86,src/conf/conf_item.erl:32473
3001797,破境披风,150154,105,披风,4,橙/传说,1,0,1,1,87,src/conf/conf_item.erl:32490
3001798,破境披风,150154,105,披风,4,橙/传说,1,0,1,1,88,src/conf/conf_item.erl:32507
3001799,破境披风,150154,105,披风,4,橙/传说,1,0,1,1,89,src/conf/conf_item.erl:32524
3001800,破境披风,150154,105,披风,4,橙/传说,1,0,1,1,90,src/conf/conf_item.erl:32541
3001801,启程胸甲,150120,106,胸部,4,橙/传说,1,0,1,1,1,src/conf/conf_item.erl:32558
3001802,启程胸甲,150120,106,胸部,4,橙/传说,1,0,1,1,2,src/conf/conf_item.erl:32575
3001803,启程胸甲,150120,106,胸部,4,橙/传说,1,0,1,1,3,src/conf/conf_item.erl:32592
3001804,启程胸甲,150120,106,胸部,4,橙/传说,1,0,1,1,4,src/conf/conf_item.erl:32609
3001805,启程胸甲,150120,106,胸部,4,橙/传说,1,0,1,1,5,src/conf/conf_item.erl:32626
3001806,启程胸甲,150120,106,胸部,4,橙/传说,1,0,1,1,6,src/conf/conf_item.erl:32643
3001807,启程胸甲,150120,106,胸部,4,橙/传说,1,0,1,1,7,src/conf/conf_item.erl:32660
3001808,启程胸甲,150120,106,胸部,4,橙/传说,1,0,1,1,8,src/conf/conf_item.erl:32677
3001809,启程胸甲,150120,106,胸部,4,橙/传说,1,0,1,1,9,src/conf/conf_item.erl:32694
3001810,启程胸甲,150120,106,胸部,4,橙/传说,1,0,1,1,10,src/conf/conf_item.erl:32711
3001811,寻路胸甲,150127,106,胸部,4,橙/传说,1,0,1,1,11,src/conf/conf_item.erl:32728
3001812,寻路胸甲,150127,106,胸部,4,橙/传说,1,0,1,1,12,src/conf/conf_item.erl:32745
3001813,寻路胸甲,150127,106,胸部,4,橙/传说,1,0,1,1,13,src/conf/conf_item.erl:32762
3001814,寻路胸甲,150127,106,胸部,4,橙/传说,1,0,1,1,14,src/conf/conf_item.erl:32779
3001815,寻路胸甲,150127,106,胸部,4,橙/传说,1,0,1,1,15,src/conf/conf_item.erl:32796
3001816,寻路胸甲,150127,106,胸部,4,橙/传说,1,0,1,1,16,src/conf/conf_item.erl:32813
3001817,寻路胸甲,150127,106,胸部,4,橙/传说,1,0,1,1,17,src/conf/conf_item.erl:32830
3001818,寻路胸甲,150127,106,胸部,4,橙/传说,1,0,1,1,18,src/conf/conf_item.erl:32847
3001819,寻路胸甲,150127,106,胸部,4,橙/传说,1,0,1,1,19,src/conf/conf_item.erl:32864
3001820,寻路胸甲,150127,106,胸部,4,橙/传说,1,0,1,1,20,src/conf/conf_item.erl:32881
3001821,远行胸甲,150134,106,胸部,4,橙/传说,1,0,1,1,21,src/conf/conf_item.erl:32898
3001822,远行胸甲,150134,106,胸部,4,橙/传说,1,0,1,1,22,src/conf/conf_item.erl:32915
3001823,远行胸甲,150134,106,胸部,4,橙/传说,1,0,1,1,23,src/conf/conf_item.erl:32932
3001824,远行胸甲,150134,106,胸部,4,橙/传说,1,0,1,1,24,src/conf/conf_item.erl:32949
3001825,远行胸甲,150134,106,胸部,4,橙/传说,1,0,1,1,25,src/conf/conf_item.erl:32966
3001826,远行胸甲,150134,106,胸部,4,橙/传说,1,0,1,1,26,src/conf/conf_item.erl:32983
3001827,远行胸甲,150134,106,胸部,4,橙/传说,1,0,1,1,27,src/conf/conf_item.erl:33000
3001828,远行胸甲,150134,106,胸部,4,橙/传说,1,0,1,1,28,src/conf/conf_item.erl:33017
3001829,远行胸甲,150134,106,胸部,4,橙/传说,1,0,1,1,29,src/conf/conf_item.erl:33034
3001830,远行胸甲,150134,106,胸部,4,橙/传说,1,0,1,1,30,src/conf/conf_item.erl:33051
3001831,拓荒胸甲,150141,106,胸部,4,橙/传说,1,0,1,1,31,src/conf/conf_item.erl:33068
3001832,拓荒胸甲,150141,106,胸部,4,橙/传说,1,0,1,1,32,src/conf/conf_item.erl:33085
3001833,拓荒胸甲,150141,106,胸部,4,橙/传说,1,0,1,1,33,src/conf/conf_item.erl:33102
3001834,拓荒胸甲,150141,106,胸部,4,橙/传说,1,0,1,1,34,src/conf/conf_item.erl:33119
3001835,拓荒胸甲,150141,106,胸部,4,橙/传说,1,0,1,1,35,src/conf/conf_item.erl:33136
3001836,拓荒胸甲,150141,106,胸部,4,橙/传说,1,0,1,1,36,src/conf/conf_item.erl:33153
3001837,拓荒胸甲,150141,106,胸部,4,橙/传说,1,0,1,1,37,src/conf/conf_item.erl:33170
3001838,拓荒胸甲,150141,106,胸部,4,橙/传说,1,0,1,1,38,src/conf/conf_item.erl:33187
3001839,拓荒胸甲,150141,106,胸部,4,橙/传说,1,0,1,1,39,src/conf/conf_item.erl:33204
3001840,拓荒胸甲,150141,106,胸部,4,橙/传说,1,0,1,1,40,src/conf/conf_item.erl:33221
3001841,拓荒胸甲,150141,106,胸部,4,橙/传说,1,0,1,1,41,src/conf/conf_item.erl:33238
3001842,拓荒胸甲,150141,106,胸部,4,橙/传说,1,0,1,1,42,src/conf/conf_item.erl:33255
3001843,拓荒胸甲,150141,106,胸部,4,橙/传说,1,0,1,1,43,src/conf/conf_item.erl:33272
3001844,拓荒胸甲,150141,106,胸部,4,橙/传说,1,0,1,1,44,src/conf/conf_item.erl:33289
3001845,拓荒胸甲,150141,106,胸部,4,橙/传说,1,0,1,1,45,src/conf/conf_item.erl:33306
3001846,拓荒胸甲,150141,106,胸部,4,橙/传说,1,0,1,1,46,src/conf/conf_item.erl:33323
3001847,拓荒胸甲,150141,106,胸部,4,橙/传说,1,0,1,1,47,src/conf/conf_item.erl:33340
3001848,拓荒胸甲,150141,106,胸部,4,橙/传说,1,0,1,1,48,src/conf/conf_item.erl:33357
3001849,拓荒胸甲,150141,106,胸部,4,橙/传说,1,0,1,1,49,src/conf/conf_item.erl:33374
3001850,拓荒胸甲,150141,106,胸部,4,橙/传说,1,0,1,1,50,src/conf/conf_item.erl:33391
3001851,远征胸甲,150148,106,胸部,4,橙/传说,1,0,1,1,51,src/conf/conf_item.erl:33408
3001852,远征胸甲,150148,106,胸部,4,橙/传说,1,0,1,1,52,src/conf/conf_item.erl:33425
3001853,远征胸甲,150148,106,胸部,4,橙/传说,1,0,1,1,53,src/conf/conf_item.erl:33442
3001854,远征胸甲,150148,106,胸部,4,橙/传说,1,0,1,1,54,src/conf/conf_item.erl:33459
3001855,远征胸甲,150148,106,胸部,4,橙/传说,1,0,1,1,55,src/conf/conf_item.erl:33476
3001856,远征胸甲,150148,106,胸部,4,橙/传说,1,0,1,1,56,src/conf/conf_item.erl:33493
3001857,远征胸甲,150148,106,胸部,4,橙/传说,1,0,1,1,57,src/conf/conf_item.erl:33510
3001858,远征胸甲,150148,106,胸部,4,橙/传说,1,0,1,1,58,src/conf/conf_item.erl:33527
3001859,远征胸甲,150148,106,胸部,4,橙/传说,1,0,1,1,59,src/conf/conf_item.erl:33544
3001860,远征胸甲,150148,106,胸部,4,橙/传说,1,0,1,1,60,src/conf/conf_item.erl:33561
3001861,远征胸甲,150148,106,胸部,4,橙/传说,1,0,1,1,61,src/conf/conf_item.erl:33578
3001862,远征胸甲,150148,106,胸部,4,橙/传说,1,0,1,1,62,src/conf/conf_item.erl:33595
3001863,远征胸甲,150148,106,胸部,4,橙/传说,1,0,1,1,63,src/conf/conf_item.erl:33612
3001864,远征胸甲,150148,106,胸部,4,橙/传说,1,0,1,1,64,src/conf/conf_item.erl:33629
3001865,远征胸甲,150148,106,胸部,4,橙/传说,1,0,1,1,65,src/conf/conf_item.erl:33646
3001866,远征胸甲,150148,106,胸部,4,橙/传说,1,0,1,1,66,src/conf/conf_item.erl:33663
3001867,远征胸甲,150148,106,胸部,4,橙/传说,1,0,1,1,67,src/conf/conf_item.erl:33680
3001868,远征胸甲,150148,106,胸部,4,橙/传说,1,0,1,1,68,src/conf/conf_item.erl:33697
3001869,远征胸甲,150148,106,胸部,4,橙/传说,1,0,1,1,69,src/conf/conf_item.erl:33714
3001870,远征胸甲,150148,106,胸部,4,橙/传说,1,0,1,1,70,src/conf/conf_item.erl:33731
3001871,破境胸甲,150155,106,胸部,4,橙/传说,1,0,1,1,71,src/conf/conf_item.erl:33748
3001872,破境胸甲,150155,106,胸部,4,橙/传说,1,0,1,1,72,src/conf/conf_item.erl:33765
3001873,破境胸甲,150155,106,胸部,4,橙/传说,1,0,1,1,73,src/conf/conf_item.erl:33782
3001874,破境胸甲,150155,106,胸部,4,橙/传说,1,0,1,1,74,src/conf/conf_item.erl:33799
3001875,破境胸甲,150155,106,胸部,4,橙/传说,1,0,1,1,75,src/conf/conf_item.erl:33816
3001876,破境胸甲,150155,106,胸部,4,橙/传说,1,0,1,1,76,src/conf/conf_item.erl:33833
3001877,破境胸甲,150155,106,胸部,4,橙/传说,1,0,1,1,77,src/conf/conf_item.erl:33850
3001878,破境胸甲,150155,106,胸部,4,橙/传说,1,0,1,1,78,src/conf/conf_item.erl:33867
3001879,破境胸甲,150155,106,胸部,4,橙/传说,1,0,1,1,79,src/conf/conf_item.erl:33884
3001880,破境胸甲,150155,106,胸部,4,橙/传说,1,0,1,1,80,src/conf/conf_item.erl:33901
3001881,破境胸甲,150155,106,胸部,4,橙/传说,1,0,1,1,81,src/conf/conf_item.erl:33918
3001882,破境胸甲,150155,106,胸部,4,橙/传说,1,0,1,1,82,src/conf/conf_item.erl:33935
3001883,破境胸甲,150155,106,胸部,4,橙/传说,1,0,1,1,83,src/conf/conf_item.erl:33952
3001884,破境胸甲,150155,106,胸部,4,橙/传说,1,0,1,1,84,src/conf/conf_item.erl:33969
3001885,破境胸甲,150155,106,胸部,4,橙/传说,1,0,1,1,85,src/conf/conf_item.erl:33986
3001886,破境胸甲,150155,106,胸部,4,橙/传说,1,0,1,1,86,src/conf/conf_item.erl:34003
3001887,破境胸甲,150155,106,胸部,4,橙/传说,1,0,1,1,87,src/conf/conf_item.erl:34020
3001888,破境胸甲,150155,106,胸部,4,橙/传说,1,0,1,1,88,src/conf/conf_item.erl:34037
3001889,破境胸甲,150155,106,胸部,4,橙/传说,1,0,1,1,89,src/conf/conf_item.erl:34054
3001890,破境胸甲,150155,106,胸部,4,橙/传说,1,0,1,1,90,src/conf/conf_item.erl:34071
3001891,启程鞋子,150121,107,脚,4,橙/传说,1,0,1,1,1,src/conf/conf_item.erl:34088
3001892,启程鞋子,150121,107,脚,4,橙/传说,1,0,1,1,2,src/conf/conf_item.erl:34105
3001893,启程鞋子,150121,107,脚,4,橙/传说,1,0,1,1,3,src/conf/conf_item.erl:34122
3001894,启程鞋子,150121,107,脚,4,橙/传说,1,0,1,1,4,src/conf/conf_item.erl:34139
3001895,启程鞋子,150121,107,脚,4,橙/传说,1,0,1,1,5,src/conf/conf_item.erl:34156
3001896,启程鞋子,150121,107,脚,4,橙/传说,1,0,1,1,6,src/conf/conf_item.erl:34173
3001897,启程鞋子,150121,107,脚,4,橙/传说,1,0,1,1,7,src/conf/conf_item.erl:34190
3001898,启程鞋子,150121,107,脚,4,橙/传说,1,0,1,1,8,src/conf/conf_item.erl:34207
3001899,启程鞋子,150121,107,脚,4,橙/传说,1,0,1,1,9,src/conf/conf_item.erl:34224
3001900,启程鞋子,150121,107,脚,4,橙/传说,1,0,1,1,10,src/conf/conf_item.erl:34241
3001901,寻路鞋子,150128,107,脚,4,橙/传说,1,0,1,1,11,src/conf/conf_item.erl:34258
3001902,寻路鞋子,150128,107,脚,4,橙/传说,1,0,1,1,12,src/conf/conf_item.erl:34275
3001903,寻路鞋子,150128,107,脚,4,橙/传说,1,0,1,1,13,src/conf/conf_item.erl:34292
3001904,寻路鞋子,150128,107,脚,4,橙/传说,1,0,1,1,14,src/conf/conf_item.erl:34309
3001905,寻路鞋子,150128,107,脚,4,橙/传说,1,0,1,1,15,src/conf/conf_item.erl:34326
3001906,寻路鞋子,150128,107,脚,4,橙/传说,1,0,1,1,16,src/conf/conf_item.erl:34343
3001907,寻路鞋子,150128,107,脚,4,橙/传说,1,0,1,1,17,src/conf/conf_item.erl:34360
3001908,寻路鞋子,150128,107,脚,4,橙/传说,1,0,1,1,18,src/conf/conf_item.erl:34377
3001909,寻路鞋子,150128,107,脚,4,橙/传说,1,0,1,1,19,src/conf/conf_item.erl:34394
3001910,寻路鞋子,150128,107,脚,4,橙/传说,1,0,1,1,20,src/conf/conf_item.erl:34411
3001911,远行鞋子,150135,107,脚,4,橙/传说,1,0,1,1,21,src/conf/conf_item.erl:34428
3001912,远行鞋子,150135,107,脚,4,橙/传说,1,0,1,1,22,src/conf/conf_item.erl:34445
3001913,远行鞋子,150135,107,脚,4,橙/传说,1,0,1,1,23,src/conf/conf_item.erl:34462
3001914,远行鞋子,150135,107,脚,4,橙/传说,1,0,1,1,24,src/conf/conf_item.erl:34479
3001915,远行鞋子,150135,107,脚,4,橙/传说,1,0,1,1,25,src/conf/conf_item.erl:34496
3001916,远行鞋子,150135,107,脚,4,橙/传说,1,0,1,1,26,src/conf/conf_item.erl:34513
3001917,远行鞋子,150135,107,脚,4,橙/传说,1,0,1,1,27,src/conf/conf_item.erl:34530
3001918,远行鞋子,150135,107,脚,4,橙/传说,1,0,1,1,28,src/conf/conf_item.erl:34547
3001919,远行鞋子,150135,107,脚,4,橙/传说,1,0,1,1,29,src/conf/conf_item.erl:34564
3001920,远行鞋子,150135,107,脚,4,橙/传说,1,0,1,1,30,src/conf/conf_item.erl:34581
3001921,拓荒鞋子,150142,107,脚,4,橙/传说,1,0,1,1,31,src/conf/conf_item.erl:34598
3001922,拓荒鞋子,150142,107,脚,4,橙/传说,1,0,1,1,32,src/conf/conf_item.erl:34615
3001923,拓荒鞋子,150142,107,脚,4,橙/传说,1,0,1,1,33,src/conf/conf_item.erl:34632
3001924,拓荒鞋子,150142,107,脚,4,橙/传说,1,0,1,1,34,src/conf/conf_item.erl:34649
3001925,拓荒鞋子,150142,107,脚,4,橙/传说,1,0,1,1,35,src/conf/conf_item.erl:34666
3001926,拓荒鞋子,150142,107,脚,4,橙/传说,1,0,1,1,36,src/conf/conf_item.erl:34683
3001927,拓荒鞋子,150142,107,脚,4,橙/传说,1,0,1,1,37,src/conf/conf_item.erl:34700
3001928,拓荒鞋子,150142,107,脚,4,橙/传说,1,0,1,1,38,src/conf/conf_item.erl:34717
3001929,拓荒鞋子,150142,107,脚,4,橙/传说,1,0,1,1,39,src/conf/conf_item.erl:34734
3001930,拓荒鞋子,150142,107,脚,4,橙/传说,1,0,1,1,40,src/conf/conf_item.erl:34751
3001931,拓荒鞋子,150142,107,脚,4,橙/传说,1,0,1,1,41,src/conf/conf_item.erl:34768
3001932,拓荒鞋子,150142,107,脚,4,橙/传说,1,0,1,1,42,src/conf/conf_item.erl:34785
3001933,拓荒鞋子,150142,107,脚,4,橙/传说,1,0,1,1,43,src/conf/conf_item.erl:34802
3001934,拓荒鞋子,150142,107,脚,4,橙/传说,1,0,1,1,44,src/conf/conf_item.erl:34819
3001935,拓荒鞋子,150142,107,脚,4,橙/传说,1,0,1,1,45,src/conf/conf_item.erl:34836
3001936,拓荒鞋子,150142,107,脚,4,橙/传说,1,0,1,1,46,src/conf/conf_item.erl:34853
3001937,拓荒鞋子,150142,107,脚,4,橙/传说,1,0,1,1,47,src/conf/conf_item.erl:34870
3001938,拓荒鞋子,150142,107,脚,4,橙/传说,1,0,1,1,48,src/conf/conf_item.erl:34887
3001939,拓荒鞋子,150142,107,脚,4,橙/传说,1,0,1,1,49,src/conf/conf_item.erl:34904
3001940,拓荒鞋子,150142,107,脚,4,橙/传说,1,0,1,1,50,src/conf/conf_item.erl:34921
3001941,远征鞋子,150149,107,脚,4,橙/传说,1,0,1,1,51,src/conf/conf_item.erl:34938
3001942,远征鞋子,150149,107,脚,4,橙/传说,1,0,1,1,52,src/conf/conf_item.erl:34955
3001943,远征鞋子,150149,107,脚,4,橙/传说,1,0,1,1,53,src/conf/conf_item.erl:34972
3001944,远征鞋子,150149,107,脚,4,橙/传说,1,0,1,1,54,src/conf/conf_item.erl:34989
3001945,远征鞋子,150149,107,脚,4,橙/传说,1,0,1,1,55,src/conf/conf_item.erl:35006
3001946,远征鞋子,150149,107,脚,4,橙/传说,1,0,1,1,56,src/conf/conf_item.erl:35023
3001947,远征鞋子,150149,107,脚,4,橙/传说,1,0,1,1,57,src/conf/conf_item.erl:35040
3001948,远征鞋子,150149,107,脚,4,橙/传说,1,0,1,1,58,src/conf/conf_item.erl:35057
3001949,远征鞋子,150149,107,脚,4,橙/传说,1,0,1,1,59,src/conf/conf_item.erl:35074
3001950,远征鞋子,150149,107,脚,4,橙/传说,1,0,1,1,60,src/conf/conf_item.erl:35091
3001951,远征鞋子,150149,107,脚,4,橙/传说,1,0,1,1,61,src/conf/conf_item.erl:35108
3001952,远征鞋子,150149,107,脚,4,橙/传说,1,0,1,1,62,src/conf/conf_item.erl:35125
3001953,远征鞋子,150149,107,脚,4,橙/传说,1,0,1,1,63,src/conf/conf_item.erl:35142
3001954,远征鞋子,150149,107,脚,4,橙/传说,1,0,1,1,64,src/conf/conf_item.erl:35159
3001955,远征鞋子,150149,107,脚,4,橙/传说,1,0,1,1,65,src/conf/conf_item.erl:35176
3001956,远征鞋子,150149,107,脚,4,橙/传说,1,0,1,1,66,src/conf/conf_item.erl:35193
3001957,远征鞋子,150149,107,脚,4,橙/传说,1,0,1,1,67,src/conf/conf_item.erl:35210
3001958,远征鞋子,150149,107,脚,4,橙/传说,1,0,1,1,68,src/conf/conf_item.erl:35227
3001959,远征鞋子,150149,107,脚,4,橙/传说,1,0,1,1,69,src/conf/conf_item.erl:35244
3001960,远征鞋子,150149,107,脚,4,橙/传说,1,0,1,1,70,src/conf/conf_item.erl:35261
3001961,破境鞋子,150156,107,脚,4,橙/传说,1,0,1,1,71,src/conf/conf_item.erl:35278
3001962,破境鞋子,150156,107,脚,4,橙/传说,1,0,1,1,72,src/conf/conf_item.erl:35295
3001963,破境鞋子,150156,107,脚,4,橙/传说,1,0,1,1,73,src/conf/conf_item.erl:35312
3001964,破境鞋子,150156,107,脚,4,橙/传说,1,0,1,1,74,src/conf/conf_item.erl:35329
3001965,破境鞋子,150156,107,脚,4,橙/传说,1,0,1,1,75,src/conf/conf_item.erl:35346
3001966,破境鞋子,150156,107,脚,4,橙/传说,1,0,1,1,76,src/conf/conf_item.erl:35363
3001967,破境鞋子,150156,107,脚,4,橙/传说,1,0,1,1,77,src/conf/conf_item.erl:35380
3001968,破境鞋子,150156,107,脚,4,橙/传说,1,0,1,1,78,src/conf/conf_item.erl:35397
3001969,破境鞋子,150156,107,脚,4,橙/传说,1,0,1,1,79,src/conf/conf_item.erl:35414
3001970,破境鞋子,150156,107,脚,4,橙/传说,1,0,1,1,80,src/conf/conf_item.erl:35431
3001971,破境鞋子,150156,107,脚,4,橙/传说,1,0,1,1,81,src/conf/conf_item.erl:35448
3001972,破境鞋子,150156,107,脚,4,橙/传说,1,0,1,1,82,src/conf/conf_item.erl:35465
3001973,破境鞋子,150156,107,脚,4,橙/传说,1,0,1,1,83,src/conf/conf_item.erl:35482
3001974,破境鞋子,150156,107,脚,4,橙/传说,1,0,1,1,84,src/conf/conf_item.erl:35499
3001975,破境鞋子,150156,107,脚,4,橙/传说,1,0,1,1,85,src/conf/conf_item.erl:35516
3001976,破境鞋子,150156,107,脚,4,橙/传说,1,0,1,1,86,src/conf/conf_item.erl:35533
3001977,破境鞋子,150156,107,脚,4,橙/传说,1,0,1,1,87,src/conf/conf_item.erl:35550
3001978,破境鞋子,150156,107,脚,4,橙/传说,1,0,1,1,88,src/conf/conf_item.erl:35567
3001979,破境鞋子,150156,107,脚,4,橙/传说,1,0,1,1,89,src/conf/conf_item.erl:35584
3001980,破境鞋子,150156,107,脚,4,橙/传说,1,0,1,1,90,src/conf/conf_item.erl:35601
3001981,启程项链,150123,109,项链,4,橙/传说,1,0,1,1,1,src/conf/conf_item.erl:35618
3001982,启程项链,150123,109,项链,4,橙/传说,1,0,1,1,2,src/conf/conf_item.erl:35635
3001983,启程项链,150123,109,项链,4,橙/传说,1,0,1,1,3,src/conf/conf_item.erl:35652
3001984,启程项链,150123,109,项链,4,橙/传说,1,0,1,1,4,src/conf/conf_item.erl:35669
3001985,启程项链,150123,109,项链,4,橙/传说,1,0,1,1,5,src/conf/conf_item.erl:35686
3001986,启程项链,150123,109,项链,4,橙/传说,1,0,1,1,6,src/conf/conf_item.erl:35703
3001987,启程项链,150123,109,项链,4,橙/传说,1,0,1,1,7,src/conf/conf_item.erl:35720
3001988,启程项链,150123,109,项链,4,橙/传说,1,0,1,1,8,src/conf/conf_item.erl:35737
3001989,启程项链,150123,109,项链,4,橙/传说,1,0,1,1,9,src/conf/conf_item.erl:35754
3001990,启程项链,150123,109,项链,4,橙/传说,1,0,1,1,10,src/conf/conf_item.erl:35771
3001991,寻路项链,150130,109,项链,4,橙/传说,1,0,1,1,11,src/conf/conf_item.erl:35788
3001992,寻路项链,150130,109,项链,4,橙/传说,1,0,1,1,12,src/conf/conf_item.erl:35805
3001993,寻路项链,150130,109,项链,4,橙/传说,1,0,1,1,13,src/conf/conf_item.erl:35822
3001994,寻路项链,150130,109,项链,4,橙/传说,1,0,1,1,14,src/conf/conf_item.erl:35839
3001995,寻路项链,150130,109,项链,4,橙/传说,1,0,1,1,15,src/conf/conf_item.erl:35856
3001996,寻路项链,150130,109,项链,4,橙/传说,1,0,1,1,16,src/conf/conf_item.erl:35873
3001997,寻路项链,150130,109,项链,4,橙/传说,1,0,1,1,17,src/conf/conf_item.erl:35890
3001998,寻路项链,150130,109,项链,4,橙/传说,1,0,1,1,18,src/conf/conf_item.erl:35907
3001999,寻路项链,150130,109,项链,4,橙/传说,1,0,1,1,19,src/conf/conf_item.erl:35924
3002000,寻路项链,150130,109,项链,4,橙/传说,1,0,1,1,20,src/conf/conf_item.erl:35941
3002001,远行项链,150137,109,项链,4,橙/传说,1,0,1,1,21,src/conf/conf_item.erl:35958
3002002,远行项链,150137,109,项链,4,橙/传说,1,0,1,1,22,src/conf/conf_item.erl:35975
3002003,远行项链,150137,109,项链,4,橙/传说,1,0,1,1,23,src/conf/conf_item.erl:35992
3002004,远行项链,150137,109,项链,4,橙/传说,1,0,1,1,24,src/conf/conf_item.erl:36009
3002005,远行项链,150137,109,项链,4,橙/传说,1,0,1,1,25,src/conf/conf_item.erl:36026
3002006,远行项链,150137,109,项链,4,橙/传说,1,0,1,1,26,src/conf/conf_item.erl:36043
3002007,远行项链,150137,109,项链,4,橙/传说,1,0,1,1,27,src/conf/conf_item.erl:36060
3002008,远行项链,150137,109,项链,4,橙/传说,1,0,1,1,28,src/conf/conf_item.erl:36077
3002009,远行项链,150137,109,项链,4,橙/传说,1,0,1,1,29,src/conf/conf_item.erl:36094
3002010,远行项链,150137,109,项链,4,橙/传说,1,0,1,1,30,src/conf/conf_item.erl:36111
3002011,拓荒项链,150144,109,项链,4,橙/传说,1,0,1,1,31,src/conf/conf_item.erl:36128
3002012,拓荒项链,150144,109,项链,4,橙/传说,1,0,1,1,32,src/conf/conf_item.erl:36145
3002013,拓荒项链,150144,109,项链,4,橙/传说,1,0,1,1,33,src/conf/conf_item.erl:36162
3002014,拓荒项链,150144,109,项链,4,橙/传说,1,0,1,1,34,src/conf/conf_item.erl:36179
3002015,拓荒项链,150144,109,项链,4,橙/传说,1,0,1,1,35,src/conf/conf_item.erl:36196
3002016,拓荒项链,150144,109,项链,4,橙/传说,1,0,1,1,36,src/conf/conf_item.erl:36213
3002017,拓荒项链,150144,109,项链,4,橙/传说,1,0,1,1,37,src/conf/conf_item.erl:36230
3002018,拓荒项链,150144,109,项链,4,橙/传说,1,0,1,1,38,src/conf/conf_item.erl:36247
3002019,拓荒项链,150144,109,项链,4,橙/传说,1,0,1,1,39,src/conf/conf_item.erl:36264
3002020,拓荒项链,150144,109,项链,4,橙/传说,1,0,1,1,40,src/conf/conf_item.erl:36281
3002021,拓荒项链,150144,109,项链,4,橙/传说,1,0,1,1,41,src/conf/conf_item.erl:36298
3002022,拓荒项链,150144,109,项链,4,橙/传说,1,0,1,1,42,src/conf/conf_item.erl:36315
3002023,拓荒项链,150144,109,项链,4,橙/传说,1,0,1,1,43,src/conf/conf_item.erl:36332
3002024,拓荒项链,150144,109,项链,4,橙/传说,1,0,1,1,44,src/conf/conf_item.erl:36349
3002025,拓荒项链,150144,109,项链,4,橙/传说,1,0,1,1,45,src/conf/conf_item.erl:36366
3002026,拓荒项链,150144,109,项链,4,橙/传说,1,0,1,1,46,src/conf/conf_item.erl:36383
3002027,拓荒项链,150144,109,项链,4,橙/传说,1,0,1,1,47,src/conf/conf_item.erl:36400
3002028,拓荒项链,150144,109,项链,4,橙/传说,1,0,1,1,48,src/conf/conf_item.erl:36417
3002029,拓荒项链,150144,109,项链,4,橙/传说,1,0,1,1,49,src/conf/conf_item.erl:36434
3002030,拓荒项链,150144,109,项链,4,橙/传说,1,0,1,1,50,src/conf/conf_item.erl:36451
3002031,远征项链,150151,109,项链,4,橙/传说,1,0,1,1,51,src/conf/conf_item.erl:36468
3002032,远征项链,150151,109,项链,4,橙/传说,1,0,1,1,52,src/conf/conf_item.erl:36485
3002033,远征项链,150151,109,项链,4,橙/传说,1,0,1,1,53,src/conf/conf_item.erl:36502
3002034,远征项链,150151,109,项链,4,橙/传说,1,0,1,1,54,src/conf/conf_item.erl:36519
3002035,远征项链,150151,109,项链,4,橙/传说,1,0,1,1,55,src/conf/conf_item.erl:36536
3002036,远征项链,150151,109,项链,4,橙/传说,1,0,1,1,56,src/conf/conf_item.erl:36553
3002037,远征项链,150151,109,项链,4,橙/传说,1,0,1,1,57,src/conf/conf_item.erl:36570
3002038,远征项链,150151,109,项链,4,橙/传说,1,0,1,1,58,src/conf/conf_item.erl:36587
3002039,远征项链,150151,109,项链,4,橙/传说,1,0,1,1,59,src/conf/conf_item.erl:36604
3002040,远征项链,150151,109,项链,4,橙/传说,1,0,1,1,60,src/conf/conf_item.erl:36621
3002041,远征项链,150151,109,项链,4,橙/传说,1,0,1,1,61,src/conf/conf_item.erl:36638
3002042,远征项链,150151,109,项链,4,橙/传说,1,0,1,1,62,src/conf/conf_item.erl:36655
3002043,远征项链,150151,109,项链,4,橙/传说,1,0,1,1,63,src/conf/conf_item.erl:36672
3002044,远征项链,150151,109,项链,4,橙/传说,1,0,1,1,64,src/conf/conf_item.erl:36689
3002045,远征项链,150151,109,项链,4,橙/传说,1,0,1,1,65,src/conf/conf_item.erl:36706
3002046,远征项链,150151,109,项链,4,橙/传说,1,0,1,1,66,src/conf/conf_item.erl:36723
3002047,远征项链,150151,109,项链,4,橙/传说,1,0,1,1,67,src/conf/conf_item.erl:36740
3002048,远征项链,150151,109,项链,4,橙/传说,1,0,1,1,68,src/conf/conf_item.erl:36757
3002049,远征项链,150151,109,项链,4,橙/传说,1,0,1,1,69,src/conf/conf_item.erl:36774
3002050,远征项链,150151,109,项链,4,橙/传说,1,0,1,1,70,src/conf/conf_item.erl:36791
3002051,破境项链,150158,109,项链,4,橙/传说,1,0,1,1,71,src/conf/conf_item.erl:36808
3002052,破境项链,150158,109,项链,4,橙/传说,1,0,1,1,72,src/conf/conf_item.erl:36825
3002053,破境项链,150158,109,项链,4,橙/传说,1,0,1,1,73,src/conf/conf_item.erl:36842
3002054,破境项链,150158,109,项链,4,橙/传说,1,0,1,1,74,src/conf/conf_item.erl:36859
3002055,破境项链,150158,109,项链,4,橙/传说,1,0,1,1,75,src/conf/conf_item.erl:36876
3002056,破境项链,150158,109,项链,4,橙/传说,1,0,1,1,76,src/conf/conf_item.erl:36893
3002057,破境项链,150158,109,项链,4,橙/传说,1,0,1,1,77,src/conf/conf_item.erl:36910
3002058,破境项链,150158,109,项链,4,橙/传说,1,0,1,1,78,src/conf/conf_item.erl:36927
3002059,破境项链,150158,109,项链,4,橙/传说,1,0,1,1,79,src/conf/conf_item.erl:36944
3002060,破境项链,150158,109,项链,4,橙/传说,1,0,1,1,80,src/conf/conf_item.erl:36961
3002061,破境项链,150158,109,项链,4,橙/传说,1,0,1,1,81,src/conf/conf_item.erl:36978
3002062,破境项链,150158,109,项链,4,橙/传说,1,0,1,1,82,src/conf/conf_item.erl:36995
3002063,破境项链,150158,109,项链,4,橙/传说,1,0,1,1,83,src/conf/conf_item.erl:37012
3002064,破境项链,150158,109,项链,4,橙/传说,1,0,1,1,84,src/conf/conf_item.erl:37029
3002065,破境项链,150158,109,项链,4,橙/传说,1,0,1,1,85,src/conf/conf_item.erl:37046
3002066,破境项链,150158,109,项链,4,橙/传说,1,0,1,1,86,src/conf/conf_item.erl:37063
3002067,破境项链,150158,109,项链,4,橙/传说,1,0,1,1,87,src/conf/conf_item.erl:37080
3002068,破境项链,150158,109,项链,4,橙/传说,1,0,1,1,88,src/conf/conf_item.erl:37097
3002069,破境项链,150158,109,项链,4,橙/传说,1,0,1,1,89,src/conf/conf_item.erl:37114
3002070,破境项链,150158,109,项链,4,橙/传说,1,0,1,1,90,src/conf/conf_item.erl:37131
3002071,启程戒指,150122,108,戒指,4,橙/传说,1,0,1,1,1,src/conf/conf_item.erl:37148
3002072,启程戒指,150122,108,戒指,4,橙/传说,1,0,1,1,2,src/conf/conf_item.erl:37165
3002073,启程戒指,150122,108,戒指,4,橙/传说,1,0,1,1,3,src/conf/conf_item.erl:37182
3002074,启程戒指,150122,108,戒指,4,橙/传说,1,0,1,1,4,src/conf/conf_item.erl:37199
3002075,启程戒指,150122,108,戒指,4,橙/传说,1,0,1,1,5,src/conf/conf_item.erl:37216
3002076,启程戒指,150122,108,戒指,4,橙/传说,1,0,1,1,6,src/conf/conf_item.erl:37233
3002077,启程戒指,150122,108,戒指,4,橙/传说,1,0,1,1,7,src/conf/conf_item.erl:37250
3002078,启程戒指,150122,108,戒指,4,橙/传说,1,0,1,1,8,src/conf/conf_item.erl:37267
3002079,启程戒指,150122,108,戒指,4,橙/传说,1,0,1,1,9,src/conf/conf_item.erl:37284
3002080,启程戒指,150122,108,戒指,4,橙/传说,1,0,1,1,10,src/conf/conf_item.erl:37301
3002081,寻路戒指,150129,108,戒指,4,橙/传说,1,0,1,1,11,src/conf/conf_item.erl:37318
3002082,寻路戒指,150129,108,戒指,4,橙/传说,1,0,1,1,12,src/conf/conf_item.erl:37335
3002083,寻路戒指,150129,108,戒指,4,橙/传说,1,0,1,1,13,src/conf/conf_item.erl:37352
3002084,寻路戒指,150129,108,戒指,4,橙/传说,1,0,1,1,14,src/conf/conf_item.erl:37369
3002085,寻路戒指,150129,108,戒指,4,橙/传说,1,0,1,1,15,src/conf/conf_item.erl:37386
3002086,寻路戒指,150129,108,戒指,4,橙/传说,1,0,1,1,16,src/conf/conf_item.erl:37403
3002087,寻路戒指,150129,108,戒指,4,橙/传说,1,0,1,1,17,src/conf/conf_item.erl:37420
3002088,寻路戒指,150129,108,戒指,4,橙/传说,1,0,1,1,18,src/conf/conf_item.erl:37437
3002089,寻路戒指,150129,108,戒指,4,橙/传说,1,0,1,1,19,src/conf/conf_item.erl:37454
3002090,寻路戒指,150129,108,戒指,4,橙/传说,1,0,1,1,20,src/conf/conf_item.erl:37471
3002091,远行戒指,150136,108,戒指,4,橙/传说,1,0,1,1,21,src/conf/conf_item.erl:37488
3002092,远行戒指,150136,108,戒指,4,橙/传说,1,0,1,1,22,src/conf/conf_item.erl:37505
3002093,远行戒指,150136,108,戒指,4,橙/传说,1,0,1,1,23,src/conf/conf_item.erl:37522
3002094,远行戒指,150136,108,戒指,4,橙/传说,1,0,1,1,24,src/conf/conf_item.erl:37539
3002095,远行戒指,150136,108,戒指,4,橙/传说,1,0,1,1,25,src/conf/conf_item.erl:37556
3002096,远行戒指,150136,108,戒指,4,橙/传说,1,0,1,1,26,src/conf/conf_item.erl:37573
3002097,远行戒指,150136,108,戒指,4,橙/传说,1,0,1,1,27,src/conf/conf_item.erl:37590
3002098,远行戒指,150136,108,戒指,4,橙/传说,1,0,1,1,28,src/conf/conf_item.erl:37607
3002099,远行戒指,150136,108,戒指,4,橙/传说,1,0,1,1,29,src/conf/conf_item.erl:37624
3002100,远行戒指,150136,108,戒指,4,橙/传说,1,0,1,1,30,src/conf/conf_item.erl:37641
3002101,拓荒戒指,150143,108,戒指,4,橙/传说,1,0,1,1,31,src/conf/conf_item.erl:37658
3002102,拓荒戒指,150143,108,戒指,4,橙/传说,1,0,1,1,32,src/conf/conf_item.erl:37675
3002103,拓荒戒指,150143,108,戒指,4,橙/传说,1,0,1,1,33,src/conf/conf_item.erl:37692
3002104,拓荒戒指,150143,108,戒指,4,橙/传说,1,0,1,1,34,src/conf/conf_item.erl:37709
3002105,拓荒戒指,150143,108,戒指,4,橙/传说,1,0,1,1,35,src/conf/conf_item.erl:37726
3002106,拓荒戒指,150143,108,戒指,4,橙/传说,1,0,1,1,36,src/conf/conf_item.erl:37743
3002107,拓荒戒指,150143,108,戒指,4,橙/传说,1,0,1,1,37,src/conf/conf_item.erl:37760
3002108,拓荒戒指,150143,108,戒指,4,橙/传说,1,0,1,1,38,src/conf/conf_item.erl:37777
3002109,拓荒戒指,150143,108,戒指,4,橙/传说,1,0,1,1,39,src/conf/conf_item.erl:37794
3002110,拓荒戒指,150143,108,戒指,4,橙/传说,1,0,1,1,40,src/conf/conf_item.erl:37811
3002111,拓荒戒指,150143,108,戒指,4,橙/传说,1,0,1,1,41,src/conf/conf_item.erl:37828
3002112,拓荒戒指,150143,108,戒指,4,橙/传说,1,0,1,1,42,src/conf/conf_item.erl:37845
3002113,拓荒戒指,150143,108,戒指,4,橙/传说,1,0,1,1,43,src/conf/conf_item.erl:37862
3002114,拓荒戒指,150143,108,戒指,4,橙/传说,1,0,1,1,44,src/conf/conf_item.erl:37879
3002115,拓荒戒指,150143,108,戒指,4,橙/传说,1,0,1,1,45,src/conf/conf_item.erl:37896
3002116,拓荒戒指,150143,108,戒指,4,橙/传说,1,0,1,1,46,src/conf/conf_item.erl:37913
3002117,拓荒戒指,150143,108,戒指,4,橙/传说,1,0,1,1,47,src/conf/conf_item.erl:37930
3002118,拓荒戒指,150143,108,戒指,4,橙/传说,1,0,1,1,48,src/conf/conf_item.erl:37947
3002119,拓荒戒指,150143,108,戒指,4,橙/传说,1,0,1,1,49,src/conf/conf_item.erl:37964
3002120,拓荒戒指,150143,108,戒指,4,橙/传说,1,0,1,1,50,src/conf/conf_item.erl:37981
3002121,远征戒指,150150,108,戒指,4,橙/传说,1,0,1,1,51,src/conf/conf_item.erl:37998
3002122,远征戒指,150150,108,戒指,4,橙/传说,1,0,1,1,52,src/conf/conf_item.erl:38015
3002123,远征戒指,150150,108,戒指,4,橙/传说,1,0,1,1,53,src/conf/conf_item.erl:38032
3002124,远征戒指,150150,108,戒指,4,橙/传说,1,0,1,1,54,src/conf/conf_item.erl:38049
3002125,远征戒指,150150,108,戒指,4,橙/传说,1,0,1,1,55,src/conf/conf_item.erl:38066
3002126,远征戒指,150150,108,戒指,4,橙/传说,1,0,1,1,56,src/conf/conf_item.erl:38083
3002127,远征戒指,150150,108,戒指,4,橙/传说,1,0,1,1,57,src/conf/conf_item.erl:38100
3002128,远征戒指,150150,108,戒指,4,橙/传说,1,0,1,1,58,src/conf/conf_item.erl:38117
3002129,远征戒指,150150,108,戒指,4,橙/传说,1,0,1,1,59,src/conf/conf_item.erl:38134
3002130,远征戒指,150150,108,戒指,4,橙/传说,1,0,1,1,60,src/conf/conf_item.erl:38151
3002131,远征戒指,150150,108,戒指,4,橙/传说,1,0,1,1,61,src/conf/conf_item.erl:38168
3002132,远征戒指,150150,108,戒指,4,橙/传说,1,0,1,1,62,src/conf/conf_item.erl:38185
3002133,远征戒指,150150,108,戒指,4,橙/传说,1,0,1,1,63,src/conf/conf_item.erl:38202
3002134,远征戒指,150150,108,戒指,4,橙/传说,1,0,1,1,64,src/conf/conf_item.erl:38219
3002135,远征戒指,150150,108,戒指,4,橙/传说,1,0,1,1,65,src/conf/conf_item.erl:38236
3002136,远征戒指,150150,108,戒指,4,橙/传说,1,0,1,1,66,src/conf/conf_item.erl:38253
3002137,远征戒指,150150,108,戒指,4,橙/传说,1,0,1,1,67,src/conf/conf_item.erl:38270
3002138,远征戒指,150150,108,戒指,4,橙/传说,1,0,1,1,68,src/conf/conf_item.erl:38287
3002139,远征戒指,150150,108,戒指,4,橙/传说,1,0,1,1,69,src/conf/conf_item.erl:38304
3002140,远征戒指,150150,108,戒指,4,橙/传说,1,0,1,1,70,src/conf/conf_item.erl:38321
3002141,破境戒指,150157,108,戒指,4,橙/传说,1,0,1,1,71,src/conf/conf_item.erl:38338
3002142,破境戒指,150157,108,戒指,4,橙/传说,1,0,1,1,72,src/conf/conf_item.erl:38355
3002143,破境戒指,150157,108,戒指,4,橙/传说,1,0,1,1,73,src/conf/conf_item.erl:38372
3002144,破境戒指,150157,108,戒指,4,橙/传说,1,0,1,1,74,src/conf/conf_item.erl:38389
3002145,破境戒指,150157,108,戒指,4,橙/传说,1,0,1,1,75,src/conf/conf_item.erl:38406
3002146,破境戒指,150157,108,戒指,4,橙/传说,1,0,1,1,76,src/conf/conf_item.erl:38423
3002147,破境戒指,150157,108,戒指,4,橙/传说,1,0,1,1,77,src/conf/conf_item.erl:38440
3002148,破境戒指,150157,108,戒指,4,橙/传说,1,0,1,1,78,src/conf/conf_item.erl:38457
3002149,破境戒指,150157,108,戒指,4,橙/传说,1,0,1,1,79,src/conf/conf_item.erl:38474
3002150,破境戒指,150157,108,戒指,4,橙/传说,1,0,1,1,80,src/conf/conf_item.erl:38491
3002151,破境戒指,150157,108,戒指,4,橙/传说,1,0,1,1,81,src/conf/conf_item.erl:38508
3002152,破境戒指,150157,108,戒指,4,橙/传说,1,0,1,1,82,src/conf/conf_item.erl:38525
3002153,破境戒指,150157,108,戒指,4,橙/传说,1,0,1,1,83,src/conf/conf_item.erl:38542
3002154,破境戒指,150157,108,戒指,4,橙/传说,1,0,1,1,84,src/conf/conf_item.erl:38559
3002155,破境戒指,150157,108,戒指,4,橙/传说,1,0,1,1,85,src/conf/conf_item.erl:38576
3002156,破境戒指,150157,108,戒指,4,橙/传说,1,0,1,1,86,src/conf/conf_item.erl:38593
3002157,破境戒指,150157,108,戒指,4,橙/传说,1,0,1,1,87,src/conf/conf_item.erl:38610
3002158,破境戒指,150157,108,戒指,4,橙/传说,1,0,1,1,88,src/conf/conf_item.erl:38627
3002159,破境戒指,150157,108,戒指,4,橙/传说,1,0,1,1,89,src/conf/conf_item.erl:38644
3002160,破境戒指,150157,108,戒指,4,橙/传说,1,0,1,1,90,src/conf/conf_item.erl:38661
3002161,30级全职业远征之誓头盔,150160,104,头部,5,黄/神铸,1,0,1,1,30,src/conf/conf_item.erl:38678
3002162,30级全职业远征之誓披风,150161,105,披风,5,黄/神铸,1,0,1,1,30,src/conf/conf_item.erl:38695
3002163,30级全职业远征之誓胸甲,150162,106,胸部,5,黄/神铸,1,0,1,1,30,src/conf/conf_item.erl:38712
3002164,30级全职业远征之誓鞋子,150163,107,脚,5,黄/神铸,1,0,1,1,30,src/conf/conf_item.erl:38729
3002165,50级战士百战铁律头盔,150164,104,头部,5,黄/神铸,1,0,1,1,50,src/conf/conf_item.erl:38746
3002166,50级战士百战铁律披风,150165,105,披风,5,黄/神铸,1,0,1,1,50,src/conf/conf_item.erl:38763
3002167,50级战士百战铁律胸甲,150166,106,胸部,5,黄/神铸,1,0,1,1,50,src/conf/conf_item.erl:38780
3002168,50级战士百战铁律鞋子,150167,107,脚,5,黄/神铸,1,0,1,1,50,src/conf/conf_item.erl:38797
3002169,70级战士逆战坚城头盔,150176,104,头部,5,黄/神铸,1,0,1,1,70,src/conf/conf_item.erl:38814
3002170,70级战士逆战坚城披风,150177,105,披风,5,黄/神铸,1,0,1,1,70,src/conf/conf_item.erl:38831
3002171,70级战士逆战坚城胸甲,150178,106,胸部,5,黄/神铸,1,0,1,1,70,src/conf/conf_item.erl:38848
3002172,70级战士逆战坚城鞋子,150179,107,脚,5,黄/神铸,1,0,1,1,70,src/conf/conf_item.erl:38865
3002173,90级战士焚血战魂头盔,150188,104,头部,5,黄/神铸,1,0,1,1,90,src/conf/conf_item.erl:38882
3002174,90级战士焚血战魂披风,150189,105,披风,5,黄/神铸,1,0,1,1,90,src/conf/conf_item.erl:38899
3002175,90级战士焚血战魂胸甲,150190,106,胸部,5,黄/神铸,1,0,1,1,90,src/conf/conf_item.erl:38916
3002176,90级战士焚血战魂鞋子,150191,107,脚,5,黄/神铸,1,0,1,1,90,src/conf/conf_item.erl:38933
3002177,50级牧师圣盾祷歌头盔,150172,104,头部,5,黄/神铸,1,0,1,1,50,src/conf/conf_item.erl:38950
3002178,50级牧师圣盾祷歌披风,150173,105,披风,5,黄/神铸,1,0,1,1,50,src/conf/conf_item.erl:38967
3002179,50级牧师圣盾祷歌胸甲,150174,106,胸部,5,黄/神铸,1,0,1,1,50,src/conf/conf_item.erl:38984
3002180,50级牧师圣盾祷歌鞋子,150175,107,脚,5,黄/神铸,1,0,1,1,50,src/conf/conf_item.erl:39001
3002181,70级牧师守誓圣壁头盔,150184,104,头部,5,黄/神铸,1,0,1,1,70,src/conf/conf_item.erl:39018
3002182,70级牧师守誓圣壁披风,150185,105,披风,5,黄/神铸,1,0,1,1,70,src/conf/conf_item.erl:39035
3002183,70级牧师守誓圣壁胸甲,150186,106,胸部,5,黄/神铸,1,0,1,1,70,src/conf/conf_item.erl:39052
3002184,70级牧师守誓圣壁鞋子,150187,107,脚,5,黄/神铸,1,0,1,1,70,src/conf/conf_item.erl:39069
3002185,90级牧师圣域祷甲头盔,150196,104,头部,5,黄/神铸,1,0,1,1,90,src/conf/conf_item.erl:39086
3002186,90级牧师圣域祷甲披风,150197,105,披风,5,黄/神铸,1,0,1,1,90,src/conf/conf_item.erl:39103
3002187,90级牧师圣域祷甲胸甲,150198,106,胸部,5,黄/神铸,1,0,1,1,90,src/conf/conf_item.erl:39120
3002188,90级牧师圣域祷甲鞋子,150199,107,脚,5,黄/神铸,1,0,1,1,90,src/conf/conf_item.erl:39137
3002189,50级游侠逐风狩影头盔,150168,104,头部,5,黄/神铸,1,0,1,1,50,src/conf/conf_item.erl:39154
3002190,50级游侠逐风狩影披风,150169,105,披风,5,黄/神铸,1,0,1,1,50,src/conf/conf_item.erl:39171
3002191,50级游侠逐风狩影胸甲,150170,106,胸部,5,黄/神铸,1,0,1,1,50,src/conf/conf_item.erl:39188
3002192,50级游侠逐风狩影鞋子,150171,107,脚,5,黄/神铸,1,0,1,1,50,src/conf/conf_item.erl:39205
3002193,70级游侠连矢战律头盔,150180,104,头部,5,黄/神铸,1,0,1,1,70,src/conf/conf_item.erl:39222
3002194,70级游侠连矢战律披风,150181,105,披风,5,黄/神铸,1,0,1,1,70,src/conf/conf_item.erl:39239
3002195,70级游侠连矢战律胸甲,150182,106,胸部,5,黄/神铸,1,0,1,1,70,src/conf/conf_item.erl:39256
3002196,70级游侠连矢战律鞋子,150183,107,脚,5,黄/神铸,1,0,1,1,70,src/conf/conf_item.erl:39273
3002197,90级游侠狂藤猎影头盔,150192,104,头部,5,黄/神铸,1,0,1,1,90,src/conf/conf_item.erl:39290
3002198,90级游侠狂藤猎影披风,150193,105,披风,5,黄/神铸,1,0,1,1,90,src/conf/conf_item.erl:39307
3002199,90级游侠狂藤猎影胸甲,150194,106,胸部,5,黄/神铸,1,0,1,1,90,src/conf/conf_item.erl:39324
3002200,90级游侠狂藤猎影鞋子,150195,107,脚,5,黄/神铸,1,0,1,1,90,src/conf/conf_item.erl:39341
3002201,50级战士百战铁律头盔,150164,104,头部,5,黄/神铸,1,0,1,1,50,src/conf/conf_item.erl:39358
3002202,50级战士百战铁律披风,150165,105,披风,5,黄/神铸,1,0,1,1,50,src/conf/conf_item.erl:39375
3002203,50级战士百战铁律胸甲,150166,106,胸部,5,黄/神铸,1,0,1,1,50,src/conf/conf_item.erl:39392
3002204,50级战士百战铁律鞋子,150167,107,脚,5,黄/神铸,1,0,1,1,50,src/conf/conf_item.erl:39409
3002205,70级战士逆战坚城头盔,150176,104,头部,5,黄/神铸,1,0,1,1,70,src/conf/conf_item.erl:39426
3002206,70级战士逆战坚城披风,150177,105,披风,5,黄/神铸,1,0,1,1,70,src/conf/conf_item.erl:39443
3002207,70级战士逆战坚城胸甲,150178,106,胸部,5,黄/神铸,1,0,1,1,70,src/conf/conf_item.erl:39460
3002208,70级战士逆战坚城鞋子,150179,107,脚,5,黄/神铸,1,0,1,1,70,src/conf/conf_item.erl:39477
3002209,90级战士焚血战魂头盔,150188,104,头部,5,黄/神铸,1,0,1,1,90,src/conf/conf_item.erl:39494
3002210,90级战士焚血战魂披风,150189,105,披风,5,黄/神铸,1,0,1,1,90,src/conf/conf_item.erl:39511
3002211,90级战士焚血战魂胸甲,150190,106,胸部,5,黄/神铸,1,0,1,1,90,src/conf/conf_item.erl:39528
3002212,90级战士焚血战魂鞋子,150191,107,脚,5,黄/神铸,1,0,1,1,90,src/conf/conf_item.erl:39545
3002213,50级牧师圣盾祷歌头盔,150172,104,头部,5,黄/神铸,1,0,1,1,50,src/conf/conf_item.erl:39562
3002214,50级牧师圣盾祷歌披风,150173,105,披风,5,黄/神铸,1,0,1,1,50,src/conf/conf_item.erl:39579
3002215,50级牧师圣盾祷歌胸甲,150174,106,胸部,5,黄/神铸,1,0,1,1,50,src/conf/conf_item.erl:39596
3002216,50级牧师圣盾祷歌鞋子,150175,107,脚,5,黄/神铸,1,0,1,1,50,src/conf/conf_item.erl:39613
3002217,70级牧师守誓圣壁头盔,150184,104,头部,5,黄/神铸,1,0,1,1,70,src/conf/conf_item.erl:39630
3002218,70级牧师守誓圣壁披风,150185,105,披风,5,黄/神铸,1,0,1,1,70,src/conf/conf_item.erl:39647
3002219,70级牧师守誓圣壁胸甲,150186,106,胸部,5,黄/神铸,1,0,1,1,70,src/conf/conf_item.erl:39664
3002220,70级牧师守誓圣壁鞋子,150187,107,脚,5,黄/神铸,1,0,1,1,70,src/conf/conf_item.erl:39681
3002221,90级牧师圣域祷甲头盔,150196,104,头部,5,黄/神铸,1,0,1,1,90,src/conf/conf_item.erl:39698
3002222,90级牧师圣域祷甲披风,150197,105,披风,5,黄/神铸,1,0,1,1,90,src/conf/conf_item.erl:39715
3002223,90级牧师圣域祷甲胸甲,150198,106,胸部,5,黄/神铸,1,0,1,1,90,src/conf/conf_item.erl:39732
3002224,90级牧师圣域祷甲鞋子,150199,107,脚,5,黄/神铸,1,0,1,1,90,src/conf/conf_item.erl:39749
3002225,50级游侠逐风狩影头盔,150168,104,头部,5,黄/神铸,1,0,1,1,50,src/conf/conf_item.erl:39766
3002226,50级游侠逐风狩影披风,150169,105,披风,5,黄/神铸,1,0,1,1,50,src/conf/conf_item.erl:39783
3002227,50级游侠逐风狩影胸甲,150170,106,胸部,5,黄/神铸,1,0,1,1,50,src/conf/conf_item.erl:39800
3002228,50级游侠逐风狩影鞋子,150171,107,脚,5,黄/神铸,1,0,1,1,50,src/conf/conf_item.erl:39817
3002229,70级游侠连矢战律头盔,150180,104,头部,5,黄/神铸,1,0,1,1,70,src/conf/conf_item.erl:39834
3002230,70级游侠连矢战律披风,150181,105,披风,5,黄/神铸,1,0,1,1,70,src/conf/conf_item.erl:39851
3002231,70级游侠连矢战律胸甲,150182,106,胸部,5,黄/神铸,1,0,1,1,70,src/conf/conf_item.erl:39868
3002232,70级游侠连矢战律鞋子,150183,107,脚,5,黄/神铸,1,0,1,1,70,src/conf/conf_item.erl:39885
3002233,90级游侠狂藤猎影头盔,150192,104,头部,5,黄/神铸,1,0,1,1,90,src/conf/conf_item.erl:39902
3002234,90级游侠狂藤猎影披风,150193,105,披风,5,黄/神铸,1,0,1,1,90,src/conf/conf_item.erl:39919
3002235,90级游侠狂藤猎影胸甲,150194,106,胸部,5,黄/神铸,1,0,1,1,90,src/conf/conf_item.erl:39936
3002236,90级游侠狂藤猎影鞋子,150195,107,脚,5,黄/神铸,1,0,1,1,90,src/conf/conf_item.erl:39953
3002237,50级战士百战铁律头盔,150164,104,头部,5,黄/神铸,1,1,1,1,50,src/conf/conf_item.erl:39970
3002238,50级战士百战铁律披风,150165,105,披风,5,黄/神铸,1,1,1,1,50,src/conf/conf_item.erl:39987
3002239,50级战士百战铁律胸甲,150166,106,胸部,5,黄/神铸,1,1,1,1,50,src/conf/conf_item.erl:40004
3002240,50级战士百战铁律鞋子,150167,107,脚,5,黄/神铸,1,1,1,1,50,src/conf/conf_item.erl:40021
3002241,70级战士逆战坚城头盔,150176,104,头部,5,黄/神铸,1,1,1,1,70,src/conf/conf_item.erl:40038
3002242,70级战士逆战坚城披风,150177,105,披风,5,黄/神铸,1,1,1,1,70,src/conf/conf_item.erl:40055
3002243,70级战士逆战坚城胸甲,150178,106,胸部,5,黄/神铸,1,1,1,1,70,src/conf/conf_item.erl:40072
3002244,70级战士逆战坚城鞋子,150179,107,脚,5,黄/神铸,1,1,1,1,70,src/conf/conf_item.erl:40089
3002245,90级战士焚血战魂头盔,150188,104,头部,5,黄/神铸,1,1,1,1,90,src/conf/conf_item.erl:40106
3002246,90级战士焚血战魂披风,150189,105,披风,5,黄/神铸,1,1,1,1,90,src/conf/conf_item.erl:40123
3002247,90级战士焚血战魂胸甲,150190,106,胸部,5,黄/神铸,1,1,1,1,90,src/conf/conf_item.erl:40140
3002248,90级战士焚血战魂鞋子,150191,107,脚,5,黄/神铸,1,1,1,1,90,src/conf/conf_item.erl:40157
3002249,50级牧师圣盾祷歌头盔,150172,104,头部,5,黄/神铸,1,1,1,1,50,src/conf/conf_item.erl:40174
3002250,50级牧师圣盾祷歌披风,150173,105,披风,5,黄/神铸,1,1,1,1,50,src/conf/conf_item.erl:40191
3002251,50级牧师圣盾祷歌胸甲,150174,106,胸部,5,黄/神铸,1,1,1,1,50,src/conf/conf_item.erl:40208
3002252,50级牧师圣盾祷歌鞋子,150175,107,脚,5,黄/神铸,1,1,1,1,50,src/conf/conf_item.erl:40225
3002253,70级牧师守誓圣壁头盔,150184,104,头部,5,黄/神铸,1,1,1,1,70,src/conf/conf_item.erl:40242
3002254,70级牧师守誓圣壁披风,150185,105,披风,5,黄/神铸,1,1,1,1,70,src/conf/conf_item.erl:40259
3002255,70级牧师守誓圣壁胸甲,150186,106,胸部,5,黄/神铸,1,1,1,1,70,src/conf/conf_item.erl:40276
3002256,70级牧师守誓圣壁鞋子,150187,107,脚,5,黄/神铸,1,1,1,1,70,src/conf/conf_item.erl:40293
3002257,90级牧师圣域祷甲头盔,150196,104,头部,5,黄/神铸,1,1,1,1,90,src/conf/conf_item.erl:40310
3002258,90级牧师圣域祷甲披风,150197,105,披风,5,黄/神铸,1,1,1,1,90,src/conf/conf_item.erl:40327
3002259,90级牧师圣域祷甲胸甲,150198,106,胸部,5,黄/神铸,1,1,1,1,90,src/conf/conf_item.erl:40344
3002260,90级牧师圣域祷甲鞋子,150199,107,脚,5,黄/神铸,1,1,1,1,90,src/conf/conf_item.erl:40361
3002261,50级游侠逐风狩影头盔,150168,104,头部,5,黄/神铸,1,1,1,1,50,src/conf/conf_item.erl:40378
3002262,50级游侠逐风狩影披风,150169,105,披风,5,黄/神铸,1,1,1,1,50,src/conf/conf_item.erl:40395
3002263,50级游侠逐风狩影胸甲,150170,106,胸部,5,黄/神铸,1,1,1,1,50,src/conf/conf_item.erl:40412
3002264,50级游侠逐风狩影鞋子,150171,107,脚,5,黄/神铸,1,1,1,1,50,src/conf/conf_item.erl:40429
3002265,70级游侠连矢战律头盔,150180,104,头部,5,黄/神铸,1,1,1,1,70,src/conf/conf_item.erl:40446
3002266,70级游侠连矢战律披风,150181,105,披风,5,黄/神铸,1,1,1,1,70,src/conf/conf_item.erl:40463
3002267,70级游侠连矢战律胸甲,150182,106,胸部,5,黄/神铸,1,1,1,1,70,src/conf/conf_item.erl:40480
3002268,70级游侠连矢战律鞋子,150183,107,脚,5,黄/神铸,1,1,1,1,70,src/conf/conf_item.erl:40497
3002269,90级游侠狂藤猎影头盔,150192,104,头部,5,黄/神铸,1,1,1,1,90,src/conf/conf_item.erl:40514
3002270,90级游侠狂藤猎影披风,150193,105,披风,5,黄/神铸,1,1,1,1,90,src/conf/conf_item.erl:40531
3002271,90级游侠狂藤猎影胸甲,150194,106,胸部,5,黄/神铸,1,1,1,1,90,src/conf/conf_item.erl:40548
3002272,90级游侠狂藤猎影鞋子,150195,107,脚,5,黄/神铸,1,1,1,1,90,src/conf/conf_item.erl:40565
3002273,镇岳戒指,150049,108,戒指,5,黄/神铸,1,0,1,1,30,src/conf/conf_item.erl:40582
3002274,逐风戒指,150051,108,戒指,5,黄/神铸,1,0,1,1,30,src/conf/conf_item.erl:40599
3002275,回风项链,150053,109,项链,5,黄/神铸,1,0,1,1,30,src/conf/conf_item.erl:40616
3002276,锐星项链,150055,109,项链,5,黄/神铸,1,0,1,1,30,src/conf/conf_item.erl:40633
3002277,战魂戒指,150057,108,戒指,5,黄/神铸,1,0,1,1,50,src/conf/conf_item.erl:40650
3002278,风翎戒指,150059,108,戒指,5,黄/神铸,1,0,1,1,50,src/conf/conf_item.erl:40667
3002279,圣环戒指,150061,108,戒指,5,黄/神铸,1,0,1,1,50,src/conf/conf_item.erl:40684
3002280,圣泉戒指,150063,108,戒指,5,黄/神铸,1,0,1,1,50,src/conf/conf_item.erl:40701
3002281,掠影戒指,150065,108,戒指,5,黄/神铸,1,0,1,1,50,src/conf/conf_item.erl:40718
3002282,蛇牙戒指,150067,108,戒指,5,黄/神铸,1,0,1,1,50,src/conf/conf_item.erl:40735
3002283,战潮项链,150069,109,项链,5,黄/神铸,1,0,1,1,50,src/conf/conf_item.erl:40752
3002284,鹰眼项链,150071,109,项链,5,黄/神铸,1,0,1,1,50,src/conf/conf_item.erl:40769
3002285,晨祷项链,150073,109,项链,5,黄/神铸,1,0,1,1,50,src/conf/conf_item.erl:40786
3002286,宣判项链,150075,109,项链,5,黄/神铸,1,0,1,1,50,src/conf/conf_item.erl:40803
3002287,不屈项链,150077,109,项链,5,黄/神铸,1,0,1,1,50,src/conf/conf_item.erl:40820
3002288,狂锋项链,150079,109,项链,5,黄/神铸,1,0,1,1,50,src/conf/conf_item.erl:40837
3002289,逆焰戒指,150081,108,戒指,5,黄/神铸,1,0,1,1,70,src/conf/conf_item.erl:40854
3002290,繁生戒指,150083,108,戒指,5,黄/神铸,1,0,1,1,70,src/conf/conf_item.erl:40871
3002291,霜坠戒指,150085,108,戒指,5,黄/神铸,1,0,1,1,70,src/conf/conf_item.erl:40888
3002292,灼心项链,150087,109,项链,5,黄/神铸,1,0,1,1,70,src/conf/conf_item.erl:40905
3002293,逐叶项链,150089,109,项链,5,黄/神铸,1,0,1,1,70,src/conf/conf_item.erl:40922
3002294,回澜项链,150091,109,项链,5,黄/神铸,1,0,1,1,70,src/conf/conf_item.erl:40939
3002295,残火戒指,150093,108,戒指,5,黄/神铸,1,0,1,1,90,src/conf/conf_item.erl:40956
3002296,斩炎戒指,150095,108,戒指,5,黄/神铸,1,0,1,1,90,src/conf/conf_item.erl:40973
3002297,毒藤戒指,150097,108,戒指,5,黄/神铸,1,0,1,1,90,src/conf/conf_item.erl:40990
3002298,藤蔓戒指,150099,108,戒指,5,黄/神铸,1,0,1,1,90,src/conf/conf_item.erl:41007
3002299,慷慨之戒,150101,108,戒指,5,黄/神铸,1,0,1,1,90,src/conf/conf_item.erl:41024
3002300,裁决之戒,150103,108,戒指,5,黄/神铸,1,0,1,1,90,src/conf/conf_item.erl:41041
3002301,愤怒项链,150105,109,项链,5,黄/神铸,1,0,1,1,90,src/conf/conf_item.erl:41058
3002302,动量项链,150107,109,项链,5,黄/神铸,1,0,1,1,90,src/conf/conf_item.erl:41075
3002303,藤蔓项链,150109,109,项链,5,黄/神铸,1,0,1,1,90,src/conf/conf_item.erl:41092
3002304,寄生之心,150111,109,项链,5,黄/神铸,1,0,1,1,90,src/conf/conf_item.erl:41109
3002305,正义之心,150113,109,项链,5,黄/神铸,1,0,1,1,90,src/conf/conf_item.erl:41126
3002306,救赎之心,150115,109,项链,5,黄/神铸,1,0,1,1,90,src/conf/conf_item.erl:41143
3002307,战魂戒指,150057,108,戒指,5,黄/神铸,1,0,1,1,50,src/conf/conf_item.erl:41160
3002308,风翎戒指,150059,108,戒指,5,黄/神铸,1,0,1,1,50,src/conf/conf_item.erl:41177
3002309,圣环戒指,150061,108,戒指,5,黄/神铸,1,0,1,1,50,src/conf/conf_item.erl:41194
3002310,圣泉戒指,150063,108,戒指,5,黄/神铸,1,0,1,1,50,src/conf/conf_item.erl:41211
3002311,掠影戒指,150065,108,戒指,5,黄/神铸,1,0,1,1,50,src/conf/conf_item.erl:41228
3002312,蛇牙戒指,150067,108,戒指,5,黄/神铸,1,0,1,1,50,src/conf/conf_item.erl:41245
3002313,战潮项链,150069,109,项链,5,黄/神铸,1,0,1,1,50,src/conf/conf_item.erl:41262
3002314,鹰眼项链,150071,109,项链,5,黄/神铸,1,0,1,1,50,src/conf/conf_item.erl:41279
3002315,晨祷项链,150073,109,项链,5,黄/神铸,1,0,1,1,50,src/conf/conf_item.erl:41296
3002316,宣判项链,150075,109,项链,5,黄/神铸,1,0,1,1,50,src/conf/conf_item.erl:41313
3002317,不屈项链,150077,109,项链,5,黄/神铸,1,0,1,1,50,src/conf/conf_item.erl:41330
3002318,狂锋项链,150079,109,项链,5,黄/神铸,1,0,1,1,50,src/conf/conf_item.erl:41347
3002319,逆焰戒指,150081,108,戒指,5,黄/神铸,1,0,1,1,70,src/conf/conf_item.erl:41364
3002320,繁生戒指,150083,108,戒指,5,黄/神铸,1,0,1,1,70,src/conf/conf_item.erl:41381
3002321,霜坠戒指,150085,108,戒指,5,黄/神铸,1,0,1,1,70,src/conf/conf_item.erl:41398
3002322,灼心项链,150087,109,项链,5,黄/神铸,1,0,1,1,70,src/conf/conf_item.erl:41415
3002323,逐叶项链,150089,109,项链,5,黄/神铸,1,0,1,1,70,src/conf/conf_item.erl:41432
3002324,回澜项链,150091,109,项链,5,黄/神铸,1,0,1,1,70,src/conf/conf_item.erl:41449
3002325,残火戒指,150093,108,戒指,5,黄/神铸,1,0,1,1,90,src/conf/conf_item.erl:41466
3002326,斩炎戒指,150095,108,戒指,5,黄/神铸,1,0,1,1,90,src/conf/conf_item.erl:41483
3002327,毒藤戒指,150097,108,戒指,5,黄/神铸,1,0,1,1,90,src/conf/conf_item.erl:41500
3002328,藤蔓戒指,150099,108,戒指,5,黄/神铸,1,0,1,1,90,src/conf/conf_item.erl:41517
3002329,慷慨之戒,150101,108,戒指,5,黄/神铸,1,0,1,1,90,src/conf/conf_item.erl:41534
3002330,裁决之戒,150103,108,戒指,5,黄/神铸,1,0,1,1,90,src/conf/conf_item.erl:41551
3002331,愤怒项链,150105,109,项链,5,黄/神铸,1,0,1,1,90,src/conf/conf_item.erl:41568
3002332,动量项链,150107,109,项链,5,黄/神铸,1,0,1,1,90,src/conf/conf_item.erl:41585
3002333,藤蔓项链,150109,109,项链,5,黄/神铸,1,0,1,1,90,src/conf/conf_item.erl:41602
3002334,寄生之心,150111,109,项链,5,黄/神铸,1,0,1,1,90,src/conf/conf_item.erl:41619
3002335,正义之心,150113,109,项链,5,黄/神铸,1,0,1,1,90,src/conf/conf_item.erl:41636
3002336,救赎之心,150115,109,项链,5,黄/神铸,1,0,1,1,90,src/conf/conf_item.erl:41653
3002337,战魂戒指,150057,108,戒指,5,黄/神铸,1,1,1,1,50,src/conf/conf_item.erl:41670
3002338,风翎戒指,150059,108,戒指,5,黄/神铸,1,1,1,1,50,src/conf/conf_item.erl:41687
3002339,圣环戒指,150061,108,戒指,5,黄/神铸,1,1,1,1,50,src/conf/conf_item.erl:41704
3002340,圣泉戒指,150063,108,戒指,5,黄/神铸,1,1,1,1,50,src/conf/conf_item.erl:41721
3002341,掠影戒指,150065,108,戒指,5,黄/神铸,1,1,1,1,50,src/conf/conf_item.erl:41738
3002342,蛇牙戒指,150067,108,戒指,5,黄/神铸,1,1,1,1,50,src/conf/conf_item.erl:41755
3002343,战潮项链,150069,109,项链,5,黄/神铸,1,1,1,1,50,src/conf/conf_item.erl:41772
3002344,鹰眼项链,150071,109,项链,5,黄/神铸,1,1,1,1,50,src/conf/conf_item.erl:41789
3002345,晨祷项链,150073,109,项链,5,黄/神铸,1,1,1,1,50,src/conf/conf_item.erl:41806
3002346,宣判项链,150075,109,项链,5,黄/神铸,1,1,1,1,50,src/conf/conf_item.erl:41823
3002347,不屈项链,150077,109,项链,5,黄/神铸,1,1,1,1,50,src/conf/conf_item.erl:41840
3002348,狂锋项链,150079,109,项链,5,黄/神铸,1,1,1,1,50,src/conf/conf_item.erl:41857
3002349,逆焰戒指,150081,108,戒指,5,黄/神铸,1,1,1,1,70,src/conf/conf_item.erl:41874
3002350,繁生戒指,150083,108,戒指,5,黄/神铸,1,1,1,1,70,src/conf/conf_item.erl:41891
3002351,霜坠戒指,150085,108,戒指,5,黄/神铸,1,1,1,1,70,src/conf/conf_item.erl:41908
3002352,灼心项链,150087,109,项链,5,黄/神铸,1,1,1,1,70,src/conf/conf_item.erl:41925
3002353,逐叶项链,150089,109,项链,5,黄/神铸,1,1,1,1,70,src/conf/conf_item.erl:41942
3002354,回澜项链,150091,109,项链,5,黄/神铸,1,1,1,1,70,src/conf/conf_item.erl:41959
3002355,残火戒指,150093,108,戒指,5,黄/神铸,1,1,1,1,90,src/conf/conf_item.erl:41976
3002356,斩炎戒指,150095,108,戒指,5,黄/神铸,1,1,1,1,90,src/conf/conf_item.erl:41993
3002357,毒藤戒指,150097,108,戒指,5,黄/神铸,1,1,1,1,90,src/conf/conf_item.erl:42010
3002358,藤蔓戒指,150099,108,戒指,5,黄/神铸,1,1,1,1,90,src/conf/conf_item.erl:42027
3002359,慷慨之戒,150101,108,戒指,5,黄/神铸,1,1,1,1,90,src/conf/conf_item.erl:42044
3002360,裁决之戒,150103,108,戒指,5,黄/神铸,1,1,1,1,90,src/conf/conf_item.erl:42061
3002361,愤怒项链,150105,109,项链,5,黄/神铸,1,1,1,1,90,src/conf/conf_item.erl:42078
3002362,动量项链,150107,109,项链,5,黄/神铸,1,1,1,1,90,src/conf/conf_item.erl:42095
3002363,藤蔓项链,150109,109,项链,5,黄/神铸,1,1,1,1,90,src/conf/conf_item.erl:42112
3002364,寄生之心,150111,109,项链,5,黄/神铸,1,1,1,1,90,src/conf/conf_item.erl:42129
3002365,正义之心,150113,109,项链,5,黄/神铸,1,1,1,1,90,src/conf/conf_item.erl:42146
3002366,救赎之心,150115,109,项链,5,黄/神铸,1,1,1,1,90,src/conf/conf_item.erl:42163
3002367,蕴潮戒指,150293,108,戒指,5,黄/神铸,1,0,1,1,30,src/conf/conf_item.erl:42180
3002368,恒流戒指,150294,108,戒指,5,黄/神铸,1,0,1,1,30,src/conf/conf_item.erl:42197
3002369,双生项链,150295,109,项链,5,黄/神铸,1,0,1,1,30,src/conf/conf_item.erl:42214
3002370,流矢项链,150296,109,项链,5,黄/神铸,1,0,1,1,30,src/conf/conf_item.erl:42231
3002371,镇岳戒指,150049,108,戒指,5,黄/神铸,1,0,1,1,30,src/conf/conf_item.erl:42248
3002372,逐风戒指,150051,108,戒指,5,黄/神铸,1,0,1,1,30,src/conf/conf_item.erl:42265
3002373,回风项链,150053,109,项链,5,黄/神铸,1,0,1,1,30,src/conf/conf_item.erl:42282
3002374,锐星项链,150055,109,项链,5,黄/神铸,1,0,1,1,30,src/conf/conf_item.erl:42299
3002375,蕴潮戒指,150293,108,戒指,5,黄/神铸,1,0,1,1,30,src/conf/conf_item.erl:42316
3002376,恒流戒指,150294,108,戒指,5,黄/神铸,1,0,1,1,30,src/conf/conf_item.erl:42333
3002377,双生项链,150295,109,项链,5,黄/神铸,1,0,1,1,30,src/conf/conf_item.erl:42350
3002378,流矢项链,150296,109,项链,5,黄/神铸,1,0,1,1,30,src/conf/conf_item.erl:42367
3002379,镇岳戒指,150049,108,戒指,5,黄/神铸,1,1,1,1,30,src/conf/conf_item.erl:42384
3002380,逐风戒指,150051,108,戒指,5,黄/神铸,1,1,1,1,30,src/conf/conf_item.erl:42401
3002381,回风项链,150053,109,项链,5,黄/神铸,1,1,1,1,30,src/conf/conf_item.erl:42418
3002382,锐星项链,150055,109,项链,5,黄/神铸,1,1,1,1,30,src/conf/conf_item.erl:42435
3002383,蕴潮戒指,150293,108,戒指,5,黄/神铸,1,1,1,1,30,src/conf/conf_item.erl:42452
3002384,恒流戒指,150294,108,戒指,5,黄/神铸,1,1,1,1,30,src/conf/conf_item.erl:42469
3002385,双生项链,150295,109,项链,5,黄/神铸,1,1,1,1,30,src/conf/conf_item.erl:42486
3002386,流矢项链,150296,109,项链,5,黄/神铸,1,1,1,1,30,src/conf/conf_item.erl:42503
3002387,30级全职业远征之誓头盔,150160,104,头部,5,黄/神铸,1,0,1,1,30,src/conf/conf_item.erl:42520
3002388,30级全职业远征之誓披风,150161,105,披风,5,黄/神铸,1,0,1,1,30,src/conf/conf_item.erl:42537
3002389,30级全职业远征之誓胸甲,150162,106,胸部,5,黄/神铸,1,0,1,1,30,src/conf/conf_item.erl:42554
3002390,30级全职业远征之誓鞋子,150163,107,脚,5,黄/神铸,1,0,1,1,30,src/conf/conf_item.erl:42571
3002391,30级全职业远征之誓头盔,150160,104,头部,5,黄/神铸,1,1,1,1,30,src/conf/conf_item.erl:42588
3002392,30级全职业远征之誓披风,150161,105,披风,5,黄/神铸,1,1,1,1,30,src/conf/conf_item.erl:42605
3002393,30级全职业远征之誓胸甲,150162,106,胸部,5,黄/神铸,1,1,1,1,30,src/conf/conf_item.erl:42622
3002394,30级全职业远征之誓鞋子,150163,107,脚,5,黄/神铸,1,1,1,1,30,src/conf/conf_item.erl:42639
7000001,战技领悟·一式,10902,110,技能物品类型,4,橙/传说,2,0,1,1,"510510, 530210, 520210",src/conf/conf_item.erl:42656
7000002,战技领悟·二式,10903,110,技能物品类型,4,橙/传说,2,0,1,1,"510910, 530310, 520310",src/conf/conf_item.erl:42673
7000003,核心技能领悟,10904,110,技能物品类型,5,黄/神铸,2,0,1,1,"510110, 530110, 520110",src/conf/conf_item.erl:42690
7000004,核心魂珠·对群,10914,110,技能物品类型,5,黄/神铸,2,0,1,1,"510120, 530130, 520130",src/conf/conf_item.erl:42707
7000005,战技魂珠·二式,10915,110,技能物品类型,4,橙/传说,2,0,1,1,"510530, 530230, 520230",src/conf/conf_item.erl:42724
7000006,被动领悟·一式,10916,110,技能物品类型,4,橙/传说,2,0,1,1,"513110, 533110, 523110",src/conf/conf_item.erl:42741
7000007,被动领悟·二式,10917,110,技能物品类型,4,橙/传说,2,0,1,1,"513111, 533111, 523111",src/conf/conf_item.erl:42758
7000008,炎祸,10918,110,技能物品类型,4,橙/传说,2,0,1,1,510510,src/conf/conf_item.erl:42775
7000009,惩戒之锤,10919,110,技能物品类型,4,橙/传说,2,0,1,1,530210,src/conf/conf_item.erl:42792
7000010,丛林之舞,10920,110,技能物品类型,4,橙/传说,2,0,1,1,520210,src/conf/conf_item.erl:42809
7000011,盛怒,10921,110,技能物品类型,4,橙/传说,2,0,1,1,510910,src/conf/conf_item.erl:42826
7000012,流源祝福,10922,110,技能物品类型,4,橙/传说,2,0,1,1,530310,src/conf/conf_item.erl:42843
7000013,寄生,10923,110,技能物品类型,4,橙/传说,2,0,1,1,520310,src/conf/conf_item.erl:42860
7000014,烈焰风车,10924,110,技能物品类型,5,黄/神铸,2,0,1,1,510110,src/conf/conf_item.erl:42877
7000015,神圣之锤,10925,110,技能物品类型,5,黄/神铸,2,0,1,1,530110,src/conf/conf_item.erl:42894
7000016,疯藤乱舞,10926,110,技能物品类型,5,黄/神铸,2,0,1,1,520110,src/conf/conf_item.erl:42911
8000001,仙人掌之王,10929,111,宠物物品类型,4,橙/传说,2,0,1,1,8000001,src/conf/conf_item.erl:42928
